{"type":"FeatureCollection","features":[{"type":"Feature","geometry":{"type":"Polygon","coordinates":[[[147.0351,-36.115],[147.0531,-36.1077],[147.0618,-36.0662],[147.0991,-36.042],[147.0801,-36.0001],[147.057,-35.9842],[147.048,-35.9452],[146.9971,-35.9189],[146.9688,-35.9139],[146.9624,-35.9406],[146.9349,-35.9475],[146.9528,-35.9854],[146.9446,-35.9936],[146.8489,-36.0241],[146.8347,-36.0156],[146.8145,-36.0709],[146.8255,-36.0708],[146.8255,-36.0888],[146.8572,-36.0849],[146.8651,-36.0729],[146.8806,-36.0875],[146.9051,-36.0839],[146.9078,-36.1113],[146.9268,-36.0972],[146.9437,-36.116],[146.9563,-36.0782],[146.9813,-36.0949],[147.0069,-36.0836],[147.0135,-36.1047],[147.0228,-36.0999],[147.0351,-36.115]]]},"properties":{"lga_code_2024":"10050","lga_name_2024":"Albury","state_name_2021":"New South Wales"},"id":10050},{"type":"Feature","geometry":{"type":"Polygon","coordinates":[[[152.4003,-30.5009],[152.4084,-30.4893],[152.3932,-30.4764],[152.3921,-30.4429],[152.4172,-30.4368],[152.4281,-30.4189],[152.3875,-30.3832],[152.3819,-30.3626],[152.3518,-30.3554],[152.3373,-30.2582],[152.3504,-30.2352],[152.3105,-30.2008],[152.3171,-30.1821],[152.3032,-30.1792],[152.3166,-30.1617],[152.3049,-30.1614],[152.2983,-30.1171],[152.2794,-30.0992],[152.2999,-30.0711],[152.2946,-30.0408],[152.3152,-30.0342],[152.3169,-30.0015],[152.3006,-29.9854],[152.308,-29.9802],[152.275,-29.9604],[152.2722,-29.9417],[152.2602,-29.9585],[152.267,-29.9664],[152.2452,-29.9665],[152.2473,-29.981],[152.2232,-29.9882],[152.1981,-29.9779],[152.19,-29.9636],[152.198,-29.9552],[152.1811,-29.9513],[152.1875,-29.9448],[152.1372,-29.9506],[152.1293,-29.9581],[152.1474,-30.0168],[152.1362,-30.0213],[152.1103,-29.9959],[152.0807,-30.014],[152.0571,-30.0028],[152.0477,-30.0136],[151.9844,-30.0048],[151.9443,-30.016],[151.9265,-30.0028],[151.9048,-30.0221],[151.8514,-30.0064],[151.6836,-30.0074],[151.6732,-30.0184],[151.6575,-30.0028],[151.6643,-29.9808],[151.6455,-29.9827],[151.6197,-29.952],[151.5869,-29.9408],[151.4952,-29.9874],[151.4498,-29.9971],[151.3704,-29.94],[151.3683,-29.9672],[151.3297,-29.9627],[151.3246,-29.9911],[151.3082,-29.989],[151.3047,-30.008],[151.2769,-30.0043],[151.2717,-30.0331],[151.2583,-30.0285],[151.2571,-30.1059],[151.2722,-30.0992],[151.2902,-30.113],[151.2908,-30.1439],[151.3052,-30.146],[151.2922,-30.1715],[151.3168,-30.1656],[151.3105,-30.2237],[151.3268,-30.2261],[151.304,-30.2652],[151.323,-30.2674],[151.3468,-30.305],[151.3242,-30.3367],[151.3467,-30.3398],[151.3606,-30.3636],[151.3977,-30.3691],[151.403,-30.3866],[151.4515,-30.3943],[151.4611,-30.4185],[151.4478,-30.4282],[151.4656,-30.4514],[151.4726,-30.4372],[151.5286,-30.4413],[151.5357,-30.4622],[151.5834,-30.4972],[151.5828,-30.5514],[151.6397,-30.5938],[151.6423,-30.6362],[151.6712,-30.6666],[151.714,-30.6826],[151.7157,-30.6724],[151.7502,-30.6723],[151.7747,-30.6861],[151.738,-30.6919],[151.7345,-30.7172],[151.7199,-30.7152],[151.7306,-30.7414],[151.7199,-30.7958],[151.7755,-30.7771],[151.836,-30.786],[151.9028,-30.7645],[151.9317,-30.7685],[151.9368,-30.757],[151.9524,-30.7948],[151.9638,-30.7936],[151.9596,-30.8036],[152.0044,-30.8119],[152.0158,-30.801],[152.0158,-30.825],[152.0335,-30.8437],[152.049,-30.8395],[152.039,-30.8611],[152.084,-30.8433],[152.1176,-30.8695],[152.1259,-30.8593],[152.1502,-30.8673],[152.1775,-30.9152],[152.2957,-30.931],[152.2872,-30.9],[152.2995,-30.8662],[152.2868,-30.8299],[152.317,-30.7926],[152.3439,-30.7919],[152.3758,-30.7399],[152.3584,-30.6842],[152.3693,-30.6589],[152.3369,-30.6405],[152.3117,-30.6002],[152.3863,-30.5297],[152.385,-30.5067],[152.4003,-30.5009]]]},"properties":{"lga_code_2024":"10180","lga_name_2024":"Armidale","state_name_2021":"New South Wales"},"id":10180},{"type":"Feature","geometry":{"type":"Polygon","coordinates":[[[153.4358,-29.0011],[153.4835,-28.9907],[153.5901,-28.8776],[153.5707,-28.8851],[153.5269,-28.8729],[153.5768,-28.8698],[153.5634,-28.8471],[153.5749,-28.8402],[153.577,-28.8684],[153.592,-28.8756],[153.6088,-28.8433],[153.5945,-28.7931],[153.6051,-28.7457],[153.5813,-28.7332],[153.575,-28.712],[153.5425,-28.7043],[153.5169,-28.7257],[153.4859,-28.7267],[153.4885,-28.754],[153.4781,-28.7499],[153.4629,-28.7656],[153.4496,-28.755],[153.4268,-28.7945],[153.4022,-28.7851],[153.3819,-28.8001],[153.3963,-28.843],[153.3632,-28.8806],[153.3648,-28.8994],[153.3886,-28.9167],[153.3755,-28.9539],[153.4358,-29.0011]],[[153.5711,-28.8738],[153.5712,-28.8728],[153.572,-28.8736],[153.5711,-28.8738]]]},"properties":{"lga_code_2024":"10250","lga_name_2024":"Ballina","state_name_2021":"New South Wales"},"id":10250},{"type":"Feature","geometry":{"type":"Polygon","coordinates":[[[142.4704,-34.5913],[142.464,-34.6267],[142.4523,-34.6328],[142.4838,-34.6367],[142.473,-34.6702],[142.4931,-34.6722],[142.487,-34.6634],[142.5057,-34.6569],[142.5161,-34.6643],[142.4974,-34.6743],[142.5137,-34.6922],[142.4997,-34.7031],[142.5189,-34.7029],[142.4997,-34.7394],[142.5567,-34.7754],[142.5672,-34.7669],[142.6259,-34.7855],[142.6464,-34.7635],[142.6205,-34.7571],[142.6183,-34.7288],[142.6373,-34.735],[142.6614,-34.7217],[142.679,-34.7392],[142.6786,-34.7223],[142.6994,-34.7245],[142.6845,-34.7141],[142.6911,-34.7014],[142.6789,-34.6808],[142.6841,-34.6709],[142.7108,-34.6758],[142.6892,-34.6525],[142.7088,-34.6227],[142.6895,-34.6183],[142.704,-34.6135],[142.7002,-34.599],[142.7592,-34.6001],[142.7483,-34.5768],[142.7838,-34.5791],[142.7702,-34.568],[142.7915,-34.5464],[142.8101,-34.5609],[142.7869,-34.5894],[142.7979,-34.5976],[142.8106,-34.5893],[142.8033,-34.6071],[142.8183,-34.6124],[142.8238,-34.6005],[142.8407,-34.6258],[142.8683,-34.6275],[142.8554,-34.6387],[142.8719,-34.6503],[142.8606,-34.6652],[142.8868,-34.6798],[142.9015,-34.655],[142.9238,-34.6479],[142.9489,-34.6697],[142.9593,-34.665],[142.9727,-34.6952],[142.9824,-34.6827],[142.9753,-34.6709],[142.9894,-34.6626],[142.9946,-34.6739],[143.0173,-34.6737],[143.0102,-34.6937],[143.0325,-34.6829],[143.0395,-34.7026],[143.0404,-34.6859],[143.0548,-34.6989],[143.0708,-34.6784],[143.0762,-34.696],[143.0928,-34.7013],[143.1123,-34.6809],[143.1211,-34.6875],[143.1071,-34.7016],[143.1276,-34.6927],[143.118,-34.703],[143.1474,-34.7148],[143.1617,-34.6979],[143.1654,-34.7181],[143.181,-34.7095],[143.2001,-34.7171],[143.2009,-34.7334],[143.2188,-34.7295],[143.2244,-34.7587],[143.2407,-34.7455],[143.2489,-34.7579],[143.274,-34.7527],[143.2521,-34.7728],[143.273,-34.7764],[143.2767,-34.7923],[143.3088,-34.7799],[143.3493,-34.7924],[143.3596,-34.8169],[143.3412,-34.8463],[143.3555,-34.847],[143.3452,-34.8535],[143.3523,-34.8744],[143.3735,-34.859],[143.371,-34.8729],[143.3952,-34.8684],[143.4175,-34.8948],[143.447,-34.8974],[143.4492,-34.9096],[143.4718,-34.9055],[143.4823,-34.9202],[143.466,-34.926],[143.4807,-34.9484],[143.4741,-34.9679],[143.491,-34.9724],[143.5087,-34.8217],[143.5402,-34.7622],[143.5416,-34.7317],[143.5748,-34.7356],[143.5933,-34.7064],[143.5839,-34.6934],[143.6277,-34.6894],[143.6359,-34.635],[143.6155,-34.6304],[143.6578,-34.6034],[143.6324,-34.5852],[143.6531,-34.5719],[143.6348,-34.5608],[143.6532,-34.5468],[143.6457,-34.5391],[143.6571,-34.5387],[143.6591,-34.522],[143.6895,-34.5134],[143.6759,-34.5064],[143.6835,-34.4856],[143.7026,-34.4919],[143.7166,-34.4825],[143.7129,-34.4641],[143.7305,-34.4621],[143.7265,-34.4311],[143.7368,-34.4318],[143.732,-34.4224],[143.7551,-34.3963],[143.7847,-34.392],[143.7866,-34.3753],[143.8398,-34.3685],[143.8418,-34.3541],[143.8819,-34.3505],[143.899,-34.3308],[143.9136,-34.333],[143.9148,-34.3528],[143.9304,-34.3629],[143.9511,-34.3597],[144.0371,-34.2732],[144.0639,-34.273],[144.0741,-34.2206],[144.1038,-34.2149],[144.1184,-34.1892],[144.212,-34.2523],[144.2486,-34.2306],[144.3173,-34.2464],[144.374,-34.239],[144.3914,-34.2182],[144.4254,-34.2283],[144.4341,-34.218],[144.47,-34.2229],[144.5506,-34.173],[144.5623,-34.129],[144.5749,-34.1353],[144.629,-34.0868],[144.6759,-34.085],[144.6881,-34.0695],[144.6875,-34.0485],[144.5582,-34.0284],[144.5626,-34.0007],[144.5524,-33.9997],[144.5785,-33.8865],[144.5423,-33.8823],[144.5564,-33.7333],[144.5132,-33.7283],[144.5313,-33.6104],[144.4476,-33.6015],[144.4605,-33.5163],[144.4316,-33.5131],[144.4414,-33.4525],[144.3824,-33.4404],[144.3955,-33.3633],[144.3649,-33.3598],[144.3666,-33.3241],[144.3577,-33.3228],[144.3687,-33.2827],[144.2626,-33.2729],[144.2778,-33.2542],[144.2363,-33.2498],[144.2514,-33.1551],[143.9059,-33.1157],[143.8982,-33.1614],[143.839,-33.1546],[143.8167,-33.1374],[143.7899,-33.1489],[143.721,-33.1405],[143.6665,-33.1791],[143.6373,-33.1499],[143.5525,-33.1405],[143.5494,-33.1597],[143.3783,-33.1413],[143.3557,-33.2759],[143.3082,-33.2708],[143.2949,-33.3563],[143.2433,-33.3507],[143.2108,-33.5686],[143.0395,-33.5503],[142.9924,-33.8536],[142.9448,-33.8484],[142.931,-33.9348],[142.8059,-33.9219],[142.7966,-33.9829],[142.7601,-33.9792],[142.7444,-34.0818],[142.8327,-34.0913],[142.7888,-34.3893],[142.6125,-34.3713],[142.5834,-34.558],[142.4704,-34.5913]]]},"properties":{"lga_code_2024":"10300","lga_name_2024":"Balranald","state_name_2021":"New South Wales"},"id":10300},{"type":"Feature","geometry":{"type":"Polygon","coordinates":[[[149.8696,-33.5199],[149.8717,-33.5091],[149.9071,-33.5103],[149.9222,-33.4778],[149.9129,-33.4765],[149.9194,-33.4406],[149.9019,-33.4381],[149.9137,-33.3771],[149.8854,-33.3707],[149.8785,-33.3446],[149.8323,-33.3237],[149.8214,-33.2989],[149.8364,-33.2574],[149.8081,-33.2535],[149.8224,-33.2476],[149.8285,-33.2236],[149.7995,-33.2054],[149.7806,-33.2086],[149.7742,-33.1801],[149.7519,-33.1773],[149.772,-33.1159],[149.766,-33.1008],[149.7376,-33.1055],[149.6865,-33.0748],[149.6508,-33.069],[149.6622,-33.0539],[149.64,-33.0383],[149.6542,-33.0318],[149.6386,-33.0202],[149.6509,-32.9955],[149.641,-32.9902],[149.5865,-32.9938],[149.5391,-32.9719],[149.4965,-32.9803],[149.4847,-32.9601],[149.4566,-32.9486],[149.4275,-32.9856],[149.403,-32.9761],[149.4017,-32.9988],[149.3836,-32.9918],[149.3454,-33.0609],[149.323,-33.0592],[149.3157,-33.09],[149.3171,-33.1466],[149.3504,-33.1511],[149.3495,-33.1843],[149.3442,-33.2388],[149.3134,-33.239],[149.3215,-33.2632],[149.3108,-33.276],[149.3259,-33.2872],[149.3372,-33.3279],[149.3127,-33.3506],[149.2989,-33.4277],[149.3415,-33.4324],[149.3413,-33.4466],[149.3631,-33.4515],[149.3697,-33.4729],[149.3536,-33.5266],[149.4221,-33.5435],[149.406,-33.6059],[149.4189,-33.6195],[149.394,-33.6933],[149.3713,-33.6971],[149.3348,-33.7449],[149.3174,-33.7426],[149.3164,-33.724],[149.2899,-33.7398],[149.2578,-33.7398],[149.2194,-33.7924],[149.1852,-33.7977],[149.1834,-33.8389],[149.1703,-33.8412],[149.1819,-33.8582],[149.1485,-33.8495],[149.1347,-33.8688],[149.1182,-33.8706],[149.1171,-33.8843],[149.155,-33.9272],[149.1403,-33.9447],[149.1445,-33.9579],[149.1649,-33.978],[149.1977,-33.9849],[149.2028,-33.9691],[149.2185,-33.9636],[149.2355,-33.9797],[149.2339,-33.9677],[149.275,-33.9593],[149.2793,-33.9485],[149.3478,-33.9533],[149.3521,-33.9712],[149.3836,-33.9796],[149.3947,-33.9976],[149.4135,-33.8574],[149.4442,-33.8614],[149.4258,-33.8476],[149.4372,-33.8341],[149.4836,-33.8463],[149.4837,-33.7853],[149.4996,-33.748],[149.5706,-33.7438],[149.5761,-33.7151],[149.6118,-33.7081],[149.6202,-33.6919],[149.6115,-33.6821],[149.6308,-33.6672],[149.6816,-33.684],[149.692,-33.6507],[149.719,-33.6266],[149.7074,-33.6108],[149.6588,-33.5992],[149.668,-33.59],[149.6448,-33.5539],[149.6134,-33.5603],[149.6239,-33.493],[149.6641,-33.4848],[149.7057,-33.5146],[149.7094,-33.531],[149.7225,-33.5252],[149.753,-33.5413],[149.7738,-33.5221],[149.7926,-33.5475],[149.8696,-33.5199]]]},"properties":{"lga_code_2024":"10470","lga_name_2024":"Bathurst","state_name_2021":"New South Wales"},"id":10470},{"type":"Feature","geometry":{"type":"Polygon","coordinates":[[[151.1008,-33.9393],[151.1189,-33.9694],[151.138,-33.9598],[151.1285,-34.006],[151.1495,-33.9942],[151.1652,-33.9506],[151.1817,-33.9679],[151.1858,-33.9522],[151.1933,-33.974],[151.1923,-33.9542],[151.2125,-33.9635],[151.1991,-33.9599],[151.2021,-33.9713],[151.2317,-33.9518],[151.228,-33.925],[151.1808,-33.9192],[151.1621,-33.9337],[151.1406,-33.9273],[151.1008,-33.9393]]]},"properties":{"lga_code_2024":"10500","lga_name_2024":"Bayside (NSW)","state_name_2021":"New South Wales"},"id":10500},{"type":"Feature","geometry":{"type":"MultiPolygon","coordinates":[[[[150.0833,-36.3637],[150.0528,-36.3432],[150.0574,-36.3632],[150.0325,-36.3457],[150.019,-36.3643],[149.9874,-36.3584],[149.9678,-36.3187],[149.9505,-36.3236],[149.953,-36.2688],[149.7513,-36.2329],[149.7398,-36.2398],[149.6405,-36.1955],[149.651,-36.1312],[149.5941,-36.1365],[149.5745,-36.1516],[149.57,-36.2018],[149.5479,-36.206],[149.5521,-36.2181],[149.5366,-36.2245],[149.6023,-36.3378],[149.5392,-36.3656],[149.5421,-36.3992],[149.4845,-36.4298],[149.4572,-36.4852],[149.4678,-36.4858],[149.4715,-36.5041],[149.4554,-36.5296],[149.4325,-36.5453],[149.3963,-36.548],[149.384,-36.5646],[149.3786,-36.5947],[149.3947,-36.6039],[149.415,-36.6509],[149.4537,-36.6459],[149.4646,-36.6554],[149.458,-36.687],[149.4388,-36.7011],[149.4597,-36.7167],[149.438,-36.7762],[149.4855,-36.7895],[149.4846,-36.8193],[149.5102,-36.8308],[149.5027,-36.8456],[149.377,-36.8748],[149.3879,-36.914],[149.375,-36.9588],[149.3992,-36.9818],[149.3948,-37.0018],[149.4181,-37.0063],[149.3979,-37.0206],[149.4018,-37.1154],[149.3565,-37.2628],[149.9773,-37.5046],[149.9754,-37.4454],[149.9566,-37.4235],[149.9498,-37.3747],[149.9697,-37.3097],[149.944,-37.2777],[149.9869,-37.2399],[150.0519,-37.2623],[150.0109,-37.2118],[150.0235,-37.212],[150.0209,-37.1854],[150.003,-37.1685],[150.0049,-37.1413],[149.9876,-37.1411],[149.9538,-37.1009],[149.9114,-37.1118],[149.8935,-37.0971],[149.8783,-37.101],[149.8725,-37.0832],[149.9019,-37.0692],[149.9148,-37.0761],[149.9099,-37.0621],[149.9234,-37.0463],[149.9447,-37.054],[149.9477,-37.0176],[149.9267,-36.9921],[149.9459,-36.9491],[149.9134,-36.9446],[149.9048,-36.9146],[149.9197,-36.8954],[149.9381,-36.9025],[149.9302,-36.874],[149.95,-36.8554],[149.9344,-36.8441],[149.9406,-36.8117],[149.9772,-36.7696],[149.9919,-36.7256],[149.9793,-36.7222],[149.9828,-36.7023],[150.0683,-36.5542],[150.0555,-36.5402],[150.0548,-36.4882],[150.0848,-36.4292],[150.0653,-36.41],[150.0833,-36.3637]]],[[[150.0526,-37.2625],[150.0522,-37.2622],[150.0522,-37.2623],[150.0526,-37.2625]]],[[[149.9137,-37.0694],[149.9139,-37.0693],[149.9137,-37.0691],[149.9137,-37.0694]]],[[[149.9461,-37.0563],[149.9465,-37.0564],[149.9464,-37.0562],[149.9461,-37.0563]]],[[[149.945,-37.053],[149.9452,-37.0525],[149.9449,-37.0527],[149.945,-37.053]]],[[[149.9481,-37.0176],[149.9489,-37.0182],[149.9482,-37.0172],[149.9481,-37.0176]]],[[[149.9464,-36.9493],[149.9472,-36.9496],[149.9463,-36.9487],[149.9464,-36.9493]]],[[[149.946,-36.9492],[149.946,-36.9493],[149.9461,-36.9493],[149.946,-36.9492]]],[[[150.0196,-37.1839],[150.0193,-37.1832],[150.0191,-37.1832],[150.0196,-37.1839]]],[[[150.0214,-37.1889],[150.0216,-37.1887],[150.0215,-37.1883],[150.0214,-37.1889]]],[[[150.052,-37.2631],[150.0517,-37.2634],[150.0521,-37.2637],[150.052,-37.2631]]],[[[150.0511,-37.2636],[150.0514,-37.2631],[150.0511,-37.2631],[150.0511,-37.2636]]],[[[150.0106,-37.1739],[150.0108,-37.1736],[150.0103,-37.1738],[150.0106,-37.1739]]],[[[150.0203,-37.184],[150.0206,-37.1837],[150.0202,-37.1838],[150.0203,-37.184]]],[[[150.0188,-37.1834],[150.0189,-37.1832],[150.0186,-37.1831],[150.0188,-37.1834]]],[[[149.955,-37.1087],[149.9548,-37.1084],[149.9543,-37.1084],[149.955,-37.1087]]],[[[149.9564,-37.1094],[149.9566,-37.1094],[149.9565,-37.1092],[149.9564,-37.1094]]],[[[149.957,-37.1096],[149.9572,-37.1095],[149.957,-37.1094],[149.957,-37.1096]]],[[[149.9699,-36.7859],[149.9691,-36.7857],[149.9693,-36.787],[149.9699,-36.7859]]],[[[149.9824,-36.757],[149.9827,-36.7571],[149.9826,-36.7566],[149.9824,-36.757]]],[[[150.0506,-36.5856],[150.0511,-36.5859],[150.0514,-36.5857],[150.0506,-36.5856]]],[[[150.0058,-37.1409],[150.0053,-37.1423],[150.0063,-37.1426],[150.0058,-37.1409]]],[[[150.0006,-37.1415],[150.0,-37.1408],[149.9999,-37.1412],[150.0006,-37.1415]]],[[[149.9599,-37.1141],[149.9601,-37.1137],[149.9599,-37.1138],[149.9599,-37.1141]]],[[[150.0052,-37.1628],[150.0054,-37.1627],[150.0052,-37.1626],[150.0052,-37.1628]]],[[[150.0053,-37.1626],[150.0053,-37.1625],[150.0052,-37.1625],[150.0053,-37.1626]]],[[[149.9731,-36.7792],[149.9736,-36.7784],[149.9732,-36.778],[149.9731,-36.7792]]],[[[149.9731,-36.7778],[149.9738,-36.7775],[149.9735,-36.7773],[149.9731,-36.7778]]],[[[149.991,-36.7295],[149.9915,-36.7294],[149.9911,-36.7293],[149.991,-36.7295]]],[[[149.9834,-36.7529],[149.9831,-36.7523],[149.9828,-36.7526],[149.9834,-36.7529]]],[[[149.9832,-36.7491],[149.983,-36.7494],[149.9832,-36.7498],[149.9832,-36.7491]]],[[[149.9836,-36.7497],[149.9837,-36.75],[149.9838,-36.7494],[149.9836,-36.7497]]],[[[150.0573,-36.4874],[150.0575,-36.4871],[150.0571,-36.4873],[150.0573,-36.4874]]],[[[150.0606,-36.4976],[150.0609,-36.4974],[150.0608,-36.4974],[150.0606,-36.4976]]],[[[150.0569,-36.4876],[150.0571,-36.4875],[150.0571,-36.4874],[150.0569,-36.4876]]],[[[150.0573,-36.4866],[150.0574,-36.4864],[150.0572,-36.4865],[150.0573,-36.4866]]],[[[150.0565,-36.4879],[150.0566,-36.4877],[150.0564,-36.4878],[150.0565,-36.4879]]],[[[150.0562,-36.4961],[150.0563,-36.4959],[150.0562,-36.4959],[150.0562,-36.4961]]],[[[149.9132,-37.0697],[149.9135,-37.0698],[149.9136,-37.0697],[149.9132,-37.0697]]],[[[149.9446,-37.0558],[149.9448,-37.0555],[149.9446,-37.0556],[149.9446,-37.0558]]],[[[149.9163,-37.074],[149.9163,-37.0739],[149.9162,-37.0739],[149.9163,-37.074]]],[[[149.9348,-36.8851],[149.935,-36.8849],[149.9349,-36.8847],[149.9348,-36.8851]]],[[[149.9315,-36.8975],[149.9318,-36.8975],[149.9316,-36.8974],[149.9315,-36.8975]]],[[[150.0748,-36.4429],[150.0751,-36.4428],[150.075,-36.4426],[150.0748,-36.4429]]],[[[150.0668,-36.4141],[150.0669,-36.4138],[150.0667,-36.4137],[150.0668,-36.4141]]],[[[150.0725,-36.4657],[150.0727,-36.4656],[150.0727,-36.4655],[150.0725,-36.4657]]],[[[150.0721,-36.4653],[150.0724,-36.4652],[150.0722,-36.4652],[150.0721,-36.4653]]],[[[150.0725,-36.4606],[150.0724,-36.4607],[150.0727,-36.4607],[150.0725,-36.4606]]],[[[150.0669,-36.4158],[150.0668,-36.416],[150.0669,-36.4161],[150.0669,-36.4158]]],[[[150.0676,-36.4176],[150.0677,-36.4174],[150.0676,-36.4174],[150.0676,-36.4176]]],[[[150.0718,-36.4479],[150.0719,-36.4479],[150.0719,-36.4477],[150.0718,-36.4479]]],[[[150.0745,-36.4218],[150.0744,-36.4218],[150.0742,-36.4221],[150.0745,-36.4218]]],[[[150.0722,-36.45],[150.0723,-36.45],[150.0725,-36.4498],[150.0722,-36.45]]],[[[150.0728,-36.4659],[150.0729,-36.4658],[150.0728,-36.4657],[150.0728,-36.4659]]],[[[150.0723,-36.453],[150.0724,-36.4529],[150.0723,-36.4529],[150.0723,-36.453]]],[[[150.0738,-36.4218],[150.0739,-36.4216],[150.0738,-36.4216],[150.0738,-36.4218]]],[[[150.0724,-36.4534],[150.0725,-36.4535],[150.0723,-36.4533],[150.0724,-36.4534]]],[[[150.0725,-36.4528],[150.0726,-36.4528],[150.0726,-36.4527],[150.0725,-36.4528]]],[[[150.0741,-36.422],[150.0743,-36.4219],[150.0743,-36.4218],[150.0741,-36.422]]],[[[150.073,-36.454],[150.0731,-36.4539],[150.073,-36.4539],[150.073,-36.454]]],[[[150.0721,-36.4505],[150.0723,-36.4505],[150.0722,-36.4504],[150.0721,-36.4505]]],[[[150.0728,-36.4529],[150.0729,-36.4528],[150.0728,-36.4527],[150.0728,-36.4529]]],[[[150.075,-36.4216],[150.0751,-36.4215],[150.0749,-36.4215],[150.075,-36.4216]]],[[[150.0727,-36.449],[150.0728,-36.449],[150.0728,-36.4489],[150.0727,-36.449]]],[[[150.0728,-36.4536],[150.0729,-36.4536],[150.0729,-36.4535],[150.0728,-36.4536]]],[[[150.0741,-36.4219],[150.0742,-36.4217],[150.0741,-36.4217],[150.0741,-36.4219]]],[[[150.0152,-36.6452],[150.015,-36.6454],[150.0151,-36.6456],[150.0152,-36.6452]]],[[[150.0807,-36.4234],[150.0809,-36.4232],[150.0807,-36.4232],[150.0807,-36.4234]]],[[[150.0821,-36.4226],[150.0821,-36.4225],[150.082,-36.4224],[150.0821,-36.4226]]],[[[150.0806,-36.3787],[150.0806,-36.3784],[150.0801,-36.3782],[150.0806,-36.3787]]],[[[150.08,-36.3791],[150.0802,-36.379],[150.08,-36.3789],[150.08,-36.3791]]],[[[150.0792,-36.3789],[150.0795,-36.3789],[150.0794,-36.3787],[150.0792,-36.3789]]],[[[150.0807,-36.3759],[150.0809,-36.3757],[150.0809,-36.3755],[150.0807,-36.3759]]],[[[150.0814,-36.3781],[150.0816,-36.3781],[150.0816,-36.378],[150.0814,-36.3781]]],[[[150.0818,-36.377],[150.0817,-36.3768],[150.0816,-36.377],[150.0818,-36.377]]],[[[150.0815,-36.3755],[150.0815,-36.3753],[150.0814,-36.3753],[150.0815,-36.3755]]],[[[150.0804,-36.3781],[150.0805,-36.3779],[150.0803,-36.378],[150.0804,-36.3781]]],[[[150.0812,-36.3768],[150.0813,-36.3767],[150.0811,-36.3766],[150.0812,-36.3768]]]]},"properties":{"lga_code_2024":"10550","lga_name_2024":"Bega Valley","state_name_2021":"New South Wales"},"id":10550},{"type":"Feature","geometry":{"type":"Polygon","coordinates":[[[152.4281,-30.4189],[152.4172,-30.4368],[152.3921,-30.4429],[152.3946,-30.4795],[152.4981,-30.5191],[152.6303,-30.5396],[152.732,-30.5226],[152.8163,-30.5397],[152.8178,-30.5296],[152.8574,-30.5463],[152.8651,-30.5354],[152.8877,-30.5566],[153.0041,-30.5671],[153.0296,-30.547],[153.0334,-30.4926],[153.0602,-30.4488],[152.9576,-30.3888],[152.9655,-30.3485],[152.8198,-30.3004],[152.8201,-30.2658],[152.8331,-30.2734],[152.8553,-30.253],[152.8035,-30.1896],[152.7552,-30.1808],[152.7508,-30.1966],[152.693,-30.189],[152.7075,-30.2042],[152.694,-30.2111],[152.6976,-30.2238],[152.6467,-30.2582],[152.6159,-30.2581],[152.5612,-30.2336],[152.555,-30.2809],[152.4934,-30.3369],[152.4805,-30.3325],[152.4846,-30.3908],[152.4381,-30.4002],[152.4281,-30.4189]]]},"properties":{"lga_code_2024":"10600","lga_name_2024":"Bellingen","state_name_2021":"New South Wales"},"id":10600},{"type":"Feature","geometry":{"type":"Polygon","coordinates":[[[145.343,-35.7117],[145.332,-35.7646],[145.3428,-35.7659],[145.3469,-35.7937],[145.3434,-35.8455],[145.3637,-35.8479],[145.3602,-35.8618],[145.4105,-35.8487],[145.4199,-35.8282],[145.4418,-35.8357],[145.4507,-35.8214],[145.4625,-35.8269],[145.4721,-35.8092],[145.5217,-35.8187],[145.5357,-35.802],[145.5388,-35.8218],[145.5628,-35.8134],[145.558,-35.8282],[145.5932,-35.8491],[145.5868,-35.8612],[145.6011,-35.875],[145.6255,-35.8622],[145.6149,-35.8726],[145.6281,-35.8754],[145.6204,-35.884],[145.6791,-35.9168],[145.6739,-35.9259],[145.6972,-35.9207],[145.6977,-35.9368],[145.7208,-35.9347],[145.7272,-35.9455],[145.7161,-35.9502],[145.7345,-35.9515],[145.7325,-35.96],[145.7782,-35.9602],[145.7769,-35.9724],[145.8122,-35.9918],[145.8275,-35.9754],[145.8478,-35.9817],[145.8448,-35.9738],[145.8598,-35.973],[145.848,-35.9687],[145.853,-35.9607],[145.8704,-35.9555],[145.908,-35.9536],[145.9033,-35.9691],[145.933,-35.9731],[145.9471,-35.9605],[145.9879,-35.7473],[145.9906,-35.7186],[145.9738,-35.7046],[145.9781,-35.6816],[145.9916,-35.6833],[145.9945,-35.6688],[145.9845,-35.6674],[145.998,-35.6498],[145.9846,-35.6482],[145.9869,-35.636],[146.0045,-35.6382],[146.0073,-35.6242],[145.9941,-35.6222],[146.0076,-35.5869],[145.7919,-35.5557],[145.7937,-35.5444],[145.7379,-35.5377],[145.7215,-35.5494],[145.7158,-35.5398],[145.4845,-35.512],[145.4742,-35.5895],[145.459,-35.6118],[145.4686,-35.613],[145.4569,-35.6975],[145.4436,-35.6959],[145.44,-35.7153],[145.4243,-35.7066],[145.393,-35.7273],[145.343,-35.7117]]]},"properties":{"lga_code_2024":"10650","lga_name_2024":"Berrigan","state_name_2021":"New South Wales"},"id":10650},{"type":"Feature","geometry":{"type":"Polygon","coordinates":[[[148.8347,-30.5294],[148.8107,-30.6736],[148.9228,-30.6243],[148.9483,-30.6547],[148.9751,-30.6345],[148.9697,-30.6194],[149.0256,-30.6056],[149.0525,-30.6398],[149.0362,-30.6561],[149.0478,-30.7132],[149.1197,-30.7162],[149.1114,-30.7518],[149.128,-30.7743],[149.122,-30.7975],[149.1549,-30.7849],[149.2074,-30.9063],[149.3112,-30.8635],[149.4952,-30.8929],[149.5185,-30.8632],[149.6586,-30.884],[149.6722,-30.8613],[149.7583,-30.8718],[149.7611,-30.8554],[149.7883,-30.8591],[149.7935,-30.8288],[149.8161,-30.8307],[149.8195,-30.8122],[149.8027,-30.8099],[149.825,-30.7593],[149.8613,-30.7644],[149.864,-30.7516],[149.982,-30.7763],[150.0114,-30.7365],[150.0333,-30.7423],[150.0302,-30.7608],[150.0528,-30.8003],[150.1019,-30.8054],[150.1107,-30.7487],[150.2643,-30.7629],[150.2686,-30.7398],[150.2956,-30.7304],[150.2955,-30.6744],[150.3374,-30.6745],[150.3539,-30.6616],[150.3494,-30.6356],[150.3878,-30.6182],[150.391,-30.6053],[150.3783,-30.6027],[150.3589,-30.5666],[150.3907,-30.5693],[150.3938,-30.5471],[150.3661,-30.5434],[150.3685,-30.5301],[150.3547,-30.5282],[150.3626,-30.4986],[150.3489,-30.494],[150.3642,-30.4893],[150.3676,-30.4701],[150.3466,-30.4732],[150.3641,-30.4457],[150.3493,-30.415],[150.3286,-30.4025],[150.3164,-30.428],[150.2832,-30.4308],[150.2258,-30.3993],[150.2359,-30.3785],[150.1907,-30.3646],[150.195,-30.3211],[150.183,-30.2995],[150.1937,-30.2932],[150.1659,-30.2739],[150.1756,-30.265],[150.1671,-30.2285],[150.1449,-30.2024],[150.1023,-30.1919],[150.0894,-30.1717],[150.0644,-30.0709],[150.0502,-30.0557],[150.0558,-30.0237],[150.0392,-30.0004],[150.0287,-30.0028],[150.0305,-29.9881],[149.9237,-29.9626],[149.9272,-29.9494],[149.8994,-29.9211],[149.9105,-29.8847],[149.7897,-29.8764],[149.789,-29.8376],[149.7527,-29.8236],[149.759,-29.7835],[149.7215,-29.7786],[149.7068,-29.8212],[149.6588,-29.806],[149.663,-29.7823],[149.6472,-29.7749],[149.5515,-29.8174],[149.4146,-29.7839],[149.3918,-29.79],[149.0828,-29.7493],[149.048,-29.9535],[149.0943,-29.9593],[149.0812,-30.0345],[149.0678,-30.0329],[149.0551,-30.0925],[149.0237,-30.1055],[149.0203,-30.1293],[148.9933,-30.1174],[148.9706,-30.1497],[148.9814,-30.1678],[148.9428,-30.1878],[148.9296,-30.3133],[148.9161,-30.342],[148.8851,-30.3257],[148.8517,-30.5314],[148.8347,-30.5294]]]},"properties":{"lga_code_2024":"15750","lga_name_2024":"Narrabri","state_name_2021":"New South Wales"},"id":15750},{"type":"Feature","geometry":{"type":"Polygon","coordinates":[[[150.9089,-33.8254],[150.916,-33.8054],[150.9331,-33.8068],[150.9518,-33.7766],[150.9653,-33.7794],[150.9276,-33.697],[150.8983,-33.6652],[150.8587,-33.6463],[150.8197,-33.6607],[150.8186,-33.6764],[150.8005,-33.6746],[150.7661,-33.7055],[150.7618,-33.7352],[150.7892,-33.7468],[150.8118,-33.7888],[150.8129,-33.8224],[150.8577,-33.8209],[150.889,-33.834],[150.9089,-33.8254]]]},"properties":{"lga_code_2024":"10750","lga_name_2024":"Blacktown","state_name_2021":"New South Wales"},"id":10750},{"type":"Feature","geometry":{"type":"Polygon","coordinates":[[[146.4646,-34.0964],[146.4582,-34.1329],[146.6354,-34.1512],[146.6239,-34.2247],[146.729,-34.2368],[146.7187,-34.2981],[146.9114,-34.3097],[146.9345,-34.2935],[146.9795,-34.2991],[146.9796,-34.3103],[147.0479,-34.2965],[147.1077,-34.3172],[147.12,-34.3118],[147.1294,-34.2765],[147.255,-34.2913],[147.2648,-34.2354],[147.297,-34.2544],[147.3016,-34.2287],[147.2846,-34.2206],[147.3062,-34.2043],[147.2962,-34.2027],[147.3009,-34.1762],[147.3908,-34.1873],[147.3888,-34.1978],[147.4193,-34.2084],[147.4704,-34.2087],[147.4693,-34.164],[147.4967,-34.1065],[147.584,-34.1179],[147.5804,-34.138],[147.63,-34.1442],[147.6329,-34.1296],[147.666,-34.1301],[147.7184,-34.163],[147.7669,-34.1317],[147.7718,-34.0839],[147.784,-34.0697],[147.7572,-34.059],[147.7367,-33.9985],[147.7229,-33.9974],[147.7324,-33.9835],[147.7221,-33.9821],[147.7272,-33.9545],[147.7098,-33.9524],[147.7128,-33.9365],[147.5408,-33.9105],[147.5568,-33.8707],[147.5416,-33.8513],[147.5543,-33.8319],[147.5361,-33.7996],[147.5231,-33.802],[147.5245,-33.7618],[147.5112,-33.7458],[147.5201,-33.7356],[147.507,-33.7218],[147.5143,-33.7107],[147.4819,-33.7037],[147.4171,-33.5319],[147.4047,-33.5276],[147.3584,-33.5253],[147.3204,-33.5678],[147.2459,-33.5719],[147.2428,-33.5918],[146.9864,-33.5638],[146.9885,-33.552],[146.8298,-33.538],[146.8204,-33.5282],[146.8089,-33.6072],[146.4456,-33.5639],[146.4408,-33.5209],[146.0951,-33.6031],[146.0703,-33.7535],[146.4372,-33.7945],[146.4174,-33.9106],[146.4928,-33.9197],[146.4646,-34.0964]]]},"properties":{"lga_code_2024":"10800","lga_name_2024":"Bland","state_name_2021":"New South Wales"},"id":10800},{"type":"Feature","geometry":{"type":"Polygon","coordinates":[[[149.2577,-33.7407],[149.3164,-33.724],[149.3174,-33.7426],[149.3348,-33.7449],[149.356,-33.7108],[149.4004,-33.6832],[149.4189,-33.6195],[149.406,-33.6059],[149.4221,-33.5435],[149.3536,-33.5266],[149.3697,-33.4729],[149.3634,-33.4529],[149.3472,-33.4615],[149.2385,-33.4413],[149.2403,-33.4318],[149.2171,-33.4229],[149.2068,-33.4393],[149.0662,-33.4207],[149.0508,-33.4639],[148.9336,-33.444],[148.9081,-33.4589],[148.8741,-33.5323],[148.8389,-33.5686],[148.8494,-33.5798],[148.8726,-33.5733],[148.8734,-33.5942],[148.8984,-33.5788],[148.9222,-33.5985],[148.9117,-33.6835],[148.9578,-33.6883],[148.9626,-33.7078],[148.9937,-33.7206],[148.976,-33.7499],[148.9929,-33.754],[148.9746,-33.7565],[148.9848,-33.758],[148.9889,-33.7811],[149.0099,-33.784],[149.0077,-33.7949],[149.029,-33.7932],[149.0262,-33.8034],[149.0646,-33.8124],[149.0672,-33.7901],[149.0916,-33.7937],[149.0914,-33.7654],[149.1387,-33.7599],[149.1334,-33.7482],[149.146,-33.732],[149.1691,-33.7212],[149.2577,-33.7407]]]},"properties":{"lga_code_2024":"10850","lga_name_2024":"Blayney","state_name_2021":"New South Wales"},"id":10850},{"type":"Feature","geometry":{"type":"Polygon","coordinates":[[[150.5494,-33.3687],[150.4823,-33.3827],[150.4792,-33.4298],[150.46,-33.4493],[150.4684,-33.4541],[150.4513,-33.4588],[150.4474,-33.4814],[150.4169,-33.4866],[150.4085,-33.4733],[150.3991,-33.4895],[150.3865,-33.4794],[150.3694,-33.4911],[150.3549,-33.4858],[150.331,-33.5225],[150.3119,-33.5201],[150.3147,-33.5044],[150.2568,-33.4943],[150.2507,-33.558],[150.2261,-33.5605],[150.2156,-33.548],[150.2432,-33.6024],[150.2715,-33.6191],[150.2619,-33.6417],[150.2405,-33.6386],[150.2481,-33.6641],[150.2148,-33.6748],[150.2076,-33.7085],[150.1811,-33.7044],[150.1792,-33.7221],[150.1956,-33.7129],[150.2124,-33.7212],[150.1798,-33.7432],[150.1957,-33.7666],[150.1687,-33.7951],[150.1811,-33.8026],[150.1693,-33.827],[150.1854,-33.8377],[150.1661,-33.8651],[150.1875,-33.8854],[150.2352,-33.8844],[150.3016,-33.8455],[150.3406,-33.8565],[150.334,-33.8477],[150.3591,-33.8377],[150.3648,-33.8017],[150.4179,-33.8094],[150.4054,-33.8628],[150.4642,-33.9006],[150.5016,-33.8649],[150.5443,-33.8954],[150.6108,-33.8587],[150.588,-33.8449],[150.643,-33.7798],[150.6576,-33.6617],[150.6061,-33.6627],[150.616,-33.6142],[150.5816,-33.6228],[150.5631,-33.6102],[150.5649,-33.5755],[150.5476,-33.572],[150.5444,-33.5573],[150.5149,-33.582],[150.4686,-33.5838],[150.448,-33.5723],[150.4302,-33.5379],[150.4855,-33.4869],[150.4836,-33.4457],[150.5494,-33.3687]]]},"properties":{"lga_code_2024":"10900","lga_name_2024":"Blue Mountains","state_name_2021":"New South Wales"},"id":10900},{"type":"Feature","geometry":{"type":"Polygon","coordinates":[[[146.528,-32.3684],[146.5858,-32.3696],[146.6759,-32.333],[146.7208,-32.3955],[146.807,-32.4475],[146.87,-32.4056],[146.7666,-32.2902],[146.8978,-32.2048],[146.9965,-32.3169],[147.0012,-32.2876],[147.0449,-32.293],[147.0479,-32.2745],[147.0687,-32.2769],[147.1433,-32.2278],[147.0709,-32.1509],[147.1942,-32.0682],[147.1984,-32.1103],[147.2659,-32.0665],[147.2929,-31.9952],[147.3287,-31.9948],[147.3377,-31.9777],[147.3882,-31.9505],[147.3694,-31.9311],[147.4833,-31.8652],[147.4401,-31.8211],[147.4203,-31.8476],[147.3411,-31.8104],[147.4101,-31.676],[147.4336,-31.586],[147.482,-31.5223],[147.4722,-31.498],[147.4595,-31.4955],[147.5057,-31.4661],[147.4867,-31.4623],[147.4984,-31.4541],[147.5211,-31.4439],[147.5272,-31.4514],[147.4602,-31.357],[147.5171,-31.335],[147.419,-31.244],[147.4199,-31.2295],[147.3854,-31.2006],[147.374,-31.1615],[147.3603,-31.1557],[147.2994,-31.1924],[147.2899,-31.179],[147.3025,-31.1708],[147.1974,-31.0781],[147.2675,-31.0331],[147.1576,-30.9025],[147.158,-30.82],[147.1181,-30.8258],[147.0804,-30.8561],[147.0538,-30.8535],[147.0685,-30.8188],[147.0507,-30.7929],[147.0558,-30.7773],[147.006,-30.7411],[147.0069,-30.715],[146.9028,-30.7376],[146.9527,-30.7924],[146.8907,-30.8045],[146.8779,-30.7899],[146.7202,-30.8188],[146.7172,-30.8371],[146.6755,-30.827],[146.6256,-30.8365],[146.6418,-30.8647],[146.6544,-30.8624],[146.662,-30.8915],[146.6078,-30.902],[146.4316,-30.693],[146.3195,-30.7138],[146.4057,-30.8021],[146.3603,-30.8247],[146.3455,-30.8531],[146.416,-30.9483],[146.4272,-30.9432],[146.4378,-30.9605],[146.2851,-31.0318],[146.3636,-31.1224],[146.3147,-31.1521],[146.3659,-31.2293],[146.4665,-31.1799],[146.5483,-31.3022],[146.3196,-31.5726],[146.528,-32.3684]]]},"properties":{"lga_code_2024":"10950","lga_name_2024":"Bogan","state_name_2021":"New South Wales"},"id":10950},{"type":"Feature","geometry":{"type":"Polygon","coordinates":[[[144.1977,-30.372],[144.6614,-30.8949],[144.6894,-30.8913],[144.6994,-30.8679],[144.8143,-30.9931],[144.9121,-30.925],[144.9225,-30.9368],[144.9799,-30.894],[145.0096,-30.9261],[145.0651,-30.8893],[145.0874,-30.9142],[145.1259,-30.8912],[145.0633,-30.7986],[145.2286,-30.7316],[145.2455,-30.7648],[145.3842,-30.6969],[145.5646,-30.9799],[145.6076,-30.9589],[145.5759,-30.9108],[145.6633,-30.8641],[145.6534,-30.8508],[145.6693,-30.8442],[145.6608,-30.8309],[145.7344,-30.7955],[145.7791,-30.8624],[145.9209,-30.7941],[145.8881,-30.7421],[145.9689,-30.7121],[145.9923,-30.7479],[146.0704,-30.7095],[146.0572,-30.6894],[146.125,-30.656],[146.2323,-30.8273],[146.3021,-30.7909],[146.3455,-30.8531],[146.3603,-30.8247],[146.4057,-30.8021],[146.3195,-30.7138],[146.4615,-30.6874],[146.4381,-30.6027],[146.4238,-30.6053],[146.3778,-30.4156],[146.4046,-30.4187],[146.4169,-30.3562],[146.3547,-30.3496],[146.3571,-30.3347],[146.3714,-30.3361],[146.3742,-30.2729],[146.3973,-30.2531],[146.3888,-30.2479],[146.427,-30.1814],[146.4103,-30.1758],[146.4186,-30.1622],[146.366,-30.1388],[146.4436,-30.0063],[146.457,-30.0076],[146.4714,-29.9403],[146.4588,-29.9407],[146.463,-29.9238],[146.4521,-29.9265],[146.4526,-29.8339],[146.5162,-29.7727],[146.5752,-29.7539],[146.6577,-29.6788],[146.6283,-29.6237],[146.5825,-29.6488],[146.4638,-29.5354],[146.5232,-29.3812],[146.4205,-29.3815],[146.4201,-29.2362],[146.3507,-29.236],[146.3497,-29.0904],[146.375,-29.0904],[146.3754,-28.9991],[144.3929,-28.9991],[144.3694,-29.0287],[144.3573,-29.0861],[144.3846,-29.1107],[144.4415,-29.1043],[144.4808,-29.1686],[144.4613,-29.218],[144.4688,-29.2318],[144.4056,-29.3096],[144.4243,-29.3697],[144.4126,-29.4304],[144.374,-29.485],[144.3252,-29.5189],[144.2824,-29.5715],[144.2429,-29.5909],[144.2293,-29.6229],[144.2044,-29.636],[144.1657,-29.6912],[144.1375,-29.6876],[144.147,-29.6967],[144.1314,-29.734],[144.1396,-29.7747],[144.1108,-29.8166],[144.1369,-29.8416],[144.1445,-29.8848],[144.1402,-29.9375],[144.1287,-29.9398],[144.1328,-29.9859],[144.0955,-30.0423],[144.0654,-30.0555],[144.2344,-30.0799],[144.2098,-30.2398],[144.3452,-30.2539],[144.1876,-30.3607],[144.1977,-30.372]]]},"properties":{"lga_code_2024":"11150","lga_name_2024":"Bourke","state_name_2021":"New South Wales"},"id":11150},{"type":"Feature","geometry":{"type":"Polygon","coordinates":[[[146.4316,-30.693],[146.6078,-30.902],[146.662,-30.8915],[146.6544,-30.8624],[146.6418,-30.8647],[146.6256,-30.8365],[146.6755,-30.827],[146.7172,-30.8371],[146.7202,-30.8188],[146.8779,-30.7899],[146.8907,-30.8045],[146.9527,-30.7924],[146.9028,-30.7376],[147.0069,-30.715],[147.006,-30.7411],[147.0558,-30.7773],[147.0507,-30.7929],[147.0685,-30.8188],[147.0538,-30.8535],[147.0804,-30.8561],[147.1181,-30.8258],[147.1557,-30.8197],[147.2501,-30.8241],[147.2463,-30.7497],[147.2035,-30.7183],[147.223,-30.694],[147.2069,-30.6791],[147.2209,-30.6665],[147.2052,-30.6551],[147.2072,-30.6152],[147.1191,-30.6014],[147.0996,-30.5336],[147.1884,-30.5396],[147.1778,-30.5062],[147.1878,-30.4819],[147.1622,-30.4667],[147.181,-30.4582],[147.1674,-30.4522],[147.1757,-30.4432],[147.1651,-30.4218],[147.1862,-30.3841],[147.177,-30.361],[147.1958,-30.347],[147.1969,-30.315],[147.2147,-30.2976],[147.2046,-30.2867],[147.2232,-30.2642],[147.2124,-30.2568],[147.2419,-30.2326],[147.2312,-30.2256],[147.237,-30.1848],[147.2535,-30.1634],[147.2368,-30.1504],[147.2433,-30.1351],[147.2695,-30.1216],[147.2788,-30.1337],[147.2986,-30.1319],[147.3069,-30.1155],[147.3335,-30.123],[147.3325,-30.1379],[147.3416,-30.1283],[147.3763,-30.1428],[147.3962,-30.1219],[147.4175,-30.1259],[147.4187,-30.1159],[147.3891,-30.1065],[147.4111,-29.9747],[147.4757,-29.9816],[147.4939,-29.8532],[147.4138,-29.8342],[147.423,-29.8231],[147.4004,-29.7854],[147.3808,-29.7826],[147.3926,-29.7668],[147.4273,-29.7631],[147.4042,-29.7382],[147.4107,-29.7257],[147.3795,-29.7167],[147.346,-29.6847],[147.3698,-29.6705],[147.409,-29.6116],[147.4081,-29.5738],[147.4358,-29.5289],[147.4641,-29.5194],[147.4906,-29.4938],[147.4915,-29.4758],[147.5509,-29.4392],[147.5773,-29.3755],[147.6334,-29.3485],[147.6768,-29.3445],[147.7228,-29.2828],[147.736,-29.2761],[147.7718,-29.2894],[147.772,-29.2709],[147.815,-29.2448],[147.8403,-29.2033],[147.8289,-29.1823],[147.8514,-29.1488],[147.8701,-29.1446],[147.8864,-29.1124],[147.9197,-29.1151],[147.9455,-28.9991],[146.3754,-28.9991],[146.375,-29.0904],[146.3497,-29.0904],[146.3507,-29.236],[146.4201,-29.2362],[146.4205,-29.3815],[146.5232,-29.3812],[146.4638,-29.5354],[146.5825,-29.6488],[146.6283,-29.6237],[146.6577,-29.6788],[146.5752,-29.7539],[146.5162,-29.7727],[146.4526,-29.8339],[146.4521,-29.9265],[146.463,-29.9238],[146.4588,-29.9407],[146.4714,-29.9403],[146.457,-30.0076],[146.4436,-30.0063],[146.366,-30.1388],[146.4186,-30.1622],[146.4103,-30.1758],[146.427,-30.1814],[146.3888,-30.2479],[146.3973,-30.2531],[146.3742,-30.2729],[146.3714,-30.3361],[146.3571,-30.3347],[146.3547,-30.3496],[146.4169,-30.3562],[146.4046,-30.4187],[146.3778,-30.4156],[146.4238,-30.6053],[146.4381,-30.6027],[146.4615,-30.6874],[146.4316,-30.693]]]},"properties":{"lga_code_2024":"11200","lga_name_2024":"Brewarrina","state_name_2021":"New South Wales"},"id":11200},{"type":"Feature","geometry":{"type":"Polygon","coordinates":[[[141.414,-31.9388],[141.413,-31.972],[141.3928,-31.9798],[141.4121,-32.0026],[141.463,-32.0025],[141.4598,-32.0116],[141.4784,-32.0191],[141.483,-32.0025],[141.5426,-32.0024],[141.5459,-31.9137],[141.566,-31.9076],[141.5563,-31.9028],[141.5635,-31.885],[141.4127,-31.8864],[141.414,-31.9388]]]},"properties":{"lga_code_2024":"11250","lga_name_2024":"Broken Hill","state_name_2021":"New South Wales"},"id":11250},{"type":"Feature","geometry":{"type":"Polygon","coordinates":[[[151.089,-33.8998],[151.1124,-33.8944],[151.1194,-33.871],[151.0957,-33.8671],[151.089,-33.8998]]]},"properties":{"lga_code_2024":"11300","lga_name_2024":"Burwood","state_name_2021":"New South Wales"},"id":11300},{"type":"Feature","geometry":{"type":"MultiPolygon","coordinates":[[[[153.3286,-28.5409],[153.379,-28.5823],[153.3731,-28.614],[153.4126,-28.6186],[153.4116,-28.641],[153.4301,-28.6593],[153.416,-28.6714],[153.4241,-28.6934],[153.4077,-28.6861],[153.4006,-28.6986],[153.4078,-28.7443],[153.4463,-28.7449],[153.4629,-28.7656],[153.4781,-28.7499],[153.4885,-28.754],[153.4852,-28.7271],[153.5169,-28.7257],[153.5425,-28.7043],[153.575,-28.712],[153.5813,-28.7332],[153.6051,-28.7457],[153.6386,-28.6335],[153.6076,-28.6382],[153.5708,-28.595],[153.5529,-28.4772],[153.5087,-28.461],[153.466,-28.48],[153.4198,-28.4672],[153.4067,-28.4775],[153.3735,-28.4719],[153.369,-28.5034],[153.3419,-28.5174],[153.3286,-28.5409]]],[[[153.6219,-28.706],[153.6219,-28.7063],[153.6223,-28.7063],[153.6219,-28.706]]],[[[153.6226,-28.7058],[153.6227,-28.7058],[153.6226,-28.7056],[153.6226,-28.7058]]],[[[153.6203,-28.7056],[153.6209,-28.7054],[153.6208,-28.7051],[153.6203,-28.7056]]],[[[153.6195,-28.7077],[153.6193,-28.7079],[153.6195,-28.7078],[153.6195,-28.7077]]],[[[153.6188,-28.7229],[153.6192,-28.7229],[153.619,-28.7227],[153.6188,-28.7229]]],[[[153.6184,-28.7114],[153.6185,-28.7114],[153.6183,-28.7113],[153.6184,-28.7114]]]]},"properties":{"lga_code_2024":"11350","lga_name_2024":"Byron","state_name_2021":"New South Wales"},"id":11350},{"type":"Feature","geometry":{"type":"Polygon","coordinates":[[[148.4302,-33.2161],[148.4282,-33.2392],[148.3971,-33.27],[148.4157,-33.3272],[148.3843,-33.3531],[148.4147,-33.3703],[148.4182,-33.385],[148.4031,-33.3924],[148.4064,-33.4055],[148.3459,-33.4209],[148.3652,-33.4353],[148.3616,-33.4492],[148.3186,-33.4491],[148.3081,-33.4579],[148.3161,-33.4662],[148.3052,-33.4626],[148.2902,-33.4864],[148.3098,-33.5002],[148.3513,-33.4941],[148.3593,-33.5124],[148.3928,-33.5187],[148.4002,-33.5351],[148.3912,-33.547],[148.4236,-33.5652],[148.4167,-33.574],[148.3905,-33.5677],[148.3885,-33.5797],[148.418,-33.5962],[148.4154,-33.6062],[148.445,-33.6142],[148.4789,-33.601],[148.4835,-33.5813],[148.5182,-33.5722],[148.5457,-33.6034],[148.6227,-33.5925],[148.6298,-33.5706],[148.6518,-33.5601],[148.6525,-33.5771],[148.6828,-33.5864],[148.7698,-33.526],[148.8104,-33.5465],[148.8289,-33.5742],[148.858,-33.5577],[148.8547,-33.5446],[148.8741,-33.5323],[148.9192,-33.4476],[149.0508,-33.4639],[149.0662,-33.4207],[149.1709,-33.4326],[149.1516,-33.3938],[149.058,-33.3888],[149.0094,-33.3661],[149.0423,-33.3197],[149.0505,-33.2839],[149.0324,-33.2736],[149.0433,-33.2225],[149.166,-33.2283],[149.161,-33.2843],[149.1884,-33.303],[149.181,-33.3378],[149.192,-33.3396],[149.1934,-33.3618],[149.2319,-33.3819],[149.2266,-33.411],[149.2365,-33.4124],[149.2385,-33.4413],[149.3472,-33.4615],[149.3637,-33.4529],[149.3413,-33.4466],[149.3415,-33.4324],[149.2989,-33.4277],[149.3127,-33.3506],[149.3372,-33.3279],[149.3259,-33.2872],[149.3108,-33.276],[149.3215,-33.2632],[149.3134,-33.239],[149.3442,-33.2388],[149.3504,-33.1511],[149.3171,-33.1466],[149.3238,-33.0617],[149.2969,-33.061],[149.274,-33.0441],[149.2807,-33.0084],[149.2495,-33.0129],[149.2322,-32.9987],[149.2231,-33.0224],[149.1907,-33.0379],[149.168,-33.0345],[149.162,-33.0027],[149.128,-33.0084],[149.1185,-33.0237],[149.1336,-33.0631],[149.0572,-33.0331],[149.0318,-33.0466],[149.0138,-33.0411],[149.0203,-32.9678],[148.985,-32.9624],[148.9522,-32.9003],[148.9587,-32.8919],[148.9031,-32.9084],[148.8862,-32.896],[148.8537,-32.8963],[148.8583,-32.8786],[148.842,-32.872],[148.8085,-32.8797],[148.7811,-32.8293],[148.7255,-32.8005],[148.7032,-32.7628],[148.6912,-32.7691],[148.6716,-32.7434],[148.6507,-32.7483],[148.6478,-32.7106],[148.6913,-32.6667],[148.667,-32.6309],[148.6637,-32.6413],[148.6374,-32.6333],[148.6311,-32.6519],[148.6141,-32.6536],[148.5012,-32.6141],[148.4753,-32.6278],[148.4593,-32.6074],[148.3755,-32.6304],[148.3618,-32.6219],[148.3473,-32.6416],[148.3469,-32.6769],[148.335,-32.679],[148.3295,-32.701],[148.3276,-32.8008],[148.3783,-32.8326],[148.3831,-32.8506],[148.3722,-32.9716],[148.3896,-32.9741],[148.3994,-32.9592],[148.4302,-32.9699],[148.5072,-33.0534],[148.4866,-33.1232],[148.5043,-33.1342],[148.4986,-33.187],[148.4667,-33.2088],[148.4303,-33.2005],[148.4302,-33.2161]]]},"properties":{"lga_code_2024":"11400","lga_name_2024":"Cabonne","state_name_2021":"New South Wales"},"id":11400},{"type":"Feature","geometry":{"type":"Polygon","coordinates":[[[150.6296,-33.9571],[150.6286,-33.9725],[150.6708,-33.9877],[150.6499,-34.0084],[150.6721,-34.0292],[150.6489,-34.082],[150.7094,-34.0934],[150.7066,-34.0776],[150.7664,-34.0781],[150.7888,-34.0405],[150.7965,-34.044],[150.7877,-34.0154],[150.8226,-33.952],[150.708,-33.9388],[150.6296,-33.9571]]]},"properties":{"lga_code_2024":"11450","lga_name_2024":"Camden","state_name_2021":"New South Wales"},"id":11450},{"type":"Feature","geometry":{"type":"Polygon","coordinates":[[[150.8994,-34.1896],[150.9336,-34.1094],[150.9366,-34.0951],[150.9233,-34.0898],[150.9372,-34.0754],[150.9408,-34.04],[150.8867,-34.0321],[150.8892,-34.0046],[150.8929,-34.0195],[150.9069,-34.0175],[150.9132,-33.9648],[150.8868,-33.9582],[150.8445,-33.9845],[150.8151,-33.9679],[150.7877,-34.0154],[150.7965,-34.044],[150.7888,-34.0405],[150.7664,-34.0781],[150.741,-34.0833],[150.7377,-34.1146],[150.7567,-34.1219],[150.7521,-34.1639],[150.8994,-34.1896]]]},"properties":{"lga_code_2024":"11500","lga_name_2024":"Campbelltown (NSW)","state_name_2021":"New South Wales"},"id":11500},{"type":"Feature","geometry":{"type":"Polygon","coordinates":[[[151.0945,-33.8719],[151.137,-33.8731],[151.1662,-33.8549],[151.154,-33.8421],[151.1423,-33.8534],[151.1277,-33.8438],[151.1188,-33.8646],[151.121,-33.8418],[151.1041,-33.8344],[151.0998,-33.8443],[151.0873,-33.823],[151.078,-33.8465],[151.0945,-33.8719]]]},"properties":{"lga_code_2024":"11520","lga_name_2024":"Canada Bay","state_name_2021":"New South Wales"},"id":11520},{"type":"Feature","geometry":{"type":"Polygon","coordinates":[[[150.9905,-33.8641],[150.9671,-33.8901],[150.979,-33.9292],[150.966,-33.9425],[150.9971,-33.9823],[151.0157,-33.982],[151.0226,-33.9641],[151.0245,-33.9772],[151.0412,-33.9732],[151.0419,-33.9474],[151.1551,-33.9259],[151.1222,-33.9063],[151.1251,-33.8957],[151.0643,-33.9078],[151.0682,-33.8858],[151.0309,-33.8881],[150.9905,-33.8641]]]},"properties":{"lga_code_2024":"11570","lga_name_2024":"Canterbury-Bankstown","state_name_2021":"New South Wales"},"id":11570},{"type":"Feature","geometry":{"type":"Polygon","coordinates":[[[144.3687,-33.2827],[144.3577,-33.3228],[144.3666,-33.3241],[144.3649,-33.3598],[144.3955,-33.3633],[144.3824,-33.4404],[144.4414,-33.4525],[144.4316,-33.5131],[144.5445,-33.5257],[144.5527,-33.4882],[144.6177,-33.4978],[144.6144,-33.512],[144.7276,-33.5251],[144.7028,-33.5082],[144.7061,-33.4847],[144.6915,-33.4623],[144.8081,-33.4751],[144.802,-33.5123],[144.8342,-33.5055],[144.8118,-33.684],[144.9343,-33.7162],[144.9275,-33.7537],[144.9651,-33.7589],[144.996,-33.7395],[145.0386,-33.7351],[145.044,-33.7096],[145.0657,-33.7254],[145.1023,-33.7238],[145.1189,-33.7111],[145.1547,-33.7172],[145.1746,-33.696],[145.1625,-33.7714],[145.2146,-33.826],[145.0347,-33.9402],[145.1344,-34.0497],[145.1238,-34.0767],[145.1627,-34.0811],[145.2584,-34.1773],[145.2064,-34.4888],[145.232,-34.5067],[145.2549,-34.4985],[145.2511,-34.4842],[145.2684,-34.474],[145.33,-34.4744],[145.3162,-34.456],[145.346,-34.4606],[145.3595,-34.4427],[145.3903,-34.4667],[145.4058,-34.4359],[145.4153,-34.4496],[145.4331,-34.4393],[145.4439,-34.4684],[145.4579,-34.4444],[145.4856,-34.4559],[145.4938,-34.4514],[145.4848,-34.4425],[145.5094,-34.4363],[145.5261,-34.4402],[145.5247,-34.4508],[145.5597,-34.4426],[145.5749,-34.4607],[145.5873,-34.4507],[145.6077,-34.4721],[145.6044,-34.4621],[145.6196,-34.4536],[145.6339,-34.4737],[145.6969,-34.469],[145.6839,-34.4961],[145.7034,-34.5103],[145.6994,-34.5196],[145.7319,-34.5343],[145.7488,-34.5273],[145.7971,-34.5634],[145.8335,-34.5536],[145.8552,-34.5799],[145.8895,-34.5563],[145.9326,-34.563],[145.9493,-34.5531],[145.9667,-34.4532],[145.9054,-34.4395],[145.8264,-34.4408],[145.8329,-34.3453],[145.7658,-34.3374],[145.7608,-34.3666],[145.7348,-34.3634],[145.7762,-34.1159],[145.7916,-34.1178],[145.7949,-34.0989],[145.8585,-34.115],[146.0474,-34.1254],[146.0447,-34.141],[146.0824,-34.1455],[146.0943,-34.1408],[146.0775,-34.1389],[146.0761,-34.1247],[146.1535,-34.1338],[146.1505,-34.1512],[146.1801,-34.1543],[146.1763,-34.1763],[146.1969,-34.1788],[146.1936,-34.1977],[146.2139,-34.1819],[146.2468,-34.1812],[146.2344,-34.2532],[146.3286,-34.2636],[146.3595,-34.0837],[146.4646,-34.0964],[146.4928,-33.9197],[146.4174,-33.9106],[146.4372,-33.7945],[146.0703,-33.7535],[146.0951,-33.6031],[146.054,-33.4758],[146.067,-33.3568],[146.0861,-33.3374],[146.0811,-33.304],[146.0952,-33.2784],[146.0589,-33.2118],[146.0936,-33.1891],[146.0317,-33.0936],[145.9053,-33.0877],[145.9068,-33.0786],[145.8726,-33.0748],[145.8709,-33.0863],[145.6453,-33.0803],[145.6685,-32.9359],[145.6518,-32.9354],[145.6719,-32.8057],[145.5865,-32.7962],[145.5957,-32.7378],[145.5566,-32.7333],[145.5489,-32.7652],[145.5691,-32.7579],[145.5508,-32.7916],[145.5379,-32.7833],[145.5449,-32.7754],[145.5043,-32.7701],[145.5104,-32.7279],[145.4675,-32.7225],[145.4149,-32.7614],[145.4126,-32.7759],[145.3306,-32.7667],[145.3443,-32.6825],[145.2573,-32.6713],[145.2494,-32.7244],[145.165,-32.7148],[145.1076,-33.0337],[145.0277,-33.0219],[145.008,-33.0355],[144.9849,-33.0216],[144.9859,-33.0705],[144.9628,-33.0873],[144.9089,-33.0744],[144.9131,-33.0491],[144.7982,-33.0362],[144.778,-33.1635],[144.7572,-33.1524],[144.7473,-33.1618],[144.7334,-33.2314],[144.6457,-33.2224],[144.6426,-33.2411],[144.6122,-33.2378],[144.5957,-33.27],[144.5802,-33.2684],[144.5775,-33.2887],[144.5492,-33.2855],[144.5469,-33.3],[144.4718,-33.299],[144.4335,-33.2805],[144.3687,-33.2827]]]},"properties":{"lga_code_2024":"11600","lga_name_2024":"Carrathool","state_name_2021":"New South Wales"},"id":11600},{"type":"Feature","geometry":{"type":"MultiPolygon","coordinates":[[[[151.3315,-33.0622],[151.3048,-33.0437],[151.2664,-33.0576],[151.2617,-33.0989],[151.2325,-33.1085],[151.2026,-33.1389],[151.1355,-33.1104],[151.1077,-33.128],[151.0967,-33.1934],[151.1068,-33.2313],[151.1,-33.2616],[151.0869,-33.269],[151.0896,-33.3269],[151.0311,-33.3516],[151.0004,-33.3505],[150.9841,-33.3716],[150.9943,-33.399],[151.0319,-33.4054],[151.0323,-33.4273],[151.0632,-33.4425],[151.0678,-33.4596],[151.0809,-33.4467],[151.0967,-33.4802],[151.1148,-33.4638],[151.1403,-33.469],[151.1688,-33.4285],[151.1728,-33.4383],[151.1517,-33.4595],[151.1721,-33.4695],[151.1533,-33.4883],[151.1634,-33.5153],[151.1822,-33.5011],[151.1993,-33.5361],[151.1919,-33.4888],[151.2147,-33.4705],[151.232,-33.4731],[151.2375,-33.4538],[151.2377,-33.4756],[151.2143,-33.4764],[151.1976,-33.4952],[151.227,-33.5305],[151.2314,-33.5074],[151.2657,-33.4849],[151.2373,-33.5109],[151.2368,-33.5281],[151.255,-33.5353],[151.2459,-33.5556],[151.2587,-33.5706],[151.2739,-33.5509],[151.3097,-33.5546],[151.3127,-33.5298],[151.3504,-33.5157],[151.3304,-33.4983],[151.3366,-33.4844],[151.2996,-33.4958],[151.318,-33.4862],[151.3045,-33.4816],[151.3071,-33.4679],[151.3241,-33.4768],[151.3135,-33.4608],[151.3294,-33.4505],[151.3228,-33.4278],[151.3387,-33.4299],[151.3419,-33.4507],[151.3695,-33.4387],[151.3538,-33.4597],[151.3597,-33.4696],[151.3359,-33.4743],[151.3421,-33.4812],[151.3697,-33.492],[151.367,-33.4743],[151.3828,-33.472],[151.3757,-33.5006],[151.3586,-33.4898],[151.3525,-33.5014],[151.3412,-33.4893],[151.3634,-33.5209],[151.3359,-33.5223],[151.345,-33.547],[151.3643,-33.5307],[151.419,-33.5215],[151.4279,-33.4946],[151.4469,-33.4865],[151.4355,-33.468],[151.4526,-33.4511],[151.445,-33.4354],[151.5044,-33.3625],[151.494,-33.3365],[151.4741,-33.3659],[151.4488,-33.3546],[151.4418,-33.3299],[151.4686,-33.3285],[151.4416,-33.3071],[151.465,-33.3019],[151.4946,-33.2638],[151.519,-33.2617],[151.5081,-33.223],[151.5272,-33.2202],[151.5344,-33.2393],[151.5616,-33.2397],[151.5554,-33.199],[151.5775,-33.1968],[151.5858,-33.2081],[151.558,-33.252],[151.5532,-33.2442],[151.5392,-33.2615],[151.5204,-33.2627],[151.5456,-33.2777],[151.5028,-33.3269],[151.5031,-33.3439],[151.5253,-33.315],[151.579,-33.2822],[151.5636,-33.2717],[151.5658,-33.2457],[151.6301,-33.185],[151.597,-33.172],[151.5814,-33.1027],[151.5839,-33.1229],[151.5572,-33.1316],[151.5528,-33.1457],[151.5719,-33.1548],[151.5679,-33.1753],[151.5358,-33.1433],[151.5277,-33.18],[151.5122,-33.1943],[151.4905,-33.1868],[151.4551,-33.2028],[151.411,-33.1941],[151.3986,-33.1857],[151.4041,-33.1736],[151.39,-33.1699],[151.3975,-33.165],[151.3789,-33.0997],[151.3315,-33.0622]]],[[[151.315,-33.5558],[151.318,-33.5586],[151.3209,-33.5572],[151.315,-33.5558]]],[[[151.2045,-33.5328],[151.2168,-33.53],[151.2122,-33.5278],[151.2045,-33.5328]]],[[[151.5727,-33.2907],[151.5719,-33.2894],[151.5705,-33.29],[151.5727,-33.2907]]]]},"properties":{"lga_code_2024":"11650","lga_name_2024":"Central Coast (NSW)","state_name_2021":"New South Wales"},"id":11650},{"type":"Feature","geometry":{"type":"Polygon","coordinates":[[[142.3765,-32.9737],[142.428,-32.979],[142.4245,-33.0052],[142.548,-33.0171],[142.5519,-32.9916],[142.5155,-32.8475],[142.9443,-32.8905],[142.9646,-32.7485],[143.2712,-32.7802],[143.2696,-32.7914],[143.4324,-32.8084],[143.417,-32.9075],[143.4996,-32.9183],[143.5059,-32.876],[143.592,-32.8851],[143.5852,-32.931],[143.6718,-32.9408],[143.6534,-33.0124],[143.5728,-33.0124],[143.5525,-33.1405],[143.6373,-33.1499],[143.6665,-33.1791],[143.721,-33.1405],[143.7899,-33.1489],[143.8167,-33.1374],[143.839,-33.1546],[143.8982,-33.1614],[143.9059,-33.1157],[144.2514,-33.1551],[144.2363,-33.2498],[144.2778,-33.2542],[144.2626,-33.2729],[144.4335,-33.2805],[144.4887,-33.3005],[144.5775,-33.2887],[144.5802,-33.2684],[144.5957,-33.27],[144.6122,-33.2378],[144.6426,-33.2411],[144.6457,-33.2224],[144.7334,-33.2314],[144.7473,-33.1618],[144.7572,-33.1524],[144.778,-33.1635],[144.7982,-33.0362],[144.9131,-33.0491],[144.9089,-33.0744],[144.9628,-33.0873],[144.9859,-33.0705],[144.9849,-33.0216],[145.008,-33.0355],[145.0277,-33.0219],[145.1076,-33.0337],[145.1595,-32.7472],[144.958,-32.7233],[144.9884,-32.5283],[144.948,-32.5234],[144.8914,-32.5599],[144.8762,-32.5429],[144.8592,-32.5537],[144.8172,-32.5073],[144.6645,-32.4907],[144.6744,-32.4253],[144.5984,-32.4637],[144.5846,-32.4349],[144.4376,-32.2748],[144.3789,-32.3138],[144.2762,-32.1982],[144.3158,-32.1724],[144.2125,-32.0575],[144.1437,-32.1018],[144.0382,-31.9866],[144.1082,-31.941],[144.1524,-31.9904],[144.2152,-31.9487],[144.228,-31.9632],[144.3011,-31.9156],[144.2432,-31.8527],[144.5133,-31.6748],[144.4097,-31.5595],[144.3269,-31.6137],[144.0362,-31.2962],[144.0484,-31.2782],[144.0353,-31.2759],[144.039,-31.2629],[144.0165,-31.2313],[144.0677,-31.1897],[144.1113,-31.1896],[144.1101,-31.1696],[144.1333,-31.1612],[144.1467,-31.1368],[144.185,-31.116],[144.1934,-31.1252],[144.2225,-31.1132],[144.2452,-31.0882],[144.2332,-31.08],[144.2477,-31.079],[144.2458,-31.0593],[144.3274,-31.0853],[144.3497,-31.065],[144.3414,-31.0576],[144.3633,-31.0475],[144.357,-31.038],[144.3789,-31.0295],[144.3494,-31.007],[144.3677,-31.006],[144.3824,-30.9891],[144.37,-30.9828],[144.3904,-30.9738],[144.3847,-30.9602],[144.4056,-30.9662],[144.3967,-30.9547],[144.4099,-30.9578],[144.421,-30.935],[144.4358,-30.9383],[144.4931,-30.9021],[144.5131,-30.9117],[144.5201,-30.8903],[144.5631,-30.9046],[144.5697,-30.897],[144.5754,-30.9123],[144.5823,-30.8987],[144.5977,-30.9086],[144.6048,-30.8925],[144.6301,-30.9075],[144.6386,-30.8926],[144.6614,-30.8949],[144.1977,-30.372],[144.1261,-30.424],[144.0924,-30.3866],[144.1135,-30.3319],[144.0268,-30.3244],[144.0396,-30.2814],[143.9412,-30.2731],[143.9422,-30.2897],[143.509,-30.2426],[143.4975,-30.3232],[143.2921,-30.3018],[143.2902,-30.314],[143.0204,-30.3159],[143.0211,-30.4628],[142.8535,-30.4636],[142.8533,-30.6049],[142.7637,-30.6052],[142.764,-30.7134],[142.7393,-30.7134],[142.741,-31.0048],[142.5853,-31.0041],[142.5848,-31.0704],[142.7554,-31.0701],[142.7559,-31.3356],[142.7261,-31.3358],[142.7265,-31.5145],[142.8235,-31.5896],[142.7863,-31.6151],[142.8299,-31.638],[142.8256,-31.6708],[142.8917,-31.7324],[142.8211,-31.7945],[142.8576,-31.8234],[142.8099,-31.8694],[142.7851,-31.8386],[142.7465,-31.8212],[142.6802,-31.8568],[142.6942,-31.8681],[142.3719,-32.1224],[142.3702,-32.2077],[142.3455,-32.2245],[142.2954,-32.2142],[142.2959,-32.2753],[142.2735,-32.2845],[142.254,-32.3517],[142.2435,-32.3489],[142.2602,-32.3683],[142.2375,-32.3794],[142.1115,-32.3674],[142.0918,-32.4679],[142.1144,-32.4794],[142.1161,-32.5153],[142.0982,-32.5251],[142.1312,-32.5962],[142.2484,-32.6105],[142.2365,-32.7548],[142.3881,-32.7696],[142.3862,-32.7924],[142.375,-32.7857],[142.366,-32.814],[142.3432,-32.8285],[142.3649,-32.8455],[142.3587,-32.8626],[142.3704,-32.8778],[142.3466,-32.8924],[142.3763,-32.9071],[142.3613,-32.9215],[142.3774,-32.9281],[142.3582,-32.9579],[142.3765,-32.9737]]]},"properties":{"lga_code_2024":"11700","lga_name_2024":"Central Darling","state_name_2021":"New South Wales"},"id":11700},{"type":"Feature","geometry":{"type":"Polygon","coordinates":[[[150.8048,-33.006],[150.8302,-33.0331],[150.8553,-33.0326],[150.847,-33.0981],[150.8587,-33.0941],[150.8844,-33.119],[150.9241,-33.1111],[150.9659,-33.1299],[151.0352,-33.1241],[151.0521,-33.0802],[151.0839,-33.0752],[151.2026,-33.1389],[151.2325,-33.1085],[151.2617,-33.0989],[151.2664,-33.0576],[151.3048,-33.0437],[151.3315,-33.0622],[151.3411,-33.0434],[151.3738,-33.0384],[151.3862,-33.0063],[151.4476,-32.9928],[151.464,-32.9679],[151.5167,-32.9666],[151.5138,-32.9234],[151.5368,-32.9005],[151.5411,-32.8723],[151.6094,-32.8803],[151.6236,-32.8103],[151.6077,-32.808],[151.6108,-32.7922],[151.5417,-32.7829],[151.5377,-32.8011],[151.5206,-32.7985],[151.5252,-32.7771],[151.4894,-32.7753],[151.4946,-32.7517],[151.4629,-32.7467],[151.4669,-32.7281],[151.4495,-32.7258],[151.4459,-32.7429],[151.4204,-32.7394],[151.4235,-32.7235],[151.4005,-32.7028],[151.4031,-32.6629],[151.3404,-32.6488],[151.3171,-32.7098],[151.2765,-32.7042],[151.268,-32.7471],[151.2168,-32.7417],[151.2088,-32.7539],[151.225,-32.7662],[151.2179,-32.7819],[151.0923,-32.8307],[151.0855,-32.8671],[151.0625,-32.8691],[151.0672,-32.893],[151.0061,-32.9536],[150.8136,-32.9199],[150.8248,-32.9442],[150.8086,-32.9768],[150.8194,-32.9925],[150.8048,-33.006]]]},"properties":{"lga_code_2024":"11720","lga_name_2024":"Cessnock","state_name_2021":"New South Wales"},"id":11720},{"type":"Feature","geometry":{"type":"MultiPolygon","coordinates":[[[[152.689,-29.0228],[152.6619,-29.0199],[152.6646,-29.0045],[152.5301,-28.9884],[152.4867,-28.97],[152.4626,-28.9759],[152.4762,-28.9904],[152.4639,-28.992],[152.4717,-29.0049],[152.4552,-29.0205],[152.4598,-29.0316],[152.4238,-29.0366],[152.4439,-29.0398],[152.419,-29.081],[152.455,-29.089],[152.4442,-29.1442],[152.4138,-29.1613],[152.4251,-29.1784],[152.4052,-29.2112],[152.4141,-29.2289],[152.3516,-29.2489],[152.3065,-29.2831],[152.3147,-29.2985],[152.2983,-29.3074],[152.3362,-29.334],[152.3315,-29.3418],[152.4521,-29.3589],[152.4322,-29.3926],[152.4087,-29.3985],[152.4043,-29.4328],[152.3888,-29.4453],[152.4125,-29.5069],[152.3545,-29.5455],[152.3264,-29.655],[152.3125,-29.6514],[152.3118,-29.6645],[152.2895,-29.6763],[152.2807,-29.6659],[152.2617,-29.6984],[152.2707,-29.7071],[152.2551,-29.7341],[152.2606,-29.757],[152.2148,-29.7616],[152.1909,-29.7885],[152.1931,-29.8067],[152.1703,-29.8221],[152.1776,-29.8477],[152.1688,-29.8699],[152.2221,-29.872],[152.2735,-29.8462],[152.282,-29.8569],[152.2856,-29.908],[152.2697,-29.9115],[152.2784,-29.9179],[152.2669,-29.9253],[152.2834,-29.9251],[152.2696,-29.9325],[152.2735,-29.9563],[152.308,-29.9802],[152.3006,-29.9854],[152.3171,-30.0059],[152.3152,-30.0342],[152.2946,-30.0408],[152.2999,-30.0711],[152.2795,-30.0995],[152.2983,-30.1171],[152.3049,-30.1614],[152.3166,-30.1617],[152.3032,-30.1792],[152.3171,-30.1821],[152.3105,-30.2008],[152.3504,-30.2352],[152.3373,-30.2582],[152.3518,-30.3554],[152.3819,-30.3626],[152.3875,-30.3832],[152.4281,-30.4189],[152.4381,-30.4002],[152.4846,-30.3908],[152.4805,-30.3325],[152.4934,-30.3369],[152.555,-30.2809],[152.5612,-30.2336],[152.6162,-30.2581],[152.6554,-30.2553],[152.6977,-30.2236],[152.694,-30.2111],[152.7075,-30.2042],[152.693,-30.189],[152.7508,-30.1966],[152.7552,-30.1808],[152.8035,-30.1896],[152.7957,-30.1559],[152.8084,-30.1474],[152.8081,-30.1257],[152.8245,-30.1308],[152.8218,-30.1427],[152.8572,-30.1478],[152.8828,-30.1268],[152.9177,-30.1543],[152.9342,-30.1238],[152.9734,-30.1299],[152.969,-30.0872],[153.0176,-30.0965],[153.0512,-30.0683],[153.0443,-30.0443],[153.063,-30.0345],[153.0903,-30.047],[153.1053,-30.0173],[153.091,-30.0139],[153.0942,-29.9958],[153.1092,-29.9963],[153.1224,-29.9763],[153.1442,-29.9805],[153.1337,-29.9346],[153.1522,-29.9371],[153.1551,-29.9213],[153.1607,-29.93],[153.1823,-29.9128],[153.2087,-29.9165],[153.2352,-29.8971],[153.2618,-29.9399],[153.2769,-29.8933],[153.2677,-29.8649],[153.2944,-29.8251],[153.288,-29.7983],[153.3039,-29.7745],[153.296,-29.7368],[153.334,-29.6746],[153.3206,-29.6614],[153.3428,-29.6083],[153.3324,-29.5866],[153.3626,-29.5254],[153.3587,-29.4961],[153.3688,-29.4841],[153.3584,-29.4665],[153.3728,-29.4403],[153.3633,-29.4216],[153.3767,-29.3656],[153.3513,-29.3552],[153.3403,-29.3204],[153.3598,-29.2637],[153.3177,-29.2396],[153.2884,-29.2514],[153.2071,-29.2418],[153.2067,-29.2634],[153.143,-29.2425],[153.1444,-29.2819],[153.1114,-29.2742],[153.1005,-29.317],[153.0809,-29.3125],[153.0207,-29.343],[152.9948,-29.3277],[152.9475,-29.3327],[152.9142,-29.3107],[152.8974,-29.3215],[152.8715,-29.3094],[152.8479,-29.3232],[152.8128,-29.3172],[152.8089,-29.2994],[152.8245,-29.2744],[152.8086,-29.2359],[152.774,-29.2195],[152.7736,-29.2032],[152.7546,-29.1901],[152.718,-29.1823],[152.7591,-29.0904],[152.7434,-29.0759],[152.7207,-29.0796],[152.689,-29.0228]]],[[[153.2582,-29.9728],[153.2595,-29.9741],[153.2594,-29.973],[153.2582,-29.9728]]],[[[153.2598,-29.9754],[153.2609,-29.9751],[153.2602,-29.9741],[153.2598,-29.9754]]],[[[153.2785,-29.9187],[153.2758,-29.9203],[153.2773,-29.9207],[153.2785,-29.9187]]],[[[153.3031,-29.7732],[153.304,-29.7737],[153.3036,-29.7727],[153.3031,-29.7732]]],[[[153.3006,-29.7709],[153.3015,-29.7708],[153.3004,-29.7706],[153.3006,-29.7709]]],[[[153.3905,-29.9262],[153.3924,-29.9241],[153.3888,-29.9231],[153.3905,-29.9262]]],[[[153.3926,-29.9317],[153.3948,-29.9328],[153.3928,-29.9274],[153.3926,-29.9317]]],[[[153.3657,-29.3602],[153.3664,-29.3596],[153.3655,-29.3598],[153.3657,-29.3602]]],[[[153.3615,-29.3564],[153.362,-29.3559],[153.3615,-29.3558],[153.3615,-29.3564]]]]},"properties":{"lga_code_2024":"11730","lga_name_2024":"Clarence Valley","state_name_2021":"New South Wales"},"id":11730},{"type":"Feature","geometry":{"type":"Polygon","coordinates":[[[145.1595,-32.7472],[145.165,-32.7148],[145.2494,-32.7244],[145.2573,-32.6713],[145.3443,-32.6825],[145.3306,-32.7667],[145.4126,-32.7759],[145.4149,-32.7614],[145.4675,-32.7225],[145.5104,-32.7279],[145.5043,-32.7701],[145.5449,-32.7754],[145.5379,-32.7833],[145.5508,-32.7916],[145.5691,-32.7579],[145.5489,-32.7652],[145.5566,-32.7333],[145.5957,-32.7378],[145.5865,-32.7962],[145.6719,-32.8057],[145.6518,-32.9354],[145.6685,-32.9359],[145.6453,-33.0803],[145.8709,-33.0863],[145.8726,-33.0748],[145.9068,-33.0786],[145.9053,-33.0877],[146.0317,-33.0936],[146.0936,-33.1891],[146.0589,-33.2118],[146.0951,-33.2762],[146.1036,-33.2614],[146.1312,-33.2612],[146.1238,-33.2453],[146.1374,-33.2273],[146.2014,-33.2366],[146.2247,-33.2277],[146.2315,-33.2411],[146.2541,-33.2358],[146.2477,-33.2191],[146.2904,-33.2274],[146.3077,-33.1875],[146.357,-33.194],[146.3557,-33.2038],[146.3763,-33.1956],[146.3828,-33.2172],[146.3683,-33.2212],[146.3842,-33.2358],[146.3941,-33.2238],[146.4268,-33.2211],[146.4407,-33.1963],[146.46,-33.1973],[146.454,-33.1728],[146.4786,-33.158],[146.4632,-33.1374],[146.4741,-33.1105],[146.5239,-33.1069],[146.5502,-33.0838],[146.5598,-33.0965],[146.5806,-33.0772],[146.5936,-33.0861],[146.6395,-33.0549],[146.6448,-33.0313],[146.6907,-33.0233],[146.705,-33.0323],[146.3196,-31.5726],[146.5483,-31.3022],[146.4665,-31.1799],[146.3659,-31.2293],[146.3372,-31.1941],[146.3147,-31.1521],[146.3636,-31.1224],[146.2851,-31.0318],[146.4378,-30.9605],[146.4272,-30.9432],[146.416,-30.9483],[146.3021,-30.7909],[146.2323,-30.8273],[146.125,-30.656],[146.0572,-30.6894],[146.0704,-30.7095],[145.9923,-30.7479],[145.9689,-30.7121],[145.8881,-30.7421],[145.9209,-30.7941],[145.7791,-30.8624],[145.7344,-30.7955],[145.6608,-30.8309],[145.6693,-30.8442],[145.6534,-30.8508],[145.6633,-30.8641],[145.5759,-30.9108],[145.6076,-30.9589],[145.5646,-30.9799],[145.3842,-30.6969],[145.2455,-30.7648],[145.2286,-30.7316],[145.0633,-30.7986],[145.1259,-30.8912],[145.0874,-30.9142],[145.0651,-30.8893],[145.0096,-30.9261],[144.9799,-30.894],[144.9225,-30.9368],[144.9121,-30.925],[144.8143,-30.9931],[144.6994,-30.8679],[144.6885,-30.8918],[144.6386,-30.8926],[144.6321,-30.9073],[144.6079,-30.8921],[144.5977,-30.9086],[144.5823,-30.8987],[144.5745,-30.9122],[144.5697,-30.897],[144.5631,-30.9046],[144.5201,-30.8903],[144.5145,-30.911],[144.4954,-30.9121],[144.4931,-30.9021],[144.4358,-30.9383],[144.4194,-30.9361],[144.4099,-30.9578],[144.3963,-30.9555],[144.4048,-30.9667],[144.3847,-30.9602],[144.3904,-30.9738],[144.3697,-30.9832],[144.3808,-30.992],[144.349,-31.0083],[144.3787,-31.0298],[144.357,-31.038],[144.3633,-31.0475],[144.3414,-31.0576],[144.3497,-31.065],[144.3274,-31.0853],[144.2458,-31.0593],[144.2477,-31.079],[144.2332,-31.08],[144.2452,-31.0882],[144.2225,-31.1132],[144.1934,-31.1252],[144.185,-31.116],[144.1467,-31.1368],[144.1333,-31.1612],[144.1101,-31.1696],[144.1113,-31.1896],[144.0677,-31.1897],[144.0165,-31.2313],[144.039,-31.2629],[144.0353,-31.2759],[144.0484,-31.2782],[144.0362,-31.2962],[144.3269,-31.6137],[144.4097,-31.5595],[144.5133,-31.6748],[144.2432,-31.8527],[144.3011,-31.9156],[144.228,-31.9632],[144.2152,-31.9487],[144.1524,-31.9904],[144.1082,-31.941],[144.0382,-31.9866],[144.1437,-32.1018],[144.2125,-32.0575],[144.3158,-32.1724],[144.2762,-32.1982],[144.3789,-32.3138],[144.4376,-32.2748],[144.5846,-32.4349],[144.5984,-32.4637],[144.6744,-32.4253],[144.6645,-32.4907],[144.8172,-32.5073],[144.8592,-32.5537],[144.8762,-32.5429],[144.8914,-32.5599],[144.948,-32.5234],[144.9884,-32.5283],[144.958,-32.7233],[145.1595,-32.7472]]]},"properties":{"lga_code_2024":"11750","lga_name_2024":"Cobar","state_name_2021":"New South Wales"},"id":11750},{"type":"Feature","geometry":{"type":"MultiPolygon","coordinates":[[[[153.2615,-29.9401],[153.2352,-29.8971],[153.2087,-29.9165],[153.1823,-29.9128],[153.1607,-29.93],[153.1551,-29.9213],[153.1522,-29.9371],[153.1337,-29.9346],[153.1442,-29.9805],[153.1224,-29.9763],[153.1092,-29.9963],[153.0942,-29.9958],[153.091,-30.0139],[153.1053,-30.0173],[153.0903,-30.047],[153.063,-30.0345],[153.0443,-30.0443],[153.0512,-30.0683],[153.0176,-30.0965],[152.969,-30.0872],[152.9734,-30.1299],[152.9342,-30.1238],[152.9177,-30.1543],[152.8828,-30.1268],[152.8572,-30.1478],[152.8218,-30.1427],[152.8245,-30.1308],[152.8081,-30.1257],[152.8084,-30.1474],[152.7957,-30.1559],[152.8012,-30.1918],[152.8554,-30.2534],[152.8331,-30.2734],[152.8201,-30.2658],[152.8198,-30.3004],[152.9655,-30.3485],[152.9576,-30.3888],[153.0602,-30.4488],[153.1045,-30.377],[153.1135,-30.3406],[153.1529,-30.3095],[153.1401,-30.3099],[153.1546,-30.3051],[153.1398,-30.2997],[153.1402,-30.2559],[153.167,-30.198],[153.2069,-30.1564],[153.1996,-30.1413],[153.2137,-30.1097],[153.1996,-30.1039],[153.2079,-30.0685],[153.1971,-30.0406],[153.2615,-29.9401]]],[[[153.0764,-30.4298],[153.0754,-30.4298],[153.0776,-30.4328],[153.0764,-30.4298]]],[[[153.1824,-30.2408],[153.1809,-30.2393],[153.1792,-30.2403],[153.1824,-30.2408]]],[[[153.2672,-30.2031],[153.2674,-30.2077],[153.2694,-30.206],[153.2672,-30.2031]]],[[[153.2253,-30.1604],[153.2267,-30.1624],[153.2291,-30.1609],[153.2253,-30.1604]]],[[[153.2069,-30.1308],[153.2089,-30.1301],[153.2071,-30.13],[153.2069,-30.1308]]],[[[153.2084,-30.0681],[153.208,-30.0681],[153.2082,-30.0683],[153.2084,-30.0681]]],[[[153.271,-30.0163],[153.2706,-30.0195],[153.2715,-30.0154],[153.271,-30.0163]]],[[[153.2077,-30.0953],[153.2073,-30.0956],[153.2076,-30.0957],[153.2077,-30.0953]]],[[[153.2081,-30.0959],[153.2084,-30.0958],[153.2079,-30.0959],[153.2081,-30.0959]]],[[[153.2079,-30.0964],[153.2083,-30.0962],[153.2079,-30.0961],[153.2079,-30.0964]]],[[[153.2062,-30.1299],[153.207,-30.1296],[153.2064,-30.1295],[153.2062,-30.1299]]],[[[153.2065,-30.0956],[153.2055,-30.0962],[153.2061,-30.0964],[153.2065,-30.0956]]],[[[153.1569,-30.234],[153.1572,-30.2345],[153.1575,-30.2338],[153.1569,-30.234]]],[[[153.1433,-30.2956],[153.1444,-30.2959],[153.144,-30.2949],[153.1433,-30.2956]]],[[[153.1459,-30.3018],[153.1455,-30.3021],[153.146,-30.3021],[153.1459,-30.3018]]],[[[153.1454,-30.3018],[153.1454,-30.3017],[153.145,-30.3019],[153.1454,-30.3018]]]]},"properties":{"lga_code_2024":"11800","lga_name_2024":"Coffs Harbour","state_name_2021":"New South Wales"},"id":11800},{"type":"Feature","geometry":{"type":"Polygon","coordinates":[[[146.8485,-34.8081],[146.8699,-34.8253],[146.9541,-34.8288],[146.9567,-34.8438],[146.9593,-34.8294],[147.0808,-34.8455],[147.0931,-34.8246],[147.0905,-34.8805],[147.3236,-34.9073],[147.3583,-34.8974],[147.3718,-34.8685],[147.393,-34.87],[147.3962,-34.8528],[147.385,-34.8466],[147.4083,-34.8416],[147.412,-34.7952],[147.4646,-34.7547],[147.4818,-34.7021],[147.4774,-34.6618],[147.4585,-34.6289],[147.4165,-34.6598],[147.3744,-34.6584],[147.3352,-34.5655],[147.108,-34.5365],[147.1289,-34.4265],[147.0829,-34.4209],[147.0862,-34.3892],[147.0991,-34.3909],[147.1077,-34.3172],[147.0479,-34.2965],[146.9796,-34.3103],[146.9795,-34.2991],[146.9345,-34.2935],[146.9114,-34.3097],[146.8251,-34.299],[146.7918,-34.4723],[146.9116,-34.4826],[146.8485,-34.8081]]]},"properties":{"lga_code_2024":"12000","lga_name_2024":"Coolamon","state_name_2021":"New South Wales"},"id":12000},{"type":"Feature","geometry":{"type":"Polygon","coordinates":[[[148.3072,-31.4158],[148.3546,-31.4102],[148.3588,-31.3864],[148.3929,-31.3905],[148.3956,-31.3749],[148.4601,-31.3444],[148.5037,-31.3799],[148.5154,-31.3717],[148.5948,-31.3893],[148.599,-31.3632],[148.6152,-31.3651],[148.6203,-31.3352],[148.6077,-31.3262],[148.6187,-31.2711],[148.6722,-31.2775],[148.7981,-31.2487],[148.921,-31.2586],[149.0258,-31.3055],[149.0405,-31.289],[149.0628,-31.2895],[149.0662,-31.2758],[149.0318,-31.2634],[149.0195,-31.2405],[148.9545,-31.2285],[148.9552,-31.2136],[148.9345,-31.1957],[148.941,-31.1764],[148.9011,-31.0473],[148.834,-31.0286],[148.8731,-30.9137],[148.8568,-30.884],[148.8201,-30.8716],[148.8794,-30.8269],[148.8329,-30.7994],[148.7969,-30.7582],[148.8347,-30.5294],[148.7405,-30.5181],[148.7374,-30.5355],[148.666,-30.5267],[148.6714,-30.5659],[148.6469,-30.5627],[148.6437,-30.5816],[148.5862,-30.5652],[148.4745,-30.5076],[148.4785,-30.497],[148.3912,-30.4189],[148.3956,-30.3907],[148.3031,-30.3182],[148.2626,-30.3265],[148.2827,-30.3359],[148.2803,-30.3502],[148.2284,-30.3502],[148.2209,-30.3927],[148.2325,-30.4409],[148.1175,-30.5127],[148.0975,-30.4958],[148.0924,-30.4655],[148.1085,-30.4189],[147.9963,-30.413],[147.991,-30.4008],[147.955,-30.4327],[147.8453,-30.4792],[147.8478,-30.5403],[147.6213,-30.5128],[147.6006,-30.5261],[147.5964,-30.5638],[147.5733,-30.5732],[147.5919,-30.6562],[147.5691,-30.6898],[147.566,-30.7325],[147.5234,-30.7627],[147.5156,-30.8099],[147.6985,-30.8374],[147.6932,-30.8555],[147.7444,-30.9966],[147.811,-30.9797],[147.8148,-30.9921],[147.8666,-30.9845],[147.873,-31.0079],[147.9207,-31.0329],[147.9537,-31.0785],[147.9927,-31.1059],[147.9883,-31.132],[147.9715,-31.13],[147.9698,-31.1394],[147.993,-31.1455],[147.9875,-31.1796],[148.0645,-31.2506],[148.1207,-31.2749],[148.1165,-31.2841],[148.2053,-31.3493],[148.2292,-31.3885],[148.266,-31.4004],[148.2985,-31.3855],[148.3072,-31.4158]]]},"properties":{"lga_code_2024":"12150","lga_name_2024":"Coonamble","state_name_2021":"New South Wales"},"id":12150},{"type":"Feature","geometry":{"type":"Polygon","coordinates":[[[148.5483,-35.1322],[148.545,-35.1159],[148.5733,-35.0772],[148.5646,-35.0572],[148.5831,-35.0026],[148.5609,-35.005],[148.5587,-34.9876],[148.5315,-34.9899],[148.543,-34.9531],[148.536,-34.9285],[148.5498,-34.9095],[148.4171,-34.8968],[148.393,-34.9069],[148.3932,-34.8602],[148.3566,-34.8519],[148.3338,-34.8717],[148.3106,-34.8628],[148.2561,-34.7709],[148.2679,-34.7418],[148.2432,-34.7321],[148.2306,-34.7408],[148.2225,-34.7271],[148.2358,-34.7018],[148.2021,-34.6976],[148.2073,-34.6676],[148.1935,-34.6638],[148.214,-34.6303],[148.1928,-34.6215],[148.2091,-34.6054],[148.1938,-34.5952],[148.2031,-34.5832],[148.2371,-34.5823],[148.2244,-34.5807],[148.2285,-34.5593],[148.2057,-34.5557],[148.2239,-34.543],[148.1948,-34.5133],[148.2001,-34.4906],[148.1642,-34.4848],[148.1678,-34.4706],[148.1567,-34.4673],[148.1076,-34.4668],[148.0576,-34.4256],[148.0598,-34.4121],[148.0158,-34.4131],[148.0274,-34.3498],[147.8245,-34.3401],[147.8443,-34.3719],[147.8376,-34.3952],[147.8552,-34.4045],[147.8537,-34.427],[147.8755,-34.4571],[147.7904,-34.4468],[147.786,-34.4941],[147.7655,-34.5159],[147.7696,-34.5331],[147.8119,-34.5588],[147.8086,-34.5781],[147.8343,-34.5922],[147.8382,-34.6209],[147.8703,-34.6354],[147.8635,-34.7059],[147.8789,-34.7254],[147.9494,-34.743],[147.9316,-34.7866],[147.9488,-34.789],[147.9364,-34.8147],[147.9431,-34.8348],[147.927,-34.8523],[147.9035,-34.8555],[147.8986,-34.8829],[147.8549,-34.9221],[147.8361,-34.9811],[147.8522,-35.0182],[147.8399,-35.0642],[147.8167,-35.0884],[147.788,-35.085],[147.7883,-35.0973],[147.7591,-35.0893],[147.7534,-35.07],[147.7261,-35.0636],[147.6861,-35.0851],[147.7366,-35.0958],[147.7357,-35.1101],[147.7669,-35.1353],[147.7716,-35.1845],[147.7978,-35.2109],[147.834,-35.2217],[147.8548,-35.278],[147.8843,-35.2777],[147.8973,-35.231],[147.9586,-35.2291],[147.9778,-35.209],[147.9617,-35.1874],[148.112,-35.2038],[148.1222,-35.19],[148.1495,-35.1978],[148.1578,-35.1863],[148.1838,-35.1894],[148.1916,-35.1734],[148.2236,-35.1628],[148.1999,-35.1109],[148.2838,-35.1182],[148.3419,-35.1419],[148.3968,-35.1399],[148.3947,-35.1505],[148.4242,-35.1646],[148.4568,-35.1545],[148.4692,-35.0801],[148.5247,-35.0877],[148.5239,-35.1224],[148.5483,-35.1322]]]},"properties":{"lga_code_2024":"12160","lga_name_2024":"Cootamundra-Gundagai","state_name_2021":"New South Wales"},"id":12160},{"type":"Feature","geometry":{"type":"Polygon","coordinates":[[[148.4138,-33.6043],[148.3503,-33.6088],[148.3285,-33.6482],[148.356,-33.6461],[148.3531,-33.671],[148.3701,-33.6731],[148.3616,-33.6896],[148.3754,-33.6891],[148.334,-33.7472],[148.3709,-33.7438],[148.3562,-33.7819],[148.325,-33.8212],[148.3122,-33.8195],[148.3091,-33.8363],[148.3233,-33.8258],[148.3482,-33.8431],[148.3785,-33.8325],[148.4106,-33.8833],[148.4721,-33.8269],[148.5159,-33.9172],[148.4687,-33.9607],[148.4621,-33.9977],[148.445,-33.9973],[148.4422,-34.0119],[148.5455,-34.0334],[148.5591,-34.021],[148.5781,-34.0525],[148.6247,-34.0727],[148.6521,-34.0662],[148.6705,-34.0972],[148.6869,-34.0821],[148.731,-34.0787],[148.7631,-34.0383],[148.7437,-34.0207],[148.7527,-33.9992],[148.7653,-34.0006],[148.7674,-33.982],[148.804,-33.9839],[148.8079,-33.9639],[148.8215,-33.9658],[148.8317,-33.9452],[148.8506,-33.9522],[148.89,-33.9389],[148.8898,-33.9634],[148.9345,-33.9821],[148.9422,-33.9694],[148.9675,-33.9691],[148.9809,-33.9246],[149.023,-33.9334],[149.0251,-33.9178],[149.0519,-33.9126],[149.0696,-33.8917],[149.0799,-33.9124],[149.0943,-33.9103],[149.145,-33.8508],[149.1819,-33.8582],[149.1703,-33.8412],[149.1834,-33.8389],[149.1852,-33.7977],[149.2194,-33.7924],[149.2577,-33.741],[149.1691,-33.7212],[149.146,-33.732],[149.1334,-33.7482],[149.1387,-33.7599],[149.0914,-33.7654],[149.0916,-33.7937],[149.0672,-33.7901],[149.0646,-33.8124],[149.0262,-33.8034],[149.029,-33.7932],[149.0077,-33.7949],[149.0099,-33.784],[148.9889,-33.7811],[148.9848,-33.758],[148.9746,-33.7565],[148.9929,-33.754],[148.976,-33.7499],[148.9937,-33.7206],[148.9626,-33.7078],[148.9578,-33.6883],[148.9117,-33.6835],[148.9225,-33.5989],[148.9089,-33.5827],[148.8836,-33.582],[148.8734,-33.5942],[148.8726,-33.5733],[148.8276,-33.5741],[148.8104,-33.5465],[148.7759,-33.5255],[148.7383,-33.5381],[148.712,-33.5737],[148.6828,-33.5864],[148.6525,-33.5771],[148.6518,-33.5601],[148.6298,-33.5706],[148.6224,-33.5926],[148.5457,-33.6034],[148.5182,-33.5722],[148.4835,-33.5813],[148.4789,-33.601],[148.4463,-33.6142],[148.4138,-33.6043]]]},"properties":{"lga_code_2024":"12350","lga_name_2024":"Cowra","state_name_2021":"New South Wales"},"id":12350},{"type":"Feature","geometry":{"type":"Polygon","coordinates":[[[151.0586,-33.8843],[151.064,-33.8562],[150.9879,-33.8248],[150.9909,-33.8097],[150.9572,-33.8021],[150.9506,-33.7851],[150.9331,-33.8068],[150.916,-33.8054],[150.9124,-33.8347],[150.9537,-33.854],[150.9614,-33.8699],[150.9825,-33.8572],[151.0301,-33.8878],[151.0586,-33.8843]]]},"properties":{"lga_code_2024":"12380","lga_name_2024":"Cumberland","state_name_2021":"New South Wales"},"id":12380},{"type":"Feature","geometry":{"type":"Polygon","coordinates":[[[148.4394,-32.0171],[148.4163,-32.0253],[148.4408,-32.0392],[148.4369,-32.0608],[148.421,-32.0551],[148.4071,-32.0705],[148.4059,-32.1021],[148.4191,-32.1042],[148.4141,-32.1355],[148.4567,-32.1431],[148.4046,-32.1737],[148.379,-32.2112],[148.3598,-32.2026],[148.3642,-32.2359],[148.3757,-32.2568],[148.3982,-32.2574],[148.4021,-32.2816],[148.4049,-32.3106],[148.3789,-32.3936],[148.4076,-32.3974],[148.38,-32.4264],[148.4094,-32.4822],[148.3929,-32.5036],[148.392,-32.5298],[148.3971,-32.5625],[148.4208,-32.5907],[148.4049,-32.6236],[148.4593,-32.6074],[148.4753,-32.6278],[148.5012,-32.6141],[148.6144,-32.6536],[148.6311,-32.6519],[148.6374,-32.6333],[148.6637,-32.6413],[148.667,-32.6309],[148.6913,-32.6667],[148.6478,-32.7106],[148.6507,-32.7483],[148.6716,-32.7434],[148.6912,-32.7691],[148.7032,-32.7628],[148.7255,-32.8005],[148.7811,-32.8293],[148.8085,-32.8797],[148.842,-32.872],[148.8583,-32.8786],[148.8537,-32.8963],[148.8862,-32.896],[148.9031,-32.9084],[148.9587,-32.8919],[148.9522,-32.9003],[148.985,-32.9624],[149.0203,-32.9678],[149.0138,-33.0411],[149.0318,-33.0466],[149.0572,-33.0331],[149.1336,-33.0631],[149.1185,-33.0237],[149.128,-33.0084],[149.162,-33.0027],[149.168,-33.0345],[149.1907,-33.0379],[149.2231,-33.0224],[149.2321,-32.9938],[149.2531,-32.9898],[149.2373,-32.9701],[149.2749,-32.9558],[149.2819,-32.9237],[149.2661,-32.8994],[149.2462,-32.9194],[149.2245,-32.9143],[149.2315,-32.8843],[149.2183,-32.8666],[149.2343,-32.8507],[149.213,-32.8244],[149.245,-32.819],[149.2381,-32.8126],[149.2816,-32.8185],[149.2908,-32.7293],[149.2897,-32.6972],[149.2774,-32.6954],[149.3032,-32.6715],[149.2961,-32.6453],[149.2654,-32.6339],[149.2533,-32.6092],[149.2313,-32.6056],[149.2687,-32.5712],[149.2597,-32.5459],[149.2703,-32.5473],[149.2829,-32.5224],[149.2753,-32.5088],[149.2975,-32.4966],[149.2656,-32.4928],[149.2593,-32.4802],[149.2752,-32.4757],[149.2554,-32.4473],[149.2812,-32.449],[149.2849,-32.4341],[149.2546,-32.4107],[149.2571,-32.3993],[149.1732,-32.4019],[149.1828,-32.3365],[149.1996,-32.3072],[149.2258,-32.2952],[149.1892,-32.2906],[149.203,-32.2136],[149.1907,-32.212],[149.1924,-32.2018],[149.1988,-32.1868],[149.2206,-32.1825],[149.2115,-32.1504],[149.1973,-32.1446],[149.1938,-32.1044],[149.1697,-32.1025],[149.1743,-32.1222],[149.1629,-32.1244],[149.1222,-32.101],[149.0962,-32.115],[149.0596,-32.0872],[149.0557,-32.0999],[149.0197,-32.1089],[149.0236,-32.0874],[148.9971,-32.0367],[149.0113,-32.0386],[149.0316,-31.9234],[149.0031,-31.936],[148.9778,-31.9154],[148.8288,-31.8964],[148.7403,-31.8862],[148.6259,-31.9004],[148.6196,-31.9249],[148.4394,-32.0171]]]},"properties":{"lga_code_2024":"12390","lga_name_2024":"Dubbo","state_name_2021":"New South Wales"},"id":12390},{"type":"Feature","geometry":{"type":"Polygon","coordinates":[[[151.4734,-32.6057],[151.6049,-32.6299],[151.5952,-32.6208],[151.6303,-32.6181],[151.6698,-32.5789],[151.6871,-32.5814],[151.6844,-32.5938],[151.7641,-32.6138],[151.7784,-32.6104],[151.7773,-32.5938],[151.8036,-32.5982],[151.8065,-32.5849],[151.8135,-32.5998],[151.7886,-32.6204],[151.8242,-32.6341],[151.8217,-32.6467],[151.85,-32.651],[151.8629,-32.5887],[151.8735,-32.5903],[151.8926,-32.474],[151.9187,-32.448],[151.9058,-32.4415],[151.9023,-32.4188],[151.8867,-32.4265],[151.8429,-32.4104],[151.85,-32.3256],[151.8211,-32.3131],[151.8085,-32.2465],[151.7794,-32.2486],[151.761,-32.2645],[151.7296,-32.2374],[151.6958,-32.194],[151.6892,-32.1475],[151.65,-32.1015],[151.5943,-32.1059],[151.4892,-32.0507],[151.4379,-32.0542],[151.412,-32.0425],[151.3896,-32.0832],[151.3354,-32.0824],[151.3037,-32.1176],[151.3272,-32.1717],[151.3455,-32.183],[151.342,-32.2677],[151.3903,-32.3156],[151.383,-32.3241],[151.3958,-32.3251],[151.4461,-32.4071],[151.469,-32.421],[151.4557,-32.4707],[151.5007,-32.504],[151.4961,-32.5573],[151.4797,-32.5552],[151.4734,-32.6057]]]},"properties":{"lga_code_2024":"12700","lga_name_2024":"Dungog","state_name_2021":"New South Wales"},"id":12700},{"type":"Feature","geometry":{"type":"Polygon","coordinates":[[[145.343,-35.7117],[145.393,-35.7273],[145.4243,-35.7066],[145.44,-35.7153],[145.4436,-35.6959],[145.4569,-35.6975],[145.4686,-35.613],[145.459,-35.6118],[145.4742,-35.5895],[145.5198,-35.348],[145.5265,-35.2986],[145.5132,-35.2897],[145.5313,-35.2769],[145.5251,-35.2425],[145.5437,-35.2273],[145.5468,-35.2101],[145.5349,-35.2111],[145.5414,-35.1524],[145.5984,-34.8574],[144.6198,-34.8469],[144.3904,-34.8171],[144.3088,-34.7888],[144.3072,-34.7979],[144.2832,-34.7952],[144.2752,-34.7766],[144.1486,-34.7407],[144.1247,-34.8868],[144.1633,-34.8942],[144.1369,-35.0445],[144.0951,-35.0588],[144.1089,-35.0676],[144.0875,-35.0833],[144.0497,-35.0905],[144.0602,-35.0973],[144.0541,-35.1073],[144.0825,-35.1071],[144.1644,-35.1596],[144.2231,-35.1567],[144.2128,-35.1642],[144.2466,-35.1684],[144.242,-35.1761],[144.2566,-35.1846],[144.2633,-35.1744],[144.3025,-35.1899],[144.3065,-35.1794],[144.3599,-35.1845],[144.3809,-35.1893],[144.3807,-35.2037],[144.3898,-35.1931],[144.3995,-35.2113],[144.4326,-35.2169],[144.4375,-35.2341],[144.4208,-35.2448],[144.4371,-35.2482],[144.4339,-35.2596],[144.4692,-35.2675],[144.4718,-35.2839],[144.498,-35.2862],[144.5069,-35.2996],[144.526,-35.2946],[144.5321,-35.3192],[144.5504,-35.3203],[144.5557,-35.3344],[144.5965,-35.331],[144.595,-35.3553],[144.6287,-35.3531],[144.6569,-35.3722],[144.6523,-35.3945],[144.692,-35.4149],[144.7396,-35.4124],[144.7691,-35.4477],[144.8434,-35.4566],[144.8637,-35.4813],[144.8908,-35.4876],[144.9066,-35.5053],[144.8951,-35.5713],[144.996,-35.5831],[145.0284,-35.6167],[145.1013,-35.6347],[145.1343,-35.6735],[145.1956,-35.6915],[145.263,-35.6812],[145.3015,-35.719],[145.343,-35.7117]]]},"properties":{"lga_code_2024":"12730","lga_name_2024":"Edward River","state_name_2021":"New South Wales"},"id":12730},{"type":"Feature","geometry":{"type":"MultiPolygon","coordinates":[[[[149.979,-35.5025],[149.964,-35.5008],[149.9482,-35.5618],[149.9299,-35.5654],[149.9351,-35.6109],[149.8626,-35.7138],[149.8298,-35.7214],[149.8144,-35.7363],[149.8174,-35.7539],[149.7596,-35.7941],[149.7093,-35.7842],[149.6849,-35.8027],[149.6787,-35.866],[149.6939,-35.9083],[149.6799,-35.9815],[149.6728,-35.9893],[149.6217,-35.9622],[149.6088,-35.9668],[149.6011,-35.9916],[149.5684,-36.0088],[149.571,-36.0606],[149.5837,-36.081],[149.543,-36.1072],[149.5834,-36.1427],[149.6512,-36.1314],[149.6405,-36.1955],[149.7398,-36.2398],[149.7513,-36.2329],[149.953,-36.2688],[149.9505,-36.3236],[149.9678,-36.3187],[149.9874,-36.3584],[150.019,-36.3643],[150.0325,-36.3457],[150.0574,-36.3632],[150.0528,-36.3432],[150.0833,-36.3637],[150.1397,-36.3049],[150.1308,-36.2889],[150.1486,-36.2669],[150.1243,-36.1419],[150.1415,-36.0944],[150.1345,-36.0659],[150.1646,-36.013],[150.1511,-35.9789],[150.1618,-35.9087],[150.1507,-35.8896],[150.1701,-35.8619],[150.1914,-35.8605],[150.1777,-35.8502],[150.1867,-35.8331],[150.2354,-35.8354],[150.2242,-35.8087],[150.2371,-35.8021],[150.2349,-35.7718],[150.212,-35.7601],[150.2145,-35.7379],[150.1773,-35.7031],[150.2103,-35.7024],[150.2122,-35.7118],[150.234,-35.7029],[150.2765,-35.7236],[150.2809,-35.7033],[150.3065,-35.6861],[150.2961,-35.6544],[150.3076,-35.6386],[150.2777,-35.6407],[150.2699,-35.6169],[150.2498,-35.6314],[150.2604,-35.5832],[150.2375,-35.5493],[150.203,-35.5434],[150.1731,-35.5754],[150.1332,-35.5627],[150.0943,-35.5807],[150.0559,-35.5766],[150.0108,-35.5518],[149.979,-35.5025]]],[[[150.1478,-36.2336],[150.148,-36.2338],[150.1483,-36.2337],[150.1478,-36.2336]]],[[[150.1356,-36.3115],[150.1354,-36.3111],[150.1354,-36.3115],[150.1356,-36.3115]]],[[[150.1499,-36.2616],[150.1509,-36.2627],[150.1512,-36.2625],[150.1499,-36.2616]],[[150.15,-36.264],[150.1496,-36.2641],[150.1499,-36.2638],[150.15,-36.264]]],[[[150.1505,-36.2642],[150.1509,-36.2643],[150.1509,-36.264],[150.1505,-36.2642]]],[[[150.1428,-36.2716],[150.1434,-36.2718],[150.1431,-36.2715],[150.1428,-36.2716]]],[[[150.1439,-36.2705],[150.1439,-36.2707],[150.1444,-36.2705],[150.1439,-36.2705]]],[[[150.1502,-36.2656],[150.1499,-36.2655],[150.1501,-36.2659],[150.1502,-36.2656]]],[[[150.1364,-36.3033],[150.1365,-36.3028],[150.1361,-36.3026],[150.1364,-36.3033]]],[[[150.1378,-36.3054],[150.1377,-36.3054],[150.1377,-36.3055],[150.1378,-36.3054]]],[[[150.1471,-36.2334],[150.1467,-36.2335],[150.1474,-36.2338],[150.1471,-36.2334]]],[[[150.1469,-36.2332],[150.1462,-36.233],[150.1462,-36.2332],[150.1469,-36.2332]]],[[[150.1422,-36.2194],[150.1425,-36.2193],[150.1423,-36.2192],[150.1422,-36.2194]]],[[[150.2041,-35.8338],[150.2044,-35.8317],[150.2032,-35.8325],[150.2041,-35.8338]]],[[[150.3113,-35.6659],[150.3097,-35.6671],[150.3122,-35.6684],[150.3113,-35.6659]]],[[[150.2819,-35.7102],[150.2823,-35.7101],[150.282,-35.7099],[150.2819,-35.7102]]],[[[150.2984,-35.6915],[150.2986,-35.6915],[150.2985,-35.6912],[150.2984,-35.6915]]],[[[150.2336,-35.8185],[150.2374,-35.8178],[150.234,-35.8168],[150.2336,-35.8185]]],[[[150.2307,-36.2447],[150.2232,-36.2456],[150.2271,-36.2595],[150.2307,-36.2447]]],[[[150.2229,-36.255],[150.2234,-36.255],[150.2231,-36.2546],[150.2229,-36.255]]],[[[150.2295,-36.2464],[150.2299,-36.2468],[150.2304,-36.2465],[150.2295,-36.2464]]],[[[150.2219,-36.2562],[150.2223,-36.256],[150.222,-36.2557],[150.2219,-36.2562]]],[[[150.2585,-35.7515],[150.257,-35.749],[150.2554,-35.7517],[150.2585,-35.7515]]],[[[150.2603,-35.7477],[150.2608,-35.7513],[150.2623,-35.7485],[150.2603,-35.7477]]],[[[150.2119,-35.7252],[150.2126,-35.7258],[150.2131,-35.7248],[150.2119,-35.7252]]],[[[150.2145,-35.7359],[150.2141,-35.736],[150.2144,-35.7362],[150.2145,-35.7359]]],[[[150.2129,-35.7243],[150.2132,-35.7242],[150.2129,-35.7242],[150.2129,-35.7243]]]]},"properties":{"lga_code_2024":"12750","lga_name_2024":"Eurobodalla","state_name_2021":"New South Wales"},"id":12750},{"type":"Feature","geometry":{"type":"Polygon","coordinates":[[[150.9089,-33.8254],[150.889,-33.834],[150.8577,-33.8209],[150.8129,-33.8224],[150.8235,-33.8359],[150.8151,-33.8794],[150.8646,-33.8835],[150.8571,-33.8944],[150.9078,-33.9142],[150.9607,-33.8988],[150.9776,-33.909],[150.9671,-33.8901],[150.9905,-33.8641],[150.9825,-33.8572],[150.9614,-33.8699],[150.9089,-33.8254]]]},"properties":{"lga_code_2024":"12850","lga_name_2024":"Fairfield","state_name_2021":"New South Wales"},"id":12850},{"type":"Feature","geometry":{"type":"Polygon","coordinates":[[[145.9461,-35.9613],[145.955,-35.963],[145.9442,-35.9669],[145.9457,-35.9838],[145.9718,-36.0157],[146.0315,-35.9947],[146.0922,-36.0213],[146.0915,-36.0095],[146.1124,-36.0068],[146.1187,-36.018],[146.1348,-36.0025],[146.1312,-36.0193],[146.1731,-36.0193],[146.186,-36.0421],[146.1992,-36.0275],[146.2047,-36.0392],[146.2116,-36.0286],[146.2112,-36.0389],[146.2426,-36.0289],[146.2572,-36.0121],[146.2729,-36.0266],[146.2829,-36.011],[146.2931,-36.0295],[146.283,-36.0415],[146.3291,-36.0431],[146.325,-36.0335],[146.3389,-36.0264],[146.3696,-36.0507],[146.3876,-36.0356],[146.3806,-36.0129],[146.3991,-36.0072],[146.4217,-35.9658],[146.4433,-35.9762],[146.4546,-35.9622],[146.4674,-35.9842],[146.4997,-35.9909],[146.5018,-35.9582],[146.5197,-35.9606],[146.5496,-35.9925],[146.5629,-35.9677],[146.584,-35.9839],[146.5841,-35.975],[146.6125,-35.9729],[146.613,-35.9952],[146.6509,-36.0077],[146.656,-36.0263],[146.6702,-36.0279],[146.6686,-36.0178],[146.6858,-36.0406],[146.69,-36.0303],[146.71,-36.0344],[146.6981,-36.0253],[146.7058,-35.9513],[146.6871,-35.9487],[146.6945,-35.9356],[146.6538,-35.93],[146.6747,-35.8947],[146.6436,-35.879],[146.6295,-35.8953],[146.589,-35.895],[146.5824,-35.9293],[146.5537,-35.9253],[146.5575,-35.9121],[146.5299,-35.9183],[146.5511,-35.8204],[146.497,-35.8117],[146.5178,-35.6968],[146.5433,-35.702],[146.5463,-35.6852],[146.5575,-35.6866],[146.5728,-35.6066],[146.5819,-35.619],[146.5981,-35.5681],[146.6023,-35.5465],[146.591,-35.545],[146.6043,-35.5365],[146.6051,-35.5058],[146.4312,-35.475],[146.3808,-35.4057],[146.3542,-35.3878],[146.3729,-35.321],[146.3888,-35.3229],[146.3925,-35.303],[146.4038,-35.3045],[146.4137,-35.2505],[146.3864,-35.2474],[146.3893,-35.2317],[146.5646,-35.1186],[146.615,-35.1145],[146.6609,-35.0897],[146.6908,-35.0559],[146.672,-35.0599],[146.369,-34.9146],[146.263,-34.8807],[146.2335,-34.8734],[146.1925,-34.9236],[146.1456,-34.898],[146.1377,-34.9078],[146.0748,-34.8982],[146.069,-34.9158],[146.0809,-34.9184],[146.061,-34.9416],[146.0491,-35.0179],[146.0581,-35.0329],[146.0427,-35.0567],[146.0303,-35.0546],[146.0182,-35.1235],[146.0064,-35.1332],[146.0097,-35.1667],[146.0399,-35.1986],[146.0198,-35.2034],[146.0243,-35.2183],[145.995,-35.2103],[145.9957,-35.2267],[145.9831,-35.2246],[145.9759,-35.2534],[145.9672,-35.2488],[145.9574,-35.2637],[145.9698,-35.2709],[145.9599,-35.2826],[145.9872,-35.2849],[145.993,-35.3111],[146.0109,-35.3054],[146.0648,-35.3226],[146.0271,-35.5268],[146.0185,-35.5258],[146.0183,-35.5567],[146.0089,-35.5554],[146.0168,-35.5755],[145.9941,-35.6222],[146.0073,-35.6242],[146.0045,-35.6382],[145.9869,-35.636],[145.9846,-35.6482],[145.998,-35.6498],[145.9845,-35.6674],[145.9936,-35.6736],[145.9781,-35.6816],[145.9738,-35.7046],[145.9906,-35.7186],[145.9879,-35.7473],[145.9461,-35.9613]]]},"properties":{"lga_code_2024":"12870","lga_name_2024":"Federation","state_name_2021":"New South Wales"},"id":12870},{"type":"Feature","geometry":{"type":"Polygon","coordinates":[[[147.4035,-33.5274],[147.4171,-33.5319],[147.4721,-33.6866],[147.4837,-33.6886],[147.4822,-33.704],[147.5029,-33.7091],[147.6019,-33.6137],[147.6826,-33.6239],[147.6642,-33.6567],[147.6777,-33.6584],[147.6711,-33.6957],[147.6968,-33.7039],[147.7641,-33.7071],[147.7924,-33.6866],[148.0826,-33.7205],[148.0772,-33.704],[148.1009,-33.6484],[148.1692,-33.6517],[148.1742,-33.6323],[148.3263,-33.6552],[148.3503,-33.6088],[148.418,-33.5967],[148.3885,-33.5797],[148.3905,-33.5677],[148.4167,-33.574],[148.4236,-33.5652],[148.3912,-33.547],[148.4002,-33.5351],[148.3928,-33.5187],[148.3593,-33.5124],[148.3513,-33.4941],[148.3098,-33.5002],[148.2902,-33.4864],[148.3052,-33.4626],[148.3161,-33.4662],[148.3081,-33.4579],[148.3186,-33.4491],[148.3616,-33.4492],[148.3652,-33.4353],[148.3459,-33.4209],[148.4064,-33.4055],[148.4031,-33.3924],[148.4182,-33.385],[148.4147,-33.3703],[148.3843,-33.3531],[148.4157,-33.3272],[148.3971,-33.27],[148.4282,-33.2392],[148.4302,-33.2161],[148.3374,-33.2241],[148.2947,-33.1996],[148.2391,-33.1989],[148.2541,-33.2457],[148.233,-33.2433],[148.2269,-33.2758],[148.1657,-33.2527],[148.0847,-33.2758],[148.0799,-33.2644],[147.9206,-33.2445],[147.9164,-33.2054],[147.878,-33.214],[147.8795,-33.2046],[147.8453,-33.2002],[147.8452,-33.2116],[147.6357,-33.1861],[147.6405,-33.1577],[147.6548,-33.1512],[147.6436,-33.1388],[147.5652,-33.1295],[147.5715,-33.0902],[147.5486,-33.0876],[147.555,-33.0482],[147.4055,-33.0374],[147.3885,-33.1394],[147.3305,-33.1101],[147.3174,-33.1174],[147.3102,-33.1028],[147.2979,-33.1918],[147.3144,-33.1991],[147.3088,-33.2071],[147.3572,-33.2245],[147.3788,-33.2156],[147.4648,-33.2274],[147.4855,-33.2466],[147.4823,-33.2582],[147.5147,-33.2633],[147.4804,-33.4417],[147.4261,-33.4345],[147.4035,-33.5274]]]},"properties":{"lga_code_2024":"12900","lga_name_2024":"Forbes","state_name_2021":"New South Wales"},"id":12900},{"type":"Feature","geometry":{"type":"Polygon","coordinates":[[[151.1282,-34.006],[151.1348,-33.9562],[151.1189,-33.9694],[151.1008,-33.9393],[151.0443,-33.9482],[151.0365,-33.9909],[151.0529,-33.991],[151.0494,-33.9802],[151.0618,-33.9752],[151.0545,-33.9851],[151.0748,-33.984],[151.0717,-33.9943],[151.0902,-33.9825],[151.0876,-33.9916],[151.1152,-34.0014],[151.1299,-33.9836],[151.1282,-34.006]]]},"properties":{"lga_code_2024":"12930","lga_name_2024":"Georges River","state_name_2021":"New South Wales"},"id":12930},{"type":"Feature","geometry":{"type":"Polygon","coordinates":[[[148.3015,-31.7925],[148.3111,-31.857],[148.3288,-31.878],[148.3433,-31.9368],[148.4183,-32.0141],[148.4738,-32.0043],[148.5379,-31.9599],[148.6196,-31.9249],[148.6259,-31.9004],[148.7403,-31.8862],[148.9881,-31.9093],[148.9931,-31.8815],[149.0159,-31.8843],[149.0225,-31.8439],[149.0041,-31.8354],[149.0328,-31.8006],[149.0705,-31.805],[149.0984,-31.785],[149.0799,-31.7653],[149.092,-31.7343],[149.0642,-31.7165],[149.0745,-31.7004],[149.0666,-31.6726],[149.0883,-31.6547],[149.0966,-31.623],[149.111,-31.6224],[149.0969,-31.5957],[149.1293,-31.5688],[149.1238,-31.5508],[149.1386,-31.5369],[149.1298,-31.4907],[149.0318,-31.4782],[149.0471,-31.4445],[148.955,-31.4529],[148.9745,-31.3868],[148.9954,-31.3737],[149.0046,-31.3405],[149.0434,-31.3415],[149.0449,-31.308],[149.0627,-31.2895],[149.0405,-31.289],[149.0258,-31.3055],[148.921,-31.2586],[148.7981,-31.2487],[148.6722,-31.2775],[148.6187,-31.2711],[148.6077,-31.3262],[148.6203,-31.3352],[148.6152,-31.3651],[148.599,-31.3632],[148.5948,-31.3893],[148.5154,-31.3717],[148.5037,-31.3799],[148.4601,-31.3444],[148.3956,-31.3749],[148.3929,-31.3905],[148.3588,-31.3864],[148.3546,-31.4102],[148.3072,-31.4158],[148.268,-31.5864],[148.2855,-31.5789],[148.2919,-31.5873],[148.2947,-31.5713],[148.323,-31.5911],[148.298,-31.733],[148.3575,-31.73],[148.3464,-31.7975],[148.3015,-31.7925]]]},"properties":{"lga_code_2024":"12950","lga_name_2024":"Gilgandra","state_name_2021":"New South Wales"},"id":12950},{"type":"Feature","geometry":{"type":"Polygon","coordinates":[[[151.6034,-29.9427],[151.6455,-29.9827],[151.6643,-29.9808],[151.6575,-30.0028],[151.6732,-30.0184],[151.6836,-30.0074],[151.8514,-30.0064],[151.9048,-30.0221],[151.9265,-30.0028],[151.9443,-30.016],[151.9844,-30.0048],[152.0477,-30.0136],[152.0571,-30.0028],[152.0807,-30.014],[152.1103,-29.9959],[152.1362,-30.0213],[152.1473,-30.0173],[152.1379,-29.9956],[152.1458,-29.9935],[152.1293,-29.9574],[152.1487,-29.945],[152.1605,-29.954],[152.1875,-29.9448],[152.1811,-29.9513],[152.198,-29.9552],[152.19,-29.9636],[152.1981,-29.9779],[152.2231,-29.9882],[152.2473,-29.981],[152.245,-29.9666],[152.267,-29.9664],[152.2696,-29.9325],[152.2834,-29.9253],[152.2669,-29.9263],[152.2784,-29.9179],[152.2697,-29.9115],[152.2856,-29.908],[152.2819,-29.8567],[152.2735,-29.8462],[152.2221,-29.872],[152.1688,-29.8699],[152.1776,-29.8477],[152.1703,-29.8221],[152.1931,-29.8067],[152.1909,-29.7885],[152.2148,-29.7616],[152.2606,-29.757],[152.2551,-29.7341],[152.2707,-29.7071],[152.2617,-29.6984],[152.281,-29.6656],[152.2895,-29.6763],[152.3361,-29.6408],[152.3545,-29.5455],[152.4125,-29.5069],[152.3888,-29.4453],[152.4043,-29.4328],[152.4087,-29.3985],[152.4322,-29.3926],[152.4521,-29.3589],[152.3315,-29.3418],[152.3076,-29.3526],[152.3003,-29.3772],[152.0539,-29.341],[152.0589,-29.3525],[152.008,-29.3713],[152.0168,-29.3879],[152.006,-29.407],[151.9318,-29.4181],[151.8954,-29.4065],[151.8626,-29.4262],[151.8171,-29.4154],[151.8054,-29.4273],[151.7885,-29.4085],[151.8026,-29.3733],[151.7818,-29.3705],[151.7836,-29.3549],[151.7157,-29.3443],[151.6998,-29.3283],[151.6965,-29.3475],[151.678,-29.3454],[151.6762,-29.3563],[151.6244,-29.347],[151.6089,-29.325],[151.6159,-29.2835],[151.463,-29.2401],[151.4633,-29.2731],[151.4268,-29.2875],[151.4346,-29.3236],[151.4607,-29.3611],[151.4574,-29.4332],[151.4752,-29.4404],[151.465,-29.4935],[151.4818,-29.5113],[151.4883,-29.5461],[151.4752,-29.6034],[151.5327,-29.6751],[151.514,-29.6982],[151.5238,-29.7349],[151.5048,-29.7504],[151.5471,-29.76],[151.5615,-29.8786],[151.5936,-29.8785],[151.5852,-29.9056],[151.6034,-29.9427]]]},"properties":{"lga_code_2024":"13010","lga_name_2024":"Glen Innes Severn","state_name_2021":"New South Wales"},"id":13010},{"type":"Feature","geometry":{"type":"Polygon","coordinates":[[[149.5213,-34.9071],[149.541,-34.9249],[149.5264,-34.9314],[149.519,-34.9662],[149.5512,-34.9756],[149.5382,-35.0686],[149.5566,-35.0712],[149.5431,-35.1108],[149.5598,-35.1155],[149.5424,-35.1524],[149.591,-35.1567],[149.6071,-35.1297],[149.6315,-35.1346],[149.6348,-35.1169],[149.6528,-35.1156],[149.6607,-35.1379],[149.7078,-35.175],[149.731,-35.1828],[149.766,-35.171],[149.7678,-35.1962],[149.7959,-35.1948],[149.8071,-35.2108],[149.8355,-35.207],[149.8497,-35.2226],[149.8489,-35.2465],[149.8828,-35.2562],[149.8928,-35.2471],[149.8827,-35.2353],[149.9176,-35.2249],[149.8974,-35.2392],[149.9269,-35.2375],[149.9521,-35.2096],[149.9525,-35.1785],[149.9316,-35.15],[149.9609,-35.1502],[149.9784,-35.1662],[149.9922,-35.162],[149.9961,-35.1428],[150.0351,-35.1285],[150.018,-35.1191],[150.0267,-35.0953],[149.9806,-35.095],[149.9774,-35.0661],[149.9968,-35.0758],[150.0291,-35.0537],[150.0243,-35.0032],[150.056,-35.0076],[150.0858,-34.989],[150.0554,-34.9664],[150.0678,-34.9365],[150.0882,-34.9249],[150.0879,-34.8951],[150.0523,-34.8817],[150.0374,-34.8439],[150.0402,-34.795],[150.0673,-34.7812],[150.0558,-34.7709],[150.0742,-34.7681],[150.1271,-34.8174],[150.1627,-34.8231],[150.2094,-34.8146],[150.2878,-34.7647],[150.3149,-34.7741],[150.3335,-34.7524],[150.3035,-34.7339],[150.2685,-34.7317],[150.1692,-34.7692],[150.1785,-34.7281],[150.0926,-34.6804],[150.0985,-34.6551],[150.078,-34.6435],[150.0996,-34.6273],[150.0901,-34.6143],[150.0976,-34.5799],[150.0829,-34.5823],[150.0847,-34.6049],[150.0663,-34.6029],[150.0634,-34.6161],[150.0516,-34.6099],[149.9832,-34.6314],[149.8965,-34.6193],[149.8821,-34.6322],[149.8842,-34.6212],[149.8299,-34.5985],[149.8241,-34.6186],[149.8601,-34.6157],[149.855,-34.6435],[149.82,-34.6385],[149.8172,-34.6532],[149.7931,-34.6501],[149.7997,-34.6164],[149.8106,-34.621],[149.8137,-34.6051],[149.7517,-34.5967],[149.7567,-34.5692],[149.7187,-34.5697],[149.7318,-34.5533],[149.6996,-34.5487],[149.6976,-34.5634],[149.6602,-34.5556],[149.6554,-34.5859],[149.637,-34.5915],[149.6181,-34.6447],[149.5854,-34.6288],[149.5883,-34.6131],[149.5572,-34.6045],[149.549,-34.6255],[149.5202,-34.6454],[149.5237,-34.665],[149.4995,-34.656],[149.4962,-34.6716],[149.5278,-34.693],[149.5335,-34.7111],[149.5079,-34.732],[149.4953,-34.8063],[149.5079,-34.8179],[149.5026,-34.8312],[149.4705,-34.8583],[149.498,-34.8514],[149.5212,-34.8736],[149.5426,-34.8713],[149.5199,-34.8914],[149.5213,-34.9071]]]},"properties":{"lga_code_2024":"13310","lga_name_2024":"Goulburn Mulwaree","state_name_2021":"New South Wales"},"id":13310},{"type":"Feature","geometry":{"type":"Polygon","coordinates":[[[147.0967,-36.0406],[147.1037,-36.0327],[147.0921,-36.0277],[147.1064,-36.0165],[147.0981,-36.0102],[147.1241,-35.9944],[147.1444,-36.0378],[147.1645,-36.0308],[147.2063,-36.0501],[147.2852,-36.0394],[147.3196,-36.0611],[147.3528,-36.0317],[147.3457,-36.0188],[147.3582,-35.9913],[147.3923,-35.9735],[147.3903,-35.9493],[147.4043,-35.9436],[147.4507,-35.9608],[147.4641,-35.9441],[147.4941,-35.9435],[147.5255,-35.9632],[147.5211,-35.9864],[147.5519,-36.0041],[147.584,-35.9846],[147.5477,-35.9786],[147.5491,-35.9645],[147.6014,-35.9791],[147.6468,-35.946],[147.6806,-35.9442],[147.6936,-35.9314],[147.6884,-35.8887],[147.7076,-35.8793],[147.7096,-35.8411],[147.7606,-35.8398],[147.7716,-35.8074],[147.806,-35.799],[147.8197,-35.7441],[147.8009,-35.6851],[147.8189,-35.6493],[147.8976,-35.6336],[147.8928,-35.6211],[147.8454,-35.5546],[147.7544,-35.5447],[147.7557,-35.5335],[147.7369,-35.531],[147.7383,-35.5411],[147.6856,-35.5342],[147.6812,-35.5567],[147.6503,-35.5388],[147.6252,-35.5462],[147.522,-35.4821],[147.4882,-35.5457],[147.4563,-35.531],[147.419,-35.5336],[147.3915,-35.5636],[147.3881,-35.532],[147.3638,-35.5139],[147.2515,-35.4911],[147.2379,-35.4705],[147.211,-35.4727],[147.185,-35.4485],[147.1578,-35.4692],[147.0702,-35.453],[147.0402,-35.4842],[146.9939,-35.4893],[146.9912,-35.5168],[146.9555,-35.5231],[146.8714,-35.5759],[146.673,-35.5553],[146.6623,-35.5478],[146.6698,-35.5203],[146.6051,-35.5058],[146.6043,-35.5365],[146.591,-35.545],[146.6023,-35.5465],[146.5981,-35.5681],[146.5819,-35.619],[146.5728,-35.6066],[146.5575,-35.6866],[146.5463,-35.6852],[146.5433,-35.702],[146.5178,-35.6968],[146.5018,-35.7837],[146.5048,-35.8181],[146.5511,-35.8204],[146.5299,-35.9183],[146.5575,-35.9121],[146.5537,-35.9253],[146.5824,-35.9293],[146.589,-35.895],[146.6295,-35.8953],[146.6513,-35.88],[146.6493,-35.8901],[146.6747,-35.8947],[146.6538,-35.93],[146.6945,-35.9356],[146.6871,-35.9487],[146.7109,-35.9628],[146.7017,-36.0297],[146.7316,-36.0237],[146.7308,-36.0452],[146.7529,-36.0421],[146.7485,-36.0607],[146.7623,-36.0517],[146.7962,-36.0651],[146.8034,-36.0551],[146.8139,-36.0683],[146.8347,-36.0156],[146.8489,-36.0241],[146.9446,-35.9936],[146.9528,-35.9854],[146.9349,-35.9475],[146.9624,-35.9406],[146.9688,-35.9139],[146.9971,-35.9189],[147.048,-35.9452],[147.057,-35.9842],[147.0801,-36.0001],[147.0967,-36.0406]]]},"properties":{"lga_code_2024":"13340","lga_name_2024":"Greater Hume","state_name_2021":"New South Wales"},"id":13340},{"type":"Feature","geometry":{"type":"Polygon","coordinates":[[[145.9493,-34.5531],[145.9783,-34.5633],[145.9977,-34.5443],[146.036,-34.5701],[146.0754,-34.567],[146.0902,-34.4838],[146.1446,-34.5011],[146.1473,-34.4822],[146.1346,-34.4806],[146.1533,-34.4051],[146.1344,-34.3911],[146.1774,-34.3736],[146.2022,-34.3766],[146.2065,-34.3542],[146.23,-34.3718],[146.2363,-34.3369],[146.301,-34.3452],[146.3114,-34.3117],[146.2996,-34.2895],[146.3048,-34.2607],[146.2344,-34.2532],[146.2468,-34.1812],[146.2139,-34.1819],[146.1936,-34.1977],[146.1969,-34.1788],[146.1763,-34.1763],[146.1801,-34.1543],[146.1505,-34.1512],[146.1535,-34.1338],[146.0761,-34.1247],[146.0775,-34.1389],[146.0943,-34.1408],[146.0824,-34.1455],[146.0447,-34.141],[146.0474,-34.1254],[145.8585,-34.115],[145.7949,-34.0989],[145.7916,-34.1178],[145.7762,-34.1159],[145.7348,-34.3634],[145.7608,-34.3666],[145.7658,-34.3374],[145.8329,-34.3453],[145.8264,-34.4408],[145.9054,-34.4395],[145.9667,-34.4532],[145.9493,-34.5531]]]},"properties":{"lga_code_2024":"13450","lga_name_2024":"Griffith","state_name_2021":"New South Wales"},"id":13450},{"type":"Feature","geometry":{"type":"Polygon","coordinates":[[[149.913,-31.4534],[149.9703,-31.4582],[150.0023,-31.4456],[150.0044,-31.4296],[149.9881,-31.4274],[149.9992,-31.3616],[149.9867,-31.3293],[150.0066,-31.3208],[150.0788,-31.3381],[150.1034,-31.24],[150.1347,-31.2443],[150.1383,-31.2239],[150.1448,-31.2367],[150.1653,-31.233],[150.1486,-31.3038],[150.1594,-31.3138],[150.161,-31.355],[150.4177,-31.3976],[150.4346,-31.3933],[150.4195,-31.34],[150.4988,-31.351],[150.5057,-31.3673],[150.5433,-31.3629],[150.5498,-31.344],[150.5346,-31.3431],[150.5498,-31.3192],[150.5504,-31.2781],[150.5737,-31.2814],[150.5838,-31.2285],[150.5623,-31.2359],[150.5605,-31.2253],[150.5855,-31.2176],[150.5714,-31.2082],[150.5994,-31.0468],[150.5518,-31.0114],[150.5283,-30.9709],[150.5331,-30.9405],[150.5223,-30.9236],[150.4918,-30.9214],[150.4994,-30.9088],[150.5302,-30.903],[150.5228,-30.8472],[150.5466,-30.8588],[150.5632,-30.8299],[150.5593,-30.8108],[150.4873,-30.799],[150.4904,-30.7833],[150.4563,-30.7728],[150.4674,-30.7595],[150.4526,-30.7572],[150.4686,-30.7337],[150.4535,-30.7154],[150.4578,-30.6902],[150.5096,-30.6601],[150.502,-30.6394],[150.4685,-30.6283],[150.4379,-30.5974],[150.4043,-30.5909],[150.3878,-30.6182],[150.3494,-30.6356],[150.3539,-30.6616],[150.3374,-30.6745],[150.2955,-30.6744],[150.2956,-30.7304],[150.2686,-30.7398],[150.2643,-30.7629],[150.1107,-30.7487],[150.1019,-30.8054],[150.0528,-30.8003],[150.0302,-30.7608],[150.0333,-30.7423],[150.0114,-30.7365],[149.982,-30.7763],[149.864,-30.7516],[149.8613,-30.7644],[149.825,-30.7593],[149.8027,-30.8099],[149.8195,-30.8122],[149.8161,-30.8307],[149.7935,-30.8288],[149.7883,-30.8591],[149.7611,-30.8554],[149.7583,-30.8718],[149.6703,-30.8616],[149.6558,-30.8891],[149.6367,-30.8886],[149.6316,-30.9161],[149.7104,-30.9167],[149.7108,-30.9344],[149.8237,-30.9392],[149.8272,-30.9196],[149.8382,-30.921],[149.8353,-30.9372],[149.8468,-30.9388],[149.8198,-31.0845],[149.9048,-31.0974],[149.888,-31.1174],[149.8934,-31.1656],[149.8808,-31.2024],[149.8444,-31.1967],[149.8259,-31.2283],[149.7959,-31.2239],[149.7886,-31.3087],[149.8131,-31.3166],[149.8049,-31.3731],[149.8658,-31.3797],[149.8853,-31.3707],[149.8817,-31.3854],[149.913,-31.4534]]]},"properties":{"lga_code_2024":"13550","lga_name_2024":"Gunnedah","state_name_2021":"New South Wales"},"id":13550},{"type":"Feature","geometry":{"type":"Polygon","coordinates":[[[150.0742,-30.105],[150.0744,-30.1371],[150.1023,-30.1919],[150.15,-30.2105],[150.1648,-30.1977],[150.1796,-30.2056],[150.2071,-30.2561],[150.2511,-30.2375],[150.2661,-30.2522],[150.3079,-30.2578],[150.304,-30.2803],[150.3347,-30.2856],[150.3428,-30.304],[150.3648,-30.3035],[150.3633,-30.3171],[150.3838,-30.3231],[150.4637,-30.252],[150.506,-30.273],[150.5139,-30.3066],[150.5395,-30.3226],[150.591,-30.2858],[150.6177,-30.2958],[150.6228,-30.2808],[150.6568,-30.2749],[150.6753,-30.2754],[150.681,-30.2889],[150.7011,-30.274],[150.7099,-30.2933],[150.7229,-30.2943],[150.7382,-30.2722],[150.7821,-30.2562],[150.7907,-30.2269],[150.8161,-30.228],[150.8161,-30.2114],[150.8339,-30.1966],[150.8849,-30.2031],[150.8988,-30.1849],[150.925,-30.1822],[150.9387,-30.1969],[150.9562,-30.1909],[150.9621,-30.1816],[150.9456,-30.1675],[150.9687,-30.1206],[150.9472,-30.0739],[151.0006,-30.073],[151.0018,-30.0125],[150.986,-30.0126],[150.9761,-29.9937],[150.9884,-29.9756],[150.9787,-29.9721],[150.9765,-29.9366],[150.9929,-29.9475],[150.9972,-29.9309],[150.981,-29.9012],[150.9101,-29.9014],[150.8765,-29.8738],[150.8807,-29.8613],[150.857,-29.8353],[150.8109,-29.8326],[150.7991,-29.8044],[150.7678,-29.7819],[150.7452,-29.7899],[150.731,-29.7718],[150.6862,-29.7772],[150.6794,-29.7676],[150.6724,-29.7785],[150.6473,-29.7754],[150.6769,-29.7556],[150.6823,-29.7131],[150.6944,-29.7039],[150.6843,-29.6804],[150.726,-29.6356],[150.7333,-29.5693],[150.8568,-29.5125],[150.8636,-29.4565],[150.8834,-29.4592],[150.8904,-29.4172],[150.8279,-29.4119],[150.8019,-29.3215],[150.7755,-29.3078],[150.7639,-29.2692],[150.7498,-29.262],[150.7638,-29.2085],[150.749,-29.1905],[150.7491,-29.1348],[150.7318,-29.1258],[150.7223,-29.0966],[150.7036,-29.0998],[150.6873,-29.0721],[150.6689,-29.0743],[150.6674,-29.058],[150.6344,-29.0373],[150.6305,-29.0139],[150.6116,-29.0],[150.6311,-28.9422],[150.6155,-28.9249],[150.612,-28.8873],[150.6452,-28.814],[150.672,-28.7939],[150.6727,-28.7414],[150.6051,-28.7284],[150.5763,-28.706],[150.5387,-28.7076],[150.5202,-28.6793],[150.4775,-28.6732],[150.4209,-28.752],[150.344,-28.8275],[150.1485,-28.8893],[150.2595,-29.0139],[150.1692,-29.496],[150.206,-29.4832],[150.2195,-29.4979],[150.1945,-29.5189],[150.2116,-29.5298],[150.1946,-29.6202],[150.2188,-29.6597],[150.2629,-29.679],[150.2737,-29.7071],[150.3025,-29.7318],[150.288,-29.7498],[150.2907,-29.8027],[150.3074,-29.8184],[150.2912,-29.8613],[150.3138,-29.8967],[150.2924,-29.991],[150.2489,-29.9935],[150.2488,-30.0103],[150.1945,-30.0644],[150.172,-30.063],[150.1449,-30.0873],[150.1228,-30.0695],[150.0742,-30.105]]]},"properties":{"lga_code_2024":"13660","lga_name_2024":"Gwydir","state_name_2021":"New South Wales"},"id":13660},{"type":"Feature","geometry":{"type":"Polygon","coordinates":[[[150.659,-33.6855],[150.6772,-33.6308],[150.6995,-33.6123],[150.7821,-33.6375],[150.8124,-33.6776],[150.8186,-33.6613],[150.8587,-33.6463],[150.8744,-33.6564],[150.9357,-33.5648],[150.9166,-33.5546],[150.8897,-33.5616],[150.8894,-33.5406],[150.9078,-33.5226],[150.8985,-33.5124],[150.9193,-33.5168],[150.9277,-33.5049],[150.8935,-33.4847],[150.8705,-33.5002],[150.879,-33.4866],[150.8711,-33.4731],[150.9053,-33.4696],[150.8983,-33.4517],[150.8755,-33.4527],[150.9036,-33.4195],[150.9245,-33.4183],[150.925,-33.4325],[150.9398,-33.4139],[150.9516,-33.4275],[151.0004,-33.3505],[151.0311,-33.3516],[151.0895,-33.3271],[151.0869,-33.269],[151.1,-33.2616],[151.1068,-33.2313],[151.0997,-33.1443],[151.1355,-33.1104],[151.1279,-33.0917],[151.104,-33.077],[151.0525,-33.0799],[151.0372,-33.1235],[151.0254,-33.1257],[150.9659,-33.1299],[150.9241,-33.1111],[150.8849,-33.1191],[150.8587,-33.0941],[150.847,-33.0981],[150.8545,-33.0319],[150.8302,-33.0331],[150.8048,-33.006],[150.7638,-33.0003],[150.7454,-33.022],[150.7032,-33.0106],[150.694,-32.9961],[150.6724,-33.0268],[150.7279,-33.072],[150.6302,-33.0586],[150.6107,-33.0661],[150.6135,-33.0892],[150.6016,-33.1006],[150.6197,-33.11],[150.5985,-33.1254],[150.6099,-33.1434],[150.5866,-33.1477],[150.5836,-33.1681],[150.5697,-33.168],[150.5698,-33.1559],[150.5549,-33.1617],[150.5524,-33.1837],[150.5238,-33.1946],[150.5443,-33.221],[150.5257,-33.239],[150.5604,-33.2569],[150.5532,-33.2748],[150.5756,-33.2896],[150.5575,-33.2908],[150.5667,-33.3063],[150.5515,-33.3153],[150.5838,-33.3219],[150.5911,-33.3416],[150.5263,-33.3874],[150.4836,-33.4457],[150.4867,-33.4851],[150.4302,-33.5379],[150.448,-33.5723],[150.4686,-33.5838],[150.5149,-33.582],[150.5448,-33.5575],[150.5476,-33.572],[150.5649,-33.5755],[150.5631,-33.6102],[150.5816,-33.6228],[150.616,-33.6142],[150.6061,-33.6627],[150.6576,-33.6617],[150.659,-33.6855]]]},"properties":{"lga_code_2024":"13800","lga_name_2024":"Hawkesbury","state_name_2021":"New South Wales"},"id":13800},{"type":"Feature","geometry":{"type":"Polygon","coordinates":[[[143.9457,-34.3568],[143.9429,-34.3765],[143.9247,-34.3747],[143.9239,-34.4022],[143.9392,-34.4042],[143.9256,-34.5057],[143.9411,-34.5074],[143.9394,-34.5188],[143.9237,-34.517],[143.9016,-34.6541],[144.2752,-34.7766],[144.2832,-34.7952],[144.3072,-34.7979],[144.3088,-34.7888],[144.3904,-34.8171],[144.6198,-34.8469],[145.1783,-34.8511],[145.2408,-34.5063],[145.2064,-34.4888],[145.2595,-34.1805],[145.1627,-34.0811],[145.1238,-34.0767],[145.1344,-34.0497],[145.0347,-33.9402],[145.2146,-33.826],[145.1625,-33.7714],[145.1746,-33.696],[145.1547,-33.7172],[145.1189,-33.7111],[145.1023,-33.7238],[145.0657,-33.7254],[145.044,-33.7096],[145.0386,-33.7351],[144.996,-33.7395],[144.9651,-33.7589],[144.9275,-33.7537],[144.9343,-33.7162],[144.8118,-33.684],[144.8342,-33.5055],[144.802,-33.5123],[144.8081,-33.4751],[144.6915,-33.4623],[144.7061,-33.4847],[144.7028,-33.5082],[144.7276,-33.5251],[144.6144,-33.512],[144.6177,-33.4978],[144.5527,-33.4882],[144.5445,-33.5257],[144.4605,-33.5163],[144.4476,-33.6015],[144.5313,-33.6104],[144.5132,-33.7283],[144.5564,-33.7333],[144.5423,-33.8823],[144.5785,-33.8865],[144.5524,-33.9997],[144.5626,-34.0007],[144.5582,-34.0284],[144.6875,-34.0485],[144.6881,-34.0695],[144.6759,-34.085],[144.629,-34.0868],[144.5749,-34.1353],[144.5623,-34.129],[144.5506,-34.173],[144.47,-34.2229],[144.4341,-34.218],[144.4254,-34.2283],[144.3914,-34.2182],[144.374,-34.239],[144.3173,-34.2464],[144.2486,-34.2306],[144.212,-34.2523],[144.1184,-34.1892],[144.1038,-34.2149],[144.0741,-34.2206],[144.0638,-34.2731],[144.0371,-34.2732],[143.9457,-34.3568]]]},"properties":{"lga_code_2024":"13850","lga_name_2024":"Hay","state_name_2021":"New South Wales"},"id":13850},{"type":"Feature","geometry":{"type":"Polygon","coordinates":[[[148.5223,-34.9015],[148.5279,-34.8722],[148.5392,-34.8737],[148.5452,-34.8557],[148.5586,-34.8594],[148.5634,-34.8055],[148.5815,-34.8068],[148.5744,-34.7084],[148.5633,-34.7069],[148.5867,-34.6274],[148.6264,-34.6229],[148.6291,-34.6107],[148.6596,-34.6143],[148.6704,-34.5893],[148.6466,-34.5657],[148.6536,-34.5424],[148.6802,-34.5356],[148.6738,-34.5458],[148.6879,-34.5587],[148.7115,-34.5527],[148.7156,-34.566],[148.7393,-34.5693],[148.7477,-34.5563],[148.7563,-34.5698],[148.7827,-34.572],[148.8167,-34.5566],[148.8474,-34.569],[148.8818,-34.604],[148.8962,-34.6263],[148.8909,-34.6426],[148.9326,-34.6516],[148.9782,-34.6368],[148.9933,-34.527],[149.0375,-34.4481],[149.0572,-34.4407],[149.0679,-34.4091],[149.0865,-34.4098],[149.1198,-34.3593],[149.0893,-34.3166],[149.0988,-34.3006],[149.0911,-34.2922],[149.1236,-34.2821],[149.119,-34.2743],[149.1308,-34.2793],[149.1112,-34.2698],[149.1254,-34.2591],[149.0657,-34.2191],[149.0851,-34.2046],[149.0569,-34.1944],[149.0618,-34.1839],[149.0153,-34.1467],[149.0199,-34.1275],[149.005,-34.1202],[149.0225,-34.052],[149.048,-34.0456],[149.0281,-34.0361],[149.0543,-34.0258],[149.0617,-33.9998],[149.012,-33.9839],[149.0114,-33.9328],[148.9809,-33.9246],[148.9675,-33.9691],[148.9422,-33.9694],[148.9331,-33.9823],[148.8898,-33.9634],[148.89,-33.9389],[148.8506,-33.9522],[148.8317,-33.9452],[148.8215,-33.9658],[148.8079,-33.9639],[148.804,-33.9839],[148.7674,-33.982],[148.7653,-34.0006],[148.7527,-33.9992],[148.7437,-34.0207],[148.7631,-34.0383],[148.731,-34.0787],[148.6869,-34.0821],[148.6705,-34.0972],[148.6521,-34.0662],[148.6188,-34.0713],[148.5781,-34.0525],[148.5752,-34.0362],[148.5508,-34.0194],[148.5455,-34.0334],[148.4419,-34.0119],[148.4391,-34.0739],[148.4084,-34.0777],[148.3845,-34.1306],[148.3498,-34.1154],[148.3512,-34.101],[148.3337,-34.0866],[148.2825,-34.0826],[148.2373,-34.0553],[148.205,-34.0701],[148.1527,-34.0574],[148.1462,-34.0805],[148.1141,-34.068],[148.1014,-34.0492],[148.0808,-34.0505],[148.0642,-34.0303],[148.0162,-34.0288],[148.0258,-34.1183],[148.0053,-34.0976],[147.9424,-34.0945],[147.9376,-34.1167],[147.8246,-34.117],[147.7938,-34.138],[147.7448,-34.1407],[147.711,-34.1623],[147.7207,-34.1827],[147.7419,-34.1782],[147.7591,-34.2042],[147.7791,-34.2076],[147.7848,-34.2515],[147.7994,-34.2688],[147.7942,-34.2862],[147.8245,-34.3401],[148.0274,-34.3498],[148.0158,-34.4131],[148.0598,-34.4121],[148.0576,-34.4256],[148.1076,-34.4668],[148.1567,-34.4673],[148.1678,-34.4706],[148.1642,-34.4848],[148.2001,-34.4906],[148.1948,-34.5133],[148.2239,-34.543],[148.2057,-34.5557],[148.2285,-34.5593],[148.2244,-34.5807],[148.2371,-34.5823],[148.2031,-34.5832],[148.1938,-34.5952],[148.2091,-34.6054],[148.1928,-34.6215],[148.214,-34.6303],[148.1935,-34.6638],[148.2073,-34.6676],[148.2021,-34.6976],[148.2358,-34.7018],[148.2225,-34.7271],[148.2306,-34.7408],[148.2432,-34.7321],[148.2679,-34.7418],[148.2561,-34.7709],[148.3106,-34.8628],[148.3338,-34.8717],[148.3566,-34.8519],[148.3932,-34.8602],[148.393,-34.9069],[148.4171,-34.8968],[148.5223,-34.9015]]]},"properties":{"lga_code_2024":"13910","lga_name_2024":"Hilltops","state_name_2021":"New South Wales"},"id":13910},{"type":"Feature","geometry":{"type":"MultiPolygon","coordinates":[[[[151.0684,-33.4601],[151.0632,-33.4425],[151.0323,-33.4273],[151.0319,-33.4054],[150.9948,-33.3994],[150.9876,-33.3803],[150.9721,-33.4217],[150.9903,-33.4286],[151.0291,-33.517],[151.0114,-33.5315],[151.0087,-33.5554],[151.0065,-33.5988],[151.0238,-33.6213],[151.0324,-33.6923],[151.0113,-33.7064],[151.0168,-33.7307],[151.0469,-33.7434],[151.049,-33.7588],[151.0979,-33.7657],[151.1054,-33.7575],[151.0923,-33.7305],[151.1066,-33.7276],[151.1233,-33.6894],[151.1588,-33.6623],[151.1588,-33.6524],[151.1494,-33.6555],[151.163,-33.6465],[151.1639,-33.6259],[151.2132,-33.6078],[151.2093,-33.5941],[151.1863,-33.5921],[151.2328,-33.594],[151.2471,-33.5789],[151.231,-33.5614],[151.2129,-33.5727],[151.2306,-33.5382],[151.1985,-33.55],[151.1755,-33.514],[151.1701,-33.5386],[151.1489,-33.5368],[151.1696,-33.5585],[151.1518,-33.5514],[151.1622,-33.5758],[151.1337,-33.571],[151.1462,-33.5828],[151.1191,-33.5887],[151.1257,-33.6003],[151.1028,-33.5878],[151.1515,-33.5622],[151.1449,-33.5421],[151.117,-33.5462],[151.1434,-33.5298],[151.1358,-33.5223],[151.1264,-33.5311],[151.1313,-33.5193],[151.1114,-33.507],[151.1302,-33.5051],[151.1255,-33.5178],[151.1539,-33.5239],[151.1553,-33.499],[151.1313,-33.4913],[151.1433,-33.491],[151.1556,-33.4674],[151.1384,-33.4754],[151.1224,-33.4666],[151.1022,-33.4842],[151.0856,-33.4755],[151.0798,-33.4488],[151.0684,-33.4601]]],[[[151.2348,-33.5404],[151.238,-33.5424],[151.2441,-33.5373],[151.2348,-33.5404]]],[[[151.1786,-33.5155],[151.1831,-33.5192],[151.1773,-33.5073],[151.1786,-33.5155]]],[[[151.152,-33.5277],[151.1536,-33.5282],[151.1533,-33.5253],[151.152,-33.5277]]]]},"properties":{"lga_code_2024":"14000","lga_name_2024":"Hornsby","state_name_2021":"New South Wales"},"id":14000},{"type":"Feature","geometry":{"type":"Polygon","coordinates":[[[151.1283,-33.8417],[151.1803,-33.8362],[151.1455,-33.8304],[151.1363,-33.8148],[151.1283,-33.8417]]]},"properties":{"lga_code_2024":"14100","lga_name_2024":"Hunters Hill","state_name_2021":"New South Wales"},"id":14100},{"type":"Feature","geometry":{"type":"MultiPolygon","coordinates":[[[[151.1753,-33.8724],[151.1965,-33.8597],[151.1855,-33.846],[151.1509,-33.8723],[151.1194,-33.871],[151.1123,-33.8956],[151.1621,-33.9337],[151.1813,-33.9159],[151.1753,-33.8724]]],[[[151.1741,-33.8459],[151.1689,-33.8485],[151.1745,-33.849],[151.1741,-33.8459]]]]},"properties":{"lga_code_2024":"14170","lga_name_2024":"Inner West","state_name_2021":"New South Wales"},"id":14170},{"type":"Feature","geometry":{"type":"Polygon","coordinates":[[[150.9923,-30.0807],[151.0132,-30.0854],[151.0084,-30.1074],[151.0199,-30.1156],[151.0295,-30.1077],[151.0398,-30.1256],[151.1237,-30.1335],[151.1162,-30.1883],[151.2354,-30.1844],[151.2561,-30.2407],[151.2768,-30.2402],[151.2794,-30.1806],[151.3052,-30.146],[151.2908,-30.1439],[151.2902,-30.113],[151.2722,-30.0992],[151.2571,-30.1059],[151.2532,-30.0949],[151.2643,-30.0691],[151.2583,-30.0285],[151.2717,-30.0331],[151.2769,-30.0043],[151.3047,-30.008],[151.3082,-29.989],[151.3246,-29.9911],[151.3297,-29.9627],[151.3683,-29.9672],[151.3704,-29.94],[151.4498,-29.9971],[151.6034,-29.9427],[151.5852,-29.9056],[151.5936,-29.8785],[151.5615,-29.8786],[151.5471,-29.76],[151.5048,-29.7504],[151.5238,-29.7349],[151.514,-29.6982],[151.5327,-29.6751],[151.4752,-29.6034],[151.4883,-29.5461],[151.4818,-29.5113],[151.465,-29.4935],[151.4752,-29.4404],[151.4574,-29.4332],[151.4559,-29.3455],[151.4346,-29.3236],[151.4121,-29.2595],[151.4181,-29.2484],[151.3777,-29.2143],[151.3659,-29.1739],[151.3384,-29.1793],[151.3151,-29.1657],[151.318,-29.1381],[151.2791,-29.0991],[151.2751,-29.0764],[151.2905,-29.0511],[151.2717,-29.0304],[151.2838,-29.0161],[151.2747,-28.9386],[151.2423,-28.9234],[151.2346,-28.9048],[151.215,-28.9043],[151.1996,-28.8843],[151.1319,-28.8601],[151.1033,-28.8366],[151.0444,-28.8439],[151.0427,-28.8016],[151.0241,-28.7935],[151.0186,-28.7731],[151.0282,-28.762],[151.0105,-28.7413],[150.9384,-28.7312],[150.9306,-28.7051],[150.9074,-28.6885],[150.8741,-28.6944],[150.8186,-28.6576],[150.7513,-28.6342],[150.6814,-28.6617],[150.6734,-28.6505],[150.6322,-28.6771],[150.5816,-28.6559],[150.5609,-28.6623],[150.5534,-28.6533],[150.5515,-28.6715],[150.535,-28.6724],[150.5252,-28.666],[150.5374,-28.6571],[150.4863,-28.6574],[150.4795,-28.6746],[150.5206,-28.6794],[150.5387,-28.7076],[150.5763,-28.706],[150.6051,-28.7284],[150.6727,-28.7414],[150.672,-28.7939],[150.6452,-28.814],[150.612,-28.8873],[150.6155,-28.9249],[150.6311,-28.9422],[150.6116,-29.0],[150.6305,-29.0139],[150.6344,-29.0373],[150.6674,-29.058],[150.6689,-29.0743],[150.6873,-29.0721],[150.7036,-29.0998],[150.7223,-29.0966],[150.7318,-29.1258],[150.7491,-29.1348],[150.749,-29.1905],[150.7638,-29.2085],[150.7498,-29.262],[150.7639,-29.2692],[150.7755,-29.3078],[150.8019,-29.3215],[150.8279,-29.4119],[150.8904,-29.4172],[150.8834,-29.4592],[150.8636,-29.4565],[150.8568,-29.5125],[150.7333,-29.5693],[150.726,-29.6356],[150.6843,-29.6804],[150.6944,-29.7039],[150.6823,-29.7131],[150.6769,-29.7556],[150.6473,-29.7754],[150.6724,-29.7785],[150.6794,-29.7676],[150.6862,-29.7772],[150.731,-29.7718],[150.7452,-29.7899],[150.7678,-29.7819],[150.7991,-29.8044],[150.8109,-29.8326],[150.857,-29.8353],[150.8807,-29.8613],[150.8765,-29.8738],[150.9101,-29.9014],[150.981,-29.9012],[150.9972,-29.9309],[150.9929,-29.9475],[150.9762,-29.9378],[150.9787,-29.9721],[150.9884,-29.9756],[150.9761,-29.9937],[151.0024,-30.017],[150.9923,-30.0807]]]},"properties":{"lga_code_2024":"14220","lga_name_2024":"Inverell","state_name_2021":"New South Wales"},"id":14220},{"type":"Feature","geometry":{"type":"Polygon","coordinates":[[[147.3161,-34.9064],[147.317,-34.9495],[147.4141,-34.9563],[147.4312,-34.9754],[147.4457,-34.9645],[147.6004,-34.9868],[147.5991,-34.9977],[147.6336,-35.0038],[147.646,-35.0494],[147.6923,-35.056],[147.6888,-35.0781],[147.7335,-35.065],[147.7534,-35.07],[147.7583,-35.089],[147.7888,-35.0973],[147.788,-35.085],[147.8159,-35.089],[147.8399,-35.0642],[147.8522,-35.0179],[147.8361,-34.9814],[147.84,-34.9583],[147.8649,-34.9053],[147.9047,-34.8738],[147.9035,-34.8555],[147.9431,-34.8349],[147.9364,-34.8147],[147.9488,-34.789],[147.9316,-34.7866],[147.9499,-34.7439],[147.8789,-34.7254],[147.8635,-34.7059],[147.8703,-34.6354],[147.8382,-34.6209],[147.8343,-34.5922],[147.8086,-34.5781],[147.8119,-34.5588],[147.7696,-34.5331],[147.7607,-34.5535],[147.7302,-34.5535],[147.7277,-34.572],[147.7049,-34.5819],[147.6465,-34.566],[147.6152,-34.6057],[147.6108,-34.6307],[147.4989,-34.6131],[147.4644,-34.6253],[147.4824,-34.6956],[147.4646,-34.7547],[147.412,-34.7952],[147.4083,-34.8416],[147.385,-34.8466],[147.3962,-34.8528],[147.393,-34.87],[147.3718,-34.8685],[147.3583,-34.8974],[147.3161,-34.9064]]]},"properties":{"lga_code_2024":"14300","lga_name_2024":"Junee","state_name_2021":"New South Wales"},"id":14300},{"type":"Feature","geometry":{"type":"MultiPolygon","coordinates":[[[[152.4003,-30.5009],[152.385,-30.5067],[152.3863,-30.5297],[152.3117,-30.6002],[152.3369,-30.6405],[152.3693,-30.6589],[152.358,-30.6784],[152.3754,-30.7447],[152.3439,-30.7919],[152.317,-30.7926],[152.2868,-30.8299],[152.2995,-30.8662],[152.2872,-30.9],[152.296,-30.9308],[152.2843,-30.9491],[152.2941,-30.9731],[152.2698,-30.9991],[152.3434,-31.0399],[152.3311,-31.0573],[152.3406,-31.0682],[152.3366,-31.1052],[152.3683,-31.1365],[152.3692,-31.1561],[152.3865,-31.1667],[152.4558,-31.1558],[152.5197,-31.1671],[152.5562,-31.1482],[152.5617,-31.1296],[152.5976,-31.1237],[152.6497,-31.1545],[152.6903,-31.1398],[152.7069,-31.1515],[152.706,-31.1807],[152.728,-31.1763],[152.7262,-31.1852],[152.7517,-31.1947],[152.7476,-31.2158],[152.7303,-31.224],[152.8181,-31.2278],[152.8154,-31.243],[152.8294,-31.2451],[152.8148,-31.2827],[152.9666,-31.3105],[152.9712,-31.2526],[152.9607,-31.233],[152.9842,-31.1867],[152.9774,-31.1714],[153.0066,-31.1234],[153.0557,-31.0786],[153.0664,-31.0475],[153.0544,-31.0537],[153.042,-31.0434],[153.0398,-30.9991],[153.0907,-30.9216],[153.076,-30.8782],[153.0372,-30.8825],[153.0137,-30.8608],[152.9989,-30.7615],[152.9739,-30.7754],[152.9694,-30.795],[152.9204,-30.8146],[152.9235,-30.8339],[152.893,-30.8801],[152.8707,-30.8829],[152.8522,-30.9058],[152.8128,-30.9237],[152.7629,-30.9248],[152.7328,-30.8644],[152.7082,-30.8583],[152.7081,-30.8734],[152.6925,-30.8765],[152.665,-30.8628],[152.6833,-30.8132],[152.6431,-30.7963],[152.5894,-30.7188],[152.5564,-30.6992],[152.5393,-30.6179],[152.5043,-30.5877],[152.5005,-30.5666],[152.4003,-30.5009]]],[[[153.1023,-30.9388],[153.1023,-30.9387],[153.1019,-30.9385],[153.1023,-30.9388]]],[[[153.1005,-30.9384],[153.1016,-30.9394],[153.1008,-30.9379],[153.1005,-30.9384]]],[[[153.0661,-31.0484],[153.0663,-31.0481],[153.0661,-31.0482],[153.0661,-31.0484]]],[[[153.0895,-30.911],[153.0915,-30.9113],[153.0906,-30.9102],[153.0895,-30.911]]],[[[153.0876,-30.9155],[153.0889,-30.9156],[153.0875,-30.9147],[153.0876,-30.9155]]],[[[153.065,-31.0563],[153.0657,-31.0556],[153.0648,-31.0555],[153.065,-31.0563]]],[[[153.0657,-31.0555],[153.0658,-31.055],[153.0656,-31.0551],[153.0657,-31.0555]]],[[[153.0621,-31.0585],[153.0623,-31.0584],[153.0621,-31.0583],[153.0621,-31.0585]]],[[[153.0882,-30.9105],[153.0878,-30.9103],[153.0889,-30.9111],[153.0882,-30.9105]]],[[[153.0888,-30.9119],[153.0888,-30.9117],[153.0887,-30.9116],[153.0888,-30.9119]]],[[[153.0845,-30.8981],[153.0844,-30.8978],[153.0843,-30.8979],[153.0845,-30.8981]]],[[[153.0537,-31.0713],[153.0542,-31.0715],[153.0538,-31.0711],[153.0537,-31.0713]]],[[[153.0761,-30.9497],[153.0774,-30.9487],[153.0769,-30.9486],[153.0761,-30.9497]]],[[[153.0765,-30.8787],[153.077,-30.879],[153.0766,-30.8782],[153.0765,-30.8787]]],[[[153.0756,-30.9496],[153.0763,-30.9491],[153.0762,-30.9488],[153.0756,-30.9496]]],[[[153.0435,-30.8821],[153.0437,-30.8818],[153.0434,-30.8819],[153.0435,-30.8821]]]]},"properties":{"lga_code_2024":"14350","lga_name_2024":"Kempsey","state_name_2021":"New South Wales"},"id":14350},{"type":"Feature","geometry":{"type":"Polygon","coordinates":[[[150.7813,-34.7922],[150.8101,-34.7733],[150.8251,-34.7826],[150.8369,-34.7548],[150.8331,-34.7392],[150.8647,-34.6719],[150.8548,-34.6634],[150.8621,-34.6287],[150.849,-34.6143],[150.8375,-34.613],[150.8463,-34.6364],[150.8015,-34.6432],[150.7902,-34.6023],[150.7683,-34.5989],[150.7581,-34.613],[150.6983,-34.6008],[150.6041,-34.6512],[150.5999,-34.6708],[150.7347,-34.6891],[150.7345,-34.7492],[150.7507,-34.7517],[150.7813,-34.7922]]]},"properties":{"lga_code_2024":"14400","lga_name_2024":"Kiama","state_name_2021":"New South Wales"},"id":14400},{"type":"Feature","geometry":{"type":"Polygon","coordinates":[[[151.1615,-33.6596],[151.09,-33.7354],[151.1487,-33.7944],[151.2075,-33.7772],[151.1803,-33.7406],[151.1914,-33.7027],[151.1657,-33.6859],[151.1615,-33.6596]]]},"properties":{"lga_code_2024":"14500","lga_name_2024":"Ku-ring-gai","state_name_2021":"New South Wales"},"id":14500},{"type":"Feature","geometry":{"type":"Polygon","coordinates":[[[152.5585,-28.9901],[152.6646,-29.0045],[152.6619,-29.0199],[152.685,-29.0233],[152.7271,-29.0092],[152.7459,-28.9915],[152.7505,-28.9133],[152.7862,-28.9267],[152.8198,-28.9037],[152.8209,-28.8828],[152.8464,-28.8887],[152.8583,-28.852],[152.8846,-28.836],[152.8876,-28.8193],[152.9138,-28.8213],[152.929,-28.8044],[152.9525,-28.8015],[152.9238,-28.7706],[152.9068,-28.713],[153.0826,-28.7315],[153.0919,-28.6364],[153.1011,-28.6217],[153.1228,-28.6236],[153.1182,-28.598],[153.1429,-28.589],[153.1379,-28.5723],[153.1583,-28.5736],[153.1838,-28.5224],[153.1603,-28.5241],[153.1511,-28.5089],[153.1538,-28.4846],[153.134,-28.4589],[153.1439,-28.4389],[153.1207,-28.4333],[153.1281,-28.4064],[153.1123,-28.4006],[153.1085,-28.3563],[153.0449,-28.339],[152.9343,-28.3377],[152.8804,-28.3098],[152.8314,-28.3197],[152.8043,-28.3536],[152.7774,-28.346],[152.7509,-28.3639],[152.6795,-28.3306],[152.6675,-28.3117],[152.6397,-28.3122],[152.6142,-28.2695],[152.6033,-28.2792],[152.5968,-28.3136],[152.6314,-28.3386],[152.601,-28.3783],[152.6055,-28.3915],[152.5764,-28.4156],[152.5804,-28.4351],[152.5652,-28.4402],[152.5613,-28.4699],[152.5515,-28.4666],[152.5532,-28.4776],[152.5274,-28.4958],[152.5332,-28.5138],[152.5033,-28.5115],[152.5004,-28.5286],[152.4722,-28.5192],[152.4405,-28.5303],[152.4414,-28.5559],[152.4578,-28.569],[152.4402,-28.5763],[152.4428,-28.6034],[152.4058,-28.6217],[152.414,-28.632],[152.3986,-28.6468],[152.4031,-28.6587],[152.3737,-28.6873],[152.3767,-28.7029],[152.4065,-28.7045],[152.4086,-28.724],[152.4736,-28.7308],[152.4731,-28.7471],[152.4976,-28.7379],[152.4798,-28.7508],[152.492,-28.7646],[152.4801,-28.7801],[152.511,-28.7797],[152.5183,-28.7947],[152.543,-28.7838],[152.5392,-28.8149],[152.5572,-28.8237],[152.5372,-28.8477],[152.5733,-28.8638],[152.5481,-28.9088],[152.5806,-28.9131],[152.5796,-28.9314],[152.5456,-28.9363],[152.5585,-28.9901]]]},"properties":{"lga_code_2024":"14550","lga_name_2024":"Kyogle","state_name_2021":"New South Wales"},"id":14550},{"type":"Feature","geometry":{"type":"Polygon","coordinates":[[[146.528,-32.3684],[146.705,-33.032],[146.6907,-33.0233],[146.6448,-33.0313],[146.6395,-33.0549],[146.5936,-33.0861],[146.5806,-33.0772],[146.5598,-33.0965],[146.5502,-33.0838],[146.5239,-33.1069],[146.4741,-33.1105],[146.4632,-33.1374],[146.4786,-33.158],[146.454,-33.1728],[146.46,-33.1973],[146.4407,-33.1963],[146.4273,-33.2208],[146.3941,-33.2238],[146.3877,-33.2358],[146.3683,-33.2212],[146.3828,-33.2172],[146.3763,-33.1956],[146.3557,-33.2038],[146.357,-33.194],[146.308,-33.1875],[146.2904,-33.2274],[146.2477,-33.2191],[146.2541,-33.2358],[146.2353,-33.241],[146.2247,-33.2277],[146.2014,-33.2366],[146.1371,-33.2276],[146.1238,-33.2453],[146.1312,-33.2612],[146.1035,-33.2615],[146.0838,-33.2902],[146.0908,-33.3195],[146.0668,-33.3579],[146.054,-33.4758],[146.0951,-33.6031],[146.4408,-33.5209],[146.4456,-33.5639],[146.8089,-33.6072],[146.8204,-33.5282],[146.8298,-33.538],[146.9885,-33.552],[146.9864,-33.5638],[147.2428,-33.5918],[147.2459,-33.5719],[147.3204,-33.5678],[147.3584,-33.5253],[147.4035,-33.5274],[147.4261,-33.4345],[147.4804,-33.4417],[147.5147,-33.2633],[147.4823,-33.2582],[147.4855,-33.2466],[147.4648,-33.2274],[147.3788,-33.2156],[147.3572,-33.2245],[147.3088,-33.2071],[147.2968,-33.1716],[147.3081,-33.1044],[147.3174,-33.1174],[147.3305,-33.1101],[147.3885,-33.1394],[147.4053,-33.0375],[147.555,-33.0482],[147.5592,-33.022],[147.543,-33.0202],[147.5466,-32.9984],[147.5569,-32.9482],[147.571,-32.9497],[147.6043,-32.7627],[147.5984,-32.7386],[147.5684,-32.7354],[147.5776,-32.6756],[147.5537,-32.673],[147.5569,-32.6293],[147.5815,-32.6046],[147.5508,-32.5981],[147.5618,-32.5538],[147.5453,-32.5519],[147.5558,-32.4826],[147.5609,-32.4559],[147.5895,-32.4384],[147.6115,-32.4412],[147.6123,-32.4233],[147.6965,-32.3692],[147.6871,-32.3118],[147.6353,-32.2977],[147.6161,-32.271],[147.4991,-32.2129],[147.496,-32.1828],[147.4712,-32.1475],[147.478,-32.1231],[147.4199,-32.0695],[147.4166,-32.0399],[147.3258,-31.9928],[147.2929,-31.9952],[147.2666,-32.0658],[147.1984,-32.1103],[147.1942,-32.0682],[147.0709,-32.1509],[147.1433,-32.2278],[147.0687,-32.2769],[147.0479,-32.2745],[147.0449,-32.293],[147.0012,-32.2876],[146.9965,-32.3169],[146.8978,-32.2048],[146.7666,-32.2902],[146.87,-32.4056],[146.807,-32.4475],[146.7208,-32.3955],[146.6759,-32.333],[146.5858,-32.3696],[146.528,-32.3684]]]},"properties":{"lga_code_2024":"14600","lga_name_2024":"Lachlan","state_name_2021":"New South Wales"},"id":14600},{"type":"Feature","geometry":{"type":"MultiPolygon","coordinates":[[[[151.7379,-32.9629],[151.6839,-32.9483],[151.6879,-32.9271],[151.6368,-32.9193],[151.6408,-32.8977],[151.6067,-32.8925],[151.6094,-32.8803],[151.5411,-32.8723],[151.5368,-32.9005],[151.5138,-32.9234],[151.5167,-32.9666],[151.464,-32.9679],[151.4476,-32.9928],[151.3862,-33.0063],[151.3738,-33.0384],[151.3406,-33.0437],[151.3319,-33.0662],[151.3789,-33.0997],[151.3975,-33.165],[151.39,-33.1699],[151.4041,-33.1736],[151.3986,-33.1857],[151.4551,-33.2028],[151.4905,-33.1868],[151.5122,-33.1943],[151.5297,-33.1694],[151.5274,-33.1392],[151.5102,-33.1366],[151.5221,-33.1241],[151.5421,-33.1259],[151.5388,-33.1145],[151.5687,-33.1142],[151.5484,-33.0886],[151.5248,-33.1075],[151.5095,-33.1025],[151.5125,-33.09],[151.534,-33.0855],[151.5539,-33.0609],[151.6139,-33.0819],[151.6112,-33.0721],[151.5808,-33.0685],[151.5859,-33.0472],[151.6001,-33.0593],[151.6,-33.0411],[151.5773,-33.0329],[151.5936,-33.0267],[151.6197,-33.048],[151.5977,-32.9972],[151.5841,-32.9961],[151.6167,-33.0057],[151.6211,-32.9763],[151.608,-32.9662],[151.6441,-32.9753],[151.6296,-32.9939],[151.6406,-33.004],[151.6279,-33.0118],[151.6335,-33.0285],[151.6575,-33.036],[151.6519,-33.0534],[151.6389,-33.0551],[151.6495,-33.0627],[151.6414,-33.0852],[151.6611,-33.0838],[151.6689,-33.0519],[151.7287,-33.0107],[151.7379,-32.9629]]],[[[151.6403,-33.0582],[151.6411,-33.0621],[151.6431,-33.0616],[151.6403,-33.0582]]],[[[151.6672,-33.094],[151.668,-33.0941],[151.6679,-33.0935],[151.6672,-33.094]]],[[[151.6745,-33.0869],[151.6722,-33.0866],[151.6706,-33.0892],[151.6745,-33.0869]]],[[[151.599,-33.0995],[151.5911,-33.088],[151.585,-33.0916],[151.599,-33.0995]]],[[[151.6555,-33.1002],[151.6563,-33.1001],[151.656,-33.0999],[151.6555,-33.1002]]],[[[151.5961,-33.1617],[151.597,-33.172],[151.6384,-33.1765],[151.63,-33.1542],[151.6657,-33.0868],[151.642,-33.0872],[151.6547,-33.0939],[151.6416,-33.0964],[151.6338,-33.0707],[151.5961,-33.1617]]]]},"properties":{"lga_code_2024":"14650","lga_name_2024":"Lake Macquarie","state_name_2021":"New South Wales"},"id":14650},{"type":"Feature","geometry":{"type":"Polygon","coordinates":[[[151.189,-33.8336],[151.1983,-33.8251],[151.1786,-33.8163],[151.1793,-33.8055],[151.1442,-33.803],[151.1458,-33.829],[151.1816,-33.8295],[151.1869,-33.8434],[151.189,-33.8336]]]},"properties":{"lga_code_2024":"14700","lga_name_2024":"Lane Cove","state_name_2021":"New South Wales"},"id":14700},{"type":"Feature","geometry":{"type":"Polygon","coordinates":[[[146.2188,-34.6751],[146.198,-34.788],[146.1744,-34.7906],[146.1524,-34.9017],[146.1925,-34.9236],[146.2335,-34.8734],[146.2795,-34.8853],[146.369,-34.9146],[146.672,-35.0599],[146.6908,-35.0559],[146.6885,-35.068],[146.7615,-35.0764],[146.7788,-35.0984],[146.8089,-34.985],[146.7791,-34.9396],[146.7845,-34.9241],[146.8437,-34.8988],[146.8328,-34.8933],[146.8416,-34.8811],[146.8293,-34.8775],[146.8463,-34.8445],[146.9116,-34.4826],[146.7918,-34.4723],[146.823,-34.3109],[146.7187,-34.2981],[146.729,-34.2368],[146.6239,-34.2247],[146.6354,-34.1512],[146.4582,-34.1329],[146.4646,-34.0964],[146.3595,-34.0837],[146.3286,-34.2636],[146.3048,-34.2607],[146.3072,-34.3351],[146.3907,-34.3449],[146.3876,-34.421],[146.4001,-34.4225],[146.4003,-34.4416],[146.4412,-34.4426],[146.4389,-34.4552],[146.4827,-34.4631],[146.4706,-34.5256],[146.5142,-34.5311],[146.5167,-34.5536],[146.4874,-34.709],[146.4658,-34.725],[146.4252,-34.7],[146.3449,-34.6993],[146.2188,-34.6751]]]},"properties":{"lga_code_2024":"15800","lga_name_2024":"Narrandera","state_name_2021":"New South Wales"},"id":15800},{"type":"Feature","geometry":{"type":"Polygon","coordinates":[[[147.6965,-32.3692],[147.7197,-32.3962],[147.7629,-32.4074],[147.7721,-32.4232],[147.8206,-32.4195],[147.8845,-32.4403],[147.9051,-32.432],[147.9053,-32.4606],[147.9364,-32.491],[147.9654,-32.499],[147.964,-32.5188],[147.9925,-32.5388],[148.0037,-32.5642],[148.0913,-32.6045],[148.1285,-32.683],[148.2487,-32.6816],[148.263,-32.6921],[148.2645,-32.6782],[148.3471,-32.6758],[148.3473,-32.6416],[148.3611,-32.6225],[148.3755,-32.6304],[148.4122,-32.6193],[148.4208,-32.5907],[148.3971,-32.5625],[148.392,-32.5298],[148.3929,-32.5036],[148.4094,-32.4822],[148.38,-32.4264],[148.4076,-32.3974],[148.3789,-32.3936],[148.4049,-32.3106],[148.4021,-32.2816],[148.3982,-32.2574],[148.3757,-32.2568],[148.3642,-32.2359],[148.3598,-32.2026],[148.379,-32.2112],[148.4046,-32.1737],[148.4568,-32.1414],[148.4141,-32.1355],[148.4191,-32.1042],[148.4059,-32.1021],[148.4071,-32.0705],[148.421,-32.0551],[148.4369,-32.0608],[148.4408,-32.0392],[148.4163,-32.0253],[148.4394,-32.0171],[148.3998,-31.9994],[148.3433,-31.9368],[148.3288,-31.878],[148.3111,-31.857],[148.3006,-31.7912],[148.2609,-31.7714],[148.2588,-31.7828],[148.1792,-31.8279],[148.1873,-31.8208],[148.142,-31.7987],[148.0665,-31.8641],[148.048,-31.9003],[148.0435,-31.8893],[148.0329,-31.8947],[148.026,-31.8712],[147.9474,-31.8668],[147.8527,-31.9334],[147.8367,-31.9273],[147.7941,-31.9689],[147.8041,-31.985],[147.7873,-31.9842],[147.7844,-32.0],[147.7463,-31.9894],[147.7245,-32.0262],[147.4947,-32.1887],[147.4991,-32.2129],[147.5391,-32.2396],[147.6161,-32.271],[147.6353,-32.2977],[147.6871,-32.3118],[147.6965,-32.3692]]]},"properties":{"lga_code_2024":"15850","lga_name_2024":"Narromine","state_name_2021":"New South Wales"},"id":15850},{"type":"Feature","geometry":{"type":"MultiPolygon","coordinates":[[[[151.686,-32.8231],[151.7058,-32.8051],[151.6286,-32.7898],[151.6067,-32.8925],[151.6408,-32.8977],[151.6368,-32.9193],[151.6879,-32.9271],[151.6839,-32.9483],[151.7358,-32.9628],[151.791,-32.9301],[151.803,-32.9159],[151.7635,-32.9245],[151.7615,-32.9077],[151.7642,-32.9221],[151.777,-32.9236],[151.768,-32.8949],[151.7336,-32.8797],[151.7746,-32.8896],[151.7773,-32.9022],[151.7744,-32.8567],[151.6965,-32.8329],[151.6966,-32.8479],[151.7282,-32.8787],[151.7092,-32.8687],[151.686,-32.8231]]],[[[151.8101,-32.8782],[151.794,-32.8757],[151.7806,-32.9187],[151.8101,-32.8782]]]]},"properties":{"lga_code_2024":"15900","lga_name_2024":"Newcastle","state_name_2021":"New South Wales"},"id":15900},{"type":"Feature","geometry":{"type":"Polygon","coordinates":[[[146.0282,-34.5657],[146.0228,-34.5945],[146.0489,-34.5778],[146.0433,-34.588],[146.0857,-34.608],[146.0975,-34.6324],[146.1314,-34.6199],[146.1527,-34.6285],[146.1709,-34.6092],[146.1895,-34.625],[146.2269,-34.6113],[146.2188,-34.6751],[146.3449,-34.6993],[146.4252,-34.7],[146.4662,-34.725],[146.4874,-34.709],[146.5167,-34.5536],[146.5142,-34.5311],[146.4706,-34.5256],[146.4827,-34.4631],[146.4389,-34.4552],[146.4412,-34.4426],[146.4003,-34.4416],[146.4001,-34.4225],[146.3876,-34.421],[146.3907,-34.3449],[146.3003,-34.3343],[146.301,-34.3452],[146.2861,-34.3458],[146.2765,-34.3345],[146.2363,-34.3369],[146.23,-34.3718],[146.2065,-34.3542],[146.2022,-34.3766],[146.1774,-34.3736],[146.1344,-34.3911],[146.1533,-34.4051],[146.1346,-34.4806],[146.1473,-34.4822],[146.1446,-34.5011],[146.0902,-34.4838],[146.0754,-34.567],[146.0282,-34.5657]]]},"properties":{"lga_code_2024":"14750","lga_name_2024":"Leeton","state_name_2021":"New South Wales"},"id":14750},{"type":"Feature","geometry":{"type":"Polygon","coordinates":[[[153.0766,-28.7332],[153.0794,-28.7491],[153.1111,-28.775],[153.1479,-28.7839],[153.1385,-28.8146],[153.1876,-28.8463],[153.1731,-28.9224],[153.2251,-28.9283],[153.2418,-28.9469],[153.247,-28.9312],[153.2904,-28.973],[153.2977,-29.0037],[153.269,-29.0129],[153.306,-29.0605],[153.327,-29.0391],[153.3355,-29.0706],[153.3735,-29.0611],[153.3824,-29.052],[153.3766,-29.0245],[153.3999,-28.999],[153.4177,-29.0169],[153.433,-29.01],[153.4358,-29.0011],[153.3755,-28.9539],[153.3886,-28.9167],[153.3625,-28.8919],[153.3797,-28.8511],[153.3963,-28.843],[153.3837,-28.7973],[153.4022,-28.7851],[153.4268,-28.7945],[153.4246,-28.7836],[153.4466,-28.7732],[153.4463,-28.7449],[153.4067,-28.7431],[153.4121,-28.7206],[153.4006,-28.6986],[153.4077,-28.6861],[153.4241,-28.6934],[153.416,-28.6714],[153.4301,-28.6593],[153.4116,-28.641],[153.4126,-28.6186],[153.3731,-28.614],[153.379,-28.5823],[153.3286,-28.5409],[153.2914,-28.5416],[153.2825,-28.516],[153.2554,-28.5272],[153.2472,-28.5158],[153.1838,-28.5222],[153.1583,-28.5736],[153.1379,-28.5723],[153.1429,-28.589],[153.1182,-28.598],[153.1228,-28.6236],[153.1011,-28.6217],[153.0919,-28.6364],[153.0766,-28.7332]]]},"properties":{"lga_code_2024":"14850","lga_name_2024":"Lismore","state_name_2021":"New South Wales"},"id":14850},{"type":"Feature","geometry":{"type":"Polygon","coordinates":[[[149.8696,-33.5199],[149.8789,-33.5456],[149.8977,-33.5399],[149.8892,-33.5654],[149.9376,-33.5643],[149.9373,-33.5918],[149.9742,-33.6151],[149.9684,-33.6341],[149.9874,-33.6563],[149.9719,-33.6654],[149.9844,-33.6884],[149.9626,-33.7139],[149.9826,-33.7424],[150.0312,-33.7604],[150.0482,-33.7201],[150.0634,-33.7143],[150.0958,-33.7391],[150.1225,-33.733],[150.1517,-33.7494],[150.1587,-33.74],[150.1801,-33.7459],[150.2124,-33.7212],[150.1956,-33.7129],[150.1792,-33.7221],[150.1811,-33.7044],[150.2076,-33.7085],[150.2148,-33.6748],[150.2481,-33.6641],[150.2405,-33.6386],[150.2619,-33.6417],[150.2708,-33.6229],[150.2432,-33.6024],[150.2248,-33.5603],[150.2122,-33.5585],[150.2156,-33.548],[150.2261,-33.5605],[150.2507,-33.558],[150.2568,-33.4943],[150.3147,-33.5044],[150.3119,-33.5201],[150.331,-33.5225],[150.3549,-33.4858],[150.3694,-33.4911],[150.3865,-33.4794],[150.3991,-33.4895],[150.4085,-33.4733],[150.4169,-33.4866],[150.4467,-33.4818],[150.4513,-33.4588],[150.4684,-33.4541],[150.46,-33.4493],[150.4792,-33.4298],[150.4823,-33.3827],[150.5588,-33.3662],[150.5906,-33.3426],[150.5838,-33.3219],[150.5515,-33.3153],[150.5667,-33.3063],[150.5575,-33.2908],[150.5756,-33.2896],[150.5532,-33.2748],[150.5604,-33.2569],[150.5257,-33.239],[150.5443,-33.221],[150.5238,-33.1946],[150.5524,-33.1837],[150.5549,-33.1617],[150.5698,-33.1559],[150.5697,-33.168],[150.5836,-33.1681],[150.5866,-33.1477],[150.6099,-33.1434],[150.5985,-33.1254],[150.6197,-33.11],[150.6016,-33.1006],[150.6135,-33.0892],[150.6108,-33.0663],[150.5529,-33.0596],[150.5466,-33.0429],[150.5201,-33.0349],[150.4664,-33.0466],[150.4091,-33.0238],[150.3938,-33.0392],[150.3702,-33.0139],[150.3763,-32.9902],[150.3666,-32.9716],[150.3763,-32.9592],[150.3438,-32.8879],[150.28,-32.9203],[150.1723,-32.8807],[150.1623,-32.8897],[150.0751,-32.8807],[150.0468,-32.9086],[150.0113,-32.9069],[150.0004,-32.9651],[150.0218,-32.9869],[150.0175,-33.0036],[149.9859,-33.0118],[149.9312,-32.9992],[149.9229,-33.0293],[149.9467,-33.0453],[149.9221,-33.1291],[149.896,-33.1457],[149.8805,-33.1209],[149.876,-33.13],[149.8548,-33.1164],[149.836,-33.1231],[149.8073,-33.095],[149.7651,-33.1231],[149.7519,-33.1773],[149.7742,-33.1801],[149.7806,-33.2086],[149.7995,-33.2054],[149.8285,-33.2236],[149.8224,-33.2476],[149.8081,-33.2535],[149.8364,-33.2574],[149.8214,-33.2989],[149.8323,-33.3237],[149.8785,-33.3446],[149.8854,-33.3707],[149.9137,-33.3771],[149.9019,-33.4381],[149.9194,-33.4406],[149.9129,-33.4765],[149.9222,-33.4778],[149.9071,-33.5103],[149.8717,-33.5091],[149.8696,-33.5199]]]},"properties":{"lga_code_2024":"14870","lga_name_2024":"Lithgow","state_name_2021":"New South Wales"},"id":14870},{"type":"Feature","geometry":{"type":"Polygon","coordinates":[[[150.8151,-33.8794],[150.6983,-33.864],[150.6925,-33.8832],[150.6395,-33.8763],[150.6345,-33.9022],[150.6489,-33.9171],[150.6392,-33.9297],[150.6183,-33.9267],[150.6271,-33.9354],[150.6186,-33.957],[150.7518,-33.9413],[150.8226,-33.952],[150.8151,-33.9679],[150.8445,-33.9845],[150.8868,-33.9582],[150.9132,-33.9648],[150.9069,-34.0175],[150.8929,-34.0195],[150.8892,-34.0046],[150.8867,-34.0321],[150.9481,-34.0411],[150.9517,-34.0235],[150.9806,-34.0171],[150.994,-33.9717],[150.9662,-33.9436],[150.979,-33.9292],[150.9662,-33.9002],[150.9078,-33.9142],[150.8571,-33.8944],[150.8646,-33.8835],[150.8151,-33.8794]]]},"properties":{"lga_code_2024":"14900","lga_name_2024":"Liverpool","state_name_2021":"New South Wales"},"id":14900},{"type":"Feature","geometry":{"type":"Polygon","coordinates":[[[149.913,-31.4534],[149.8829,-31.452],[149.8669,-31.5373],[149.9044,-31.5369],[149.9148,-31.5595],[149.8929,-31.5926],[149.9011,-31.6244],[149.8409,-31.6161],[149.8656,-31.638],[149.8663,-31.679],[149.9067,-31.7072],[149.9655,-31.701],[149.9841,-31.7279],[150.0283,-31.6852],[150.0522,-31.698],[150.0458,-31.7142],[150.0751,-31.7399],[150.1051,-31.7395],[150.1351,-31.7685],[150.1517,-31.7659],[150.1994,-31.8237],[150.2418,-31.8255],[150.2937,-31.8489],[150.3346,-31.8254],[150.3677,-31.8425],[150.4107,-31.834],[150.4431,-31.8548],[150.4863,-31.8311],[150.5466,-31.8582],[150.5675,-31.8441],[150.7234,-31.8386],[150.7302,-31.8137],[150.7171,-31.7976],[150.7386,-31.7793],[150.7599,-31.7823],[150.8023,-31.7332],[150.849,-31.7305],[150.8658,-31.6993],[150.8865,-31.7022],[150.8799,-31.689],[150.8995,-31.6911],[150.9107,-31.6677],[150.8937,-31.6647],[150.9141,-31.6479],[150.9991,-31.635],[150.9951,-31.5756],[150.9686,-31.5595],[150.9397,-31.5156],[150.9206,-31.5131],[150.9052,-31.4631],[150.8812,-31.4529],[150.8655,-31.4177],[150.8164,-31.4014],[150.8199,-31.3629],[150.7912,-31.3588],[150.7906,-31.3419],[150.7734,-31.3341],[150.7897,-31.3275],[150.7947,-31.3056],[150.778,-31.3029],[150.7847,-31.2686],[150.7754,-31.2717],[150.7671,-31.2472],[150.7807,-31.2364],[150.7498,-31.2344],[150.7547,-31.2101],[150.7279,-31.2062],[150.7188,-31.1833],[150.6917,-31.1784],[150.6151,-31.0855],[150.5924,-31.0822],[150.5809,-31.1412],[150.5905,-31.1425],[150.5797,-31.1471],[150.5714,-31.2082],[150.5855,-31.2176],[150.5605,-31.2253],[150.5623,-31.2359],[150.5838,-31.2285],[150.5737,-31.2814],[150.5504,-31.2781],[150.5498,-31.3192],[150.5346,-31.3431],[150.5498,-31.344],[150.5433,-31.3629],[150.5057,-31.3673],[150.4988,-31.351],[150.4195,-31.34],[150.4346,-31.3933],[150.4177,-31.3976],[150.161,-31.355],[150.1594,-31.3138],[150.1486,-31.3038],[150.1653,-31.233],[150.1448,-31.2367],[150.1383,-31.2239],[150.1347,-31.2443],[150.1034,-31.24],[150.0788,-31.3381],[150.0066,-31.3208],[149.9867,-31.3293],[149.9992,-31.3616],[149.9881,-31.4274],[150.0044,-31.4296],[150.0023,-31.4456],[149.9703,-31.4582],[149.913,-31.4534]]]},"properties":{"lga_code_2024":"14920","lga_name_2024":"Liverpool Plains","state_name_2021":"New South Wales"},"id":14920},{"type":"Feature","geometry":{"type":"Polygon","coordinates":[[[146.6051,-35.5058],[146.6698,-35.5203],[146.6623,-35.5478],[146.673,-35.5553],[146.7961,-35.575],[146.7977,-35.5663],[146.8884,-35.5732],[146.8909,-35.5605],[146.9555,-35.5231],[146.9912,-35.5168],[146.9939,-35.4893],[147.0402,-35.4842],[147.0702,-35.453],[147.1578,-35.4692],[147.1639,-35.4387],[147.1856,-35.4315],[147.1667,-35.4158],[147.1814,-35.3892],[147.1655,-35.378],[147.1682,-35.3636],[147.1776,-35.3648],[147.1977,-35.3273],[147.2139,-35.3447],[147.2307,-35.3389],[147.2321,-35.305],[147.1853,-35.2908],[147.1409,-35.2541],[147.1493,-35.1809],[147.0582,-35.1692],[147.0508,-35.1872],[147.0323,-35.1878],[146.9302,-35.1616],[146.8561,-35.1807],[146.8596,-35.1726],[146.8438,-35.1766],[146.843,-35.1499],[146.8283,-35.1327],[146.7703,-35.0973],[146.7615,-35.0764],[146.6885,-35.068],[146.615,-35.1145],[146.5646,-35.1186],[146.3893,-35.2317],[146.3864,-35.2474],[146.4137,-35.2505],[146.4038,-35.3045],[146.3925,-35.303],[146.3888,-35.3229],[146.3729,-35.321],[146.3542,-35.3878],[146.3808,-35.4057],[146.4312,-35.475],[146.6051,-35.5058]]]},"properties":{"lga_code_2024":"14950","lga_name_2024":"Lockhart","state_name_2021":"New South Wales"},"id":14950},{"type":"Feature","geometry":{"type":"Polygon","coordinates":[[[151.6049,-32.6299],[151.4459,-32.6078],[151.4032,-32.661],[151.4005,-32.7028],[151.4235,-32.7235],[151.4204,-32.7394],[151.4459,-32.7429],[151.4495,-32.7258],[151.4669,-32.7281],[151.4629,-32.7467],[151.4946,-32.7517],[151.4894,-32.7753],[151.5252,-32.7771],[151.5206,-32.7985],[151.5377,-32.8011],[151.5417,-32.7829],[151.6108,-32.7922],[151.6077,-32.808],[151.6246,-32.8105],[151.6286,-32.7898],[151.7058,-32.8051],[151.6955,-32.7892],[151.7435,-32.7547],[151.7284,-32.76],[151.7252,-32.7355],[151.6896,-32.727],[151.6669,-32.7407],[151.6428,-32.7194],[151.6451,-32.7044],[151.6109,-32.6915],[151.5935,-32.6565],[151.6049,-32.6299]]]},"properties":{"lga_code_2024":"15050","lga_name_2024":"Maitland","state_name_2021":"New South Wales"},"id":15050},{"type":"Feature","geometry":{"type":"MultiPolygon","coordinates":[[[[152.0838,-31.5005],[151.9128,-31.4767],[151.9158,-31.5101],[151.8446,-31.4995],[151.8428,-31.509],[151.7533,-31.5143],[151.7585,-31.5354],[151.7866,-31.5478],[151.8025,-31.5739],[151.7567,-31.6018],[151.7569,-31.6382],[151.6906,-31.6226],[151.6821,-31.6088],[151.6571,-31.6133],[151.6526,-31.6027],[151.6336,-31.6152],[151.6014,-31.5956],[151.5694,-31.61],[151.5356,-31.5961],[151.5209,-31.6649],[151.5348,-31.6941],[151.5177,-31.7693],[151.5541,-31.7873],[151.594,-31.7896],[151.5849,-31.8375],[151.5637,-31.8615],[151.5509,-31.8598],[151.5525,-31.8473],[151.5159,-31.8528],[151.5132,-31.8684],[151.4691,-31.8969],[151.4416,-31.9518],[151.4547,-31.996],[151.4029,-32.0413],[151.4379,-32.0542],[151.4892,-32.0507],[151.5943,-32.1059],[151.6483,-32.1006],[151.6892,-32.1475],[151.6958,-32.194],[151.7296,-32.2374],[151.761,-32.2645],[151.7794,-32.2486],[151.8085,-32.2465],[151.8211,-32.3131],[151.85,-32.3256],[151.8429,-32.4104],[151.8867,-32.4265],[151.9023,-32.4188],[151.9058,-32.4415],[151.9187,-32.448],[151.8926,-32.474],[151.8735,-32.5903],[151.8629,-32.5887],[151.8577,-32.6136],[151.9569,-32.6153],[151.9691,-32.6541],[151.9934,-32.6687],[152.0298,-32.664],[152.043,-32.6797],[152.0438,-32.6604],[152.0615,-32.65],[152.0504,-32.6765],[152.0715,-32.6893],[152.1144,-32.6811],[152.1219,-32.6578],[152.1377,-32.671],[152.1295,-32.6857],[152.1731,-32.6783],[152.205,-32.7012],[152.1867,-32.6854],[152.1957,-32.6479],[152.2313,-32.6158],[152.285,-32.5948],[152.3356,-32.5271],[152.4189,-32.4825],[152.5399,-32.4435],[152.5196,-32.4283],[152.5163,-32.4085],[152.5517,-32.3346],[152.5234,-32.3117],[152.5237,-32.2944],[152.5709,-32.2156],[152.5089,-32.1724],[152.5128,-32.117],[152.5479,-32.0736],[152.5479,-32.0281],[152.6088,-31.9471],[152.691,-31.8777],[152.7546,-31.8451],[152.7359,-31.8351],[152.7368,-31.8092],[152.8057,-31.7301],[152.7355,-31.7245],[152.7447,-31.717],[152.7301,-31.7008],[152.7215,-31.7095],[152.5948,-31.6952],[152.5369,-31.6653],[152.5017,-31.6609],[152.5029,-31.6371],[152.4393,-31.6528],[152.4201,-31.6459],[152.4072,-31.6682],[152.3822,-31.65],[152.3529,-31.6517],[152.3484,-31.6163],[152.3084,-31.6247],[152.3282,-31.5886],[152.3493,-31.5763],[152.3327,-31.5552],[152.3426,-31.5513],[152.3315,-31.5398],[152.3452,-31.5304],[152.3348,-31.5156],[152.2813,-31.5241],[152.2548,-31.4872],[152.2377,-31.5088],[152.2175,-31.5073],[152.2132,-31.5333],[152.1982,-31.5382],[152.1782,-31.5192],[152.188,-31.479],[152.1608,-31.4445],[152.1473,-31.4431],[152.1641,-31.5171],[152.0838,-31.5005]]],[[[152.228,-32.7057],[152.2262,-32.709],[152.2313,-32.7099],[152.228,-32.7057]]],[[[152.2419,-32.7011],[152.243,-32.7017],[152.2433,-32.7002],[152.2419,-32.7011]]],[[[152.3309,-32.619],[152.3362,-32.6248],[152.3361,-32.6198],[152.3309,-32.619]]],[[[152.2258,-32.6924],[152.2255,-32.6924],[152.2255,-32.693],[152.2258,-32.6924]]],[[[152.225,-32.693],[152.2253,-32.6925],[152.225,-32.6926],[152.225,-32.693]]],[[[152.2226,-32.6893],[152.2287,-32.6872],[152.2228,-32.684],[152.2226,-32.6893]]],[[[152.2247,-32.693],[152.2249,-32.6932],[152.2248,-32.6927],[152.2247,-32.693]]],[[[152.3194,-32.627],[152.3194,-32.6275],[152.3199,-32.6273],[152.3194,-32.627]]],[[[152.3187,-32.6283],[152.3189,-32.6283],[152.3188,-32.6282],[152.3187,-32.6283]]],[[[152.3236,-32.6156],[152.3053,-32.6072],[152.312,-32.6268],[152.3236,-32.6156]]],[[[152.3164,-32.6301],[152.3179,-32.6305],[152.3174,-32.6277],[152.3164,-32.6301]]],[[[152.3177,-32.624],[152.3188,-32.6246],[152.3181,-32.6239],[152.3177,-32.624]]],[[[152.5522,-32.4633],[152.5534,-32.4632],[152.5531,-32.4618],[152.5522,-32.4633]]],[[[152.5412,-32.4479],[152.5429,-32.4476],[152.5416,-32.4471],[152.5412,-32.4479]]],[[[152.5481,-32.0711],[152.549,-32.0718],[152.5487,-32.0709],[152.5481,-32.0711]]],[[[152.5449,-32.0805],[152.5461,-32.0808],[152.5456,-32.0802],[152.5449,-32.0805]]]]},"properties":{"lga_code_2024":"15240","lga_name_2024":"Mid-Coast","state_name_2021":"New South Wales"},"id":15240},{"type":"Feature","geometry":{"type":"Polygon","coordinates":[[[149.2258,-32.2952],[149.1996,-32.3072],[149.1828,-32.3365],[149.1732,-32.4019],[149.2571,-32.3993],[149.2546,-32.4107],[149.2849,-32.4341],[149.2812,-32.449],[149.2551,-32.4477],[149.2752,-32.4757],[149.2612,-32.4848],[149.2974,-32.4956],[149.2753,-32.5088],[149.2829,-32.5224],[149.2703,-32.5473],[149.2597,-32.5459],[149.2687,-32.5712],[149.2313,-32.6056],[149.2533,-32.6092],[149.2654,-32.6339],[149.2961,-32.6453],[149.3029,-32.6692],[149.2774,-32.6954],[149.2897,-32.6972],[149.2908,-32.7293],[149.2816,-32.8185],[149.2381,-32.8126],[149.245,-32.819],[149.2126,-32.8269],[149.2343,-32.8507],[149.2183,-32.8666],[149.2315,-32.8843],[149.2245,-32.9143],[149.2462,-32.9194],[149.2661,-32.8994],[149.2819,-32.9237],[149.2731,-32.9374],[149.2807,-32.9485],[149.2381,-32.9689],[149.2533,-32.9888],[149.2329,-32.9984],[149.2495,-33.0129],[149.2807,-33.0084],[149.2739,-33.044],[149.2965,-33.0608],[149.3435,-33.0626],[149.3836,-32.9918],[149.4017,-32.9988],[149.403,-32.9761],[149.4275,-32.9856],[149.4566,-32.9486],[149.4847,-32.9601],[149.4965,-32.9803],[149.5391,-32.9719],[149.5865,-32.9938],[149.6481,-32.9932],[149.6386,-33.0202],[149.6542,-33.0321],[149.64,-33.0383],[149.6618,-33.052],[149.6499,-33.0627],[149.6622,-33.0777],[149.6865,-33.0748],[149.7386,-33.1057],[149.7639,-33.0991],[149.7739,-33.1166],[149.8082,-33.0949],[149.836,-33.1231],[149.8548,-33.1164],[149.876,-33.13],[149.8805,-33.1209],[149.8971,-33.1458],[149.9224,-33.1287],[149.9233,-33.0971],[149.9322,-33.0983],[149.9441,-33.0599],[149.9467,-33.0453],[149.9229,-33.0293],[149.9312,-32.9992],[149.9859,-33.0118],[150.0175,-33.0036],[150.0218,-32.9869],[150.0004,-32.9651],[150.0113,-32.9069],[150.0468,-32.9086],[150.0751,-32.8807],[150.1623,-32.8897],[150.1723,-32.8807],[150.28,-32.9203],[150.283,-32.91],[150.32,-32.9051],[150.3196,-32.8939],[150.3407,-32.8885],[150.3409,-32.8707],[150.3616,-32.8678],[150.3412,-32.7938],[150.2754,-32.7475],[150.3202,-32.6479],[150.2277,-32.6123],[150.2595,-32.5977],[150.266,-32.5777],[150.2368,-32.574],[150.2476,-32.4832],[150.2272,-32.456],[150.2676,-32.4493],[150.28,-32.4218],[150.3186,-32.4092],[150.3193,-32.3882],[150.3053,-32.3735],[150.287,-32.3869],[150.2843,-32.3745],[150.2668,-32.3769],[150.2597,-32.3386],[150.2708,-32.3235],[150.2517,-32.325],[150.2622,-32.3165],[150.255,-32.3028],[150.2082,-32.3188],[150.2176,-32.3377],[150.1969,-32.3326],[150.1893,-32.35],[150.1873,-32.3334],[150.1652,-32.32],[150.1433,-32.3412],[150.0667,-32.3438],[150.0679,-32.3561],[150.039,-32.3279],[150.0294,-32.3336],[150.0218,-32.3038],[150.0532,-32.2584],[150.0441,-32.2442],[150.063,-32.2458],[150.0479,-32.2215],[150.0722,-32.1925],[150.0637,-32.1842],[150.0599,-32.1932],[150.0366,-32.189],[150.0304,-32.2063],[150.0348,-32.1959],[150.014,-32.1866],[150.0095,-32.1627],[149.9907,-32.1637],[149.9826,-32.1847],[149.9608,-32.1819],[149.9646,-32.1602],[149.9393,-32.157],[149.9481,-32.1349],[149.9207,-32.1375],[149.9323,-32.1192],[149.8934,-32.1197],[149.8935,-32.1052],[149.8452,-32.117],[149.846,-32.1061],[149.7952,-32.0927],[149.7957,-32.0581],[149.7776,-32.0916],[149.7518,-32.0996],[149.7508,-32.1198],[149.6382,-32.1127],[149.6028,-32.127],[149.5732,-32.0864],[149.5328,-32.0895],[149.5003,-32.0732],[149.495,-32.1021],[149.4797,-32.1088],[149.4801,-32.0942],[149.4707,-32.1035],[149.4131,-32.0977],[149.4291,-32.1354],[149.4118,-32.1382],[149.4133,-32.1755],[149.3731,-32.1899],[149.3737,-32.2158],[149.3265,-32.2604],[149.3352,-32.2851],[149.3051,-32.3047],[149.2854,-32.2886],[149.2258,-32.2952]]]},"properties":{"lga_code_2024":"15270","lga_name_2024":"Mid-Western","state_name_2021":"New South Wales"},"id":15270},{"type":"Feature","geometry":{"type":"Polygon","coordinates":[[[149.0563,-28.8997],[149.0319,-28.9566],[148.9715,-28.9785],[148.9419,-29.0246],[148.8981,-29.02],[148.8142,-29.0817],[148.797,-29.1407],[148.8087,-29.1776],[148.7991,-29.1895],[148.7659,-29.192],[148.7679,-29.2082],[148.733,-29.2526],[148.7413,-29.262],[148.7209,-29.2817],[148.7279,-29.2999],[148.7148,-29.2968],[148.7227,-29.3157],[148.7123,-29.3135],[148.7059,-29.3311],[148.6966,-29.3262],[148.6889,-29.3523],[148.7038,-29.362],[148.6837,-29.3887],[148.7047,-29.39],[148.7158,-29.4208],[148.6944,-29.4319],[148.6762,-29.5098],[148.8004,-29.5057],[148.816,-29.4898],[148.8519,-29.4969],[148.9012,-29.4752],[148.8799,-29.6292],[149.0888,-29.7125],[149.0828,-29.7493],[149.3918,-29.79],[149.4146,-29.7839],[149.5515,-29.8174],[149.6472,-29.7749],[149.663,-29.7823],[149.6588,-29.806],[149.7068,-29.8212],[149.7215,-29.7786],[149.759,-29.7835],[149.7527,-29.8236],[149.789,-29.8376],[149.7897,-29.8764],[149.9105,-29.8847],[149.8994,-29.9211],[149.9272,-29.9494],[149.9237,-29.9626],[150.0305,-29.9881],[150.0287,-30.0028],[150.0392,-30.0004],[150.0558,-30.0237],[150.0502,-30.0557],[150.0742,-30.105],[150.1228,-30.0695],[150.1449,-30.0873],[150.172,-30.063],[150.1945,-30.0644],[150.2488,-30.0103],[150.2489,-29.9935],[150.2929,-29.9905],[150.3138,-29.8967],[150.2912,-29.8613],[150.3074,-29.8184],[150.2907,-29.8027],[150.288,-29.7498],[150.3025,-29.7318],[150.2737,-29.7071],[150.2629,-29.679],[150.2188,-29.6597],[150.1946,-29.6202],[150.2116,-29.5298],[150.1945,-29.5189],[150.2195,-29.4979],[150.206,-29.4832],[150.1692,-29.496],[150.2595,-29.0139],[150.1485,-28.8893],[150.344,-28.8275],[150.4209,-28.752],[150.4856,-28.663],[150.4589,-28.669],[150.4144,-28.652],[150.4153,-28.6346],[150.3701,-28.6211],[150.3506,-28.5751],[150.3279,-28.5711],[150.2914,-28.5373],[150.2299,-28.5557],[150.2126,-28.5743],[150.1864,-28.573],[150.1826,-28.5565],[150.1705,-28.5635],[150.1687,-28.5506],[150.1525,-28.5502],[150.1385,-28.5654],[150.0922,-28.5641],[150.08,-28.5843],[150.0154,-28.5805],[149.9772,-28.6136],[149.9173,-28.6081],[149.8996,-28.6222],[149.8621,-28.6024],[149.8314,-28.6038],[149.8194,-28.6168],[149.8117,-28.6061],[149.745,-28.6187],[149.7212,-28.6094],[149.704,-28.6167],[149.704,-28.6339],[149.6667,-28.6321],[149.6732,-28.6239],[149.6618,-28.6104],[149.6254,-28.5936],[149.611,-28.6011],[149.5872,-28.5734],[149.5037,-28.5743],[149.4525,-28.5949],[149.4233,-28.6551],[149.3875,-28.6962],[149.3586,-28.6841],[149.3184,-28.7139],[149.2968,-28.7097],[149.2693,-28.7433],[149.2453,-28.739],[149.2246,-28.7647],[149.1886,-28.7751],[149.1792,-28.803],[149.1396,-28.8067],[149.1435,-28.8223],[149.1279,-28.8355],[149.0968,-28.8316],[149.0805,-28.842],[149.0563,-28.8997]]]},"properties":{"lga_code_2024":"15300","lga_name_2024":"Moree Plains","state_name_2021":"New South Wales"},"id":15300},{"type":"Feature","geometry":{"type":"Polygon","coordinates":[[[151.229,-33.8378],[151.2465,-33.8535],[151.2689,-33.827],[151.2524,-33.8271],[151.2458,-33.8034],[151.229,-33.8378]]]},"properties":{"lga_code_2024":"15350","lga_name_2024":"Mosman","state_name_2021":"New South Wales"},"id":15350},{"type":"Feature","geometry":{"type":"Polygon","coordinates":[[[143.8154,-35.447],[143.9057,-35.4998],[143.9701,-35.5001],[143.9624,-35.514],[143.9747,-35.5326],[143.9967,-35.5359],[143.9899,-35.5547],[144.0096,-35.5633],[144.0392,-35.5493],[144.0623,-35.5768],[144.105,-35.5908],[144.1315,-35.6408],[144.1526,-35.6427],[144.1624,-35.6715],[144.2135,-35.6867],[144.216,-35.7065],[144.2481,-35.721],[144.2645,-35.7514],[144.2961,-35.7371],[144.2953,-35.7544],[144.3278,-35.7526],[144.3187,-35.7666],[144.3489,-35.767],[144.3623,-35.7958],[144.3768,-35.793],[144.3667,-35.8113],[144.3775,-35.8143],[144.3648,-35.8209],[144.3841,-35.8196],[144.3722,-35.832],[144.3866,-35.8361],[144.3731,-35.8373],[144.3814,-35.8524],[144.4114,-35.859],[144.4036,-35.8807],[144.4182,-35.8932],[144.4079,-35.904],[144.4244,-35.9002],[144.417,-35.9105],[144.447,-35.9355],[144.4666,-35.9336],[144.494,-35.9686],[144.5014,-35.9581],[144.5005,-35.9702],[144.5152,-35.9655],[144.5158,-35.9944],[144.5634,-36.0078],[144.5864,-36.0272],[144.5833,-36.039],[144.6067,-36.0426],[144.6155,-36.0316],[144.6168,-36.0767],[144.6327,-36.0481],[144.6532,-36.0532],[144.655,-36.0753],[144.6887,-36.0613],[144.6839,-36.0951],[144.719,-36.0859],[144.7271,-36.1179],[144.7407,-36.1076],[144.7482,-36.1217],[144.7719,-36.1161],[144.7771,-36.1298],[144.7986,-36.1132],[144.8079,-36.1236],[144.8098,-36.1025],[144.8419,-36.1006],[144.8472,-36.0729],[144.8615,-36.0717],[144.8635,-36.0591],[144.9326,-36.067],[144.9484,-36.0829],[144.9819,-36.0723],[144.9859,-36.0565],[144.9617,-36.0181],[144.9236,-35.989],[144.931,-35.9685],[144.9574,-35.9609],[144.9489,-35.9316],[144.975,-35.8838],[144.9709,-35.861],[145.0006,-35.8493],[145.0192,-35.8566],[145.0496,-35.8337],[145.09,-35.8255],[145.0922,-35.8359],[145.1142,-35.8205],[145.1366,-35.8343],[145.1588,-35.8308],[145.1536,-35.8431],[145.1898,-35.8343],[145.2228,-35.8425],[145.225,-35.8322],[145.2462,-35.8303],[145.2607,-35.8354],[145.2584,-35.8506],[145.2727,-35.8452],[145.2954,-35.8604],[145.3245,-35.8507],[145.3548,-35.867],[145.3608,-35.8598],[145.3637,-35.8479],[145.3434,-35.8455],[145.3469,-35.7937],[145.3428,-35.7659],[145.332,-35.7646],[145.343,-35.7117],[145.3015,-35.719],[145.263,-35.6812],[145.1956,-35.6915],[145.1343,-35.6735],[145.1013,-35.6347],[145.0284,-35.6167],[144.996,-35.5831],[144.8951,-35.5713],[144.9066,-35.5053],[144.8908,-35.4876],[144.8637,-35.4813],[144.8434,-35.4566],[144.7691,-35.4477],[144.7396,-35.4124],[144.692,-35.4149],[144.6523,-35.3945],[144.6569,-35.3722],[144.6287,-35.3531],[144.595,-35.3553],[144.5965,-35.331],[144.5557,-35.3344],[144.5504,-35.3203],[144.5321,-35.3192],[144.526,-35.2946],[144.5069,-35.2996],[144.498,-35.2862],[144.4718,-35.2839],[144.4692,-35.2675],[144.4339,-35.2596],[144.4371,-35.2482],[144.4208,-35.2448],[144.4375,-35.2341],[144.4326,-35.2169],[144.3995,-35.2113],[144.3898,-35.1931],[144.3807,-35.2037],[144.3809,-35.1893],[144.3599,-35.1845],[144.3065,-35.1794],[144.3025,-35.1899],[144.2633,-35.1744],[144.2566,-35.1846],[144.242,-35.1761],[144.2466,-35.1684],[144.2128,-35.1642],[144.2231,-35.1567],[144.1644,-35.1596],[144.0825,-35.1071],[144.0541,-35.1073],[144.0602,-35.0973],[144.0497,-35.0905],[144.0875,-35.0833],[144.1089,-35.0676],[144.0951,-35.0588],[144.1369,-35.0445],[144.1633,-34.8942],[144.1247,-34.8868],[144.1494,-34.7398],[143.9011,-34.6537],[143.9237,-34.517],[143.9394,-34.5188],[143.9411,-34.5074],[143.9256,-34.5057],[143.9392,-34.4042],[143.9239,-34.4022],[143.9247,-34.3747],[143.9429,-34.3765],[143.9457,-34.3568],[143.9261,-34.3603],[143.9044,-34.3308],[143.8819,-34.3505],[143.8418,-34.3541],[143.8398,-34.3685],[143.7866,-34.3753],[143.7847,-34.392],[143.7551,-34.3963],[143.732,-34.4224],[143.7368,-34.4318],[143.7265,-34.4311],[143.7305,-34.4621],[143.7129,-34.4641],[143.7166,-34.4825],[143.7026,-34.4919],[143.6835,-34.4856],[143.6759,-34.5064],[143.6895,-34.5134],[143.6459,-34.5385],[143.6532,-34.5468],[143.6349,-34.5632],[143.6529,-34.5726],[143.6321,-34.5846],[143.6578,-34.6034],[143.6155,-34.6304],[143.6359,-34.635],[143.6277,-34.6894],[143.5839,-34.6934],[143.5933,-34.7064],[143.5748,-34.7356],[143.5416,-34.7317],[143.5402,-34.7622],[143.5148,-34.804],[143.491,-34.9724],[143.4741,-34.9679],[143.4807,-34.9484],[143.466,-34.926],[143.4821,-34.9154],[143.4696,-34.904],[143.4484,-34.9093],[143.4485,-34.8984],[143.4175,-34.8948],[143.3954,-34.8685],[143.371,-34.8729],[143.3724,-34.8588],[143.3588,-34.8771],[143.3501,-34.8596],[143.3421,-34.8813],[143.3213,-34.8887],[143.3427,-34.9329],[143.3172,-34.9534],[143.3186,-34.993],[143.3381,-35.0109],[143.336,-35.0374],[143.3221,-35.0367],[143.3508,-35.0647],[143.3391,-35.0682],[143.3409,-35.0957],[143.3608,-35.103],[143.3906,-35.1451],[143.3882,-35.1858],[143.4495,-35.1891],[143.4715,-35.2193],[143.5183,-35.2116],[143.5292,-35.2199],[143.5639,-35.2026],[143.581,-35.2192],[143.5639,-35.2369],[143.5711,-35.2669],[143.5835,-35.265],[143.5909,-35.2817],[143.569,-35.3024],[143.5651,-35.3422],[143.5971,-35.3511],[143.6404,-35.4011],[143.6842,-35.3682],[143.7092,-35.3925],[143.7635,-35.3921],[143.7629,-35.4231],[143.7901,-35.4225],[143.8188,-35.4381],[143.8154,-35.447]]]},"properties":{"lga_code_2024":"15520","lga_name_2024":"Murray River","state_name_2021":"New South Wales"},"id":15520},{"type":"Feature","geometry":{"type":"Polygon","coordinates":[[[145.4845,-35.512],[145.7158,-35.5398],[145.7215,-35.5494],[145.7379,-35.5377],[145.7937,-35.5444],[145.7919,-35.5557],[146.0076,-35.5869],[146.0648,-35.3226],[146.0109,-35.3054],[145.993,-35.3111],[145.9872,-35.2849],[145.9599,-35.2826],[145.9698,-35.2709],[145.9574,-35.2637],[145.9672,-35.2488],[145.9759,-35.2534],[145.9831,-35.2246],[145.9957,-35.2267],[145.995,-35.2103],[146.0243,-35.2183],[146.0198,-35.2034],[146.0399,-35.1986],[146.0097,-35.1667],[146.0064,-35.1332],[146.0182,-35.1235],[146.0303,-35.0546],[146.0427,-35.0567],[146.0581,-35.0329],[146.0491,-35.0179],[146.061,-34.9416],[146.0809,-34.9184],[146.069,-34.9158],[146.0748,-34.8982],[146.1524,-34.9017],[146.1744,-34.7906],[146.198,-34.788],[146.2275,-34.6117],[146.1891,-34.625],[146.1709,-34.6092],[146.1527,-34.6285],[146.1314,-34.6199],[146.0975,-34.6324],[146.0857,-34.608],[146.0433,-34.588],[146.0489,-34.5778],[146.023,-34.5946],[146.0282,-34.5657],[145.9977,-34.5443],[145.9783,-34.5633],[145.9513,-34.5523],[145.9303,-34.5632],[145.8895,-34.5563],[145.8545,-34.5798],[145.834,-34.5538],[145.8185,-34.5617],[145.8093,-34.552],[145.7971,-34.5634],[145.7488,-34.5273],[145.7319,-34.5343],[145.6997,-34.5198],[145.7034,-34.5103],[145.6839,-34.4961],[145.6969,-34.469],[145.6339,-34.4737],[145.6196,-34.4536],[145.6049,-34.4716],[145.5873,-34.4507],[145.564,-34.4557],[145.5593,-34.4425],[145.5247,-34.4508],[145.5255,-34.4398],[145.5013,-34.437],[145.4823,-34.4451],[145.4936,-34.4509],[145.4856,-34.4559],[145.4594,-34.4439],[145.4439,-34.4684],[145.4338,-34.4397],[145.4145,-34.4495],[145.4095,-34.435],[145.3908,-34.4666],[145.3595,-34.4427],[145.346,-34.4606],[145.3162,-34.456],[145.33,-34.4744],[145.303,-34.4674],[145.2511,-34.4842],[145.178,-34.851],[145.5984,-34.8574],[145.5414,-35.1524],[145.5349,-35.2111],[145.5468,-35.2101],[145.5437,-35.2273],[145.5251,-35.2425],[145.5313,-35.2769],[145.5132,-35.2897],[145.5265,-35.2986],[145.4845,-35.512]]]},"properties":{"lga_code_2024":"15560","lga_name_2024":"Murrumbidgee","state_name_2021":"New South Wales"},"id":15560},{"type":"Feature","geometry":{"type":"Polygon","coordinates":[[[150.3189,-32.4083],[150.28,-32.4218],[150.254,-32.458],[150.2272,-32.456],[150.2476,-32.4832],[150.2368,-32.574],[150.266,-32.5777],[150.2595,-32.5977],[150.2277,-32.6123],[150.3202,-32.6479],[150.2754,-32.7475],[150.3412,-32.7938],[150.3385,-32.809],[150.3626,-32.8459],[150.4213,-32.8206],[150.4416,-32.7933],[150.4618,-32.7944],[150.4941,-32.7519],[150.5568,-32.7584],[150.611,-32.7131],[150.6693,-32.7026],[150.682,-32.6325],[150.7446,-32.6413],[150.7736,-32.4983],[150.8001,-32.5016],[150.7781,-32.4738],[150.8019,-32.466],[150.8351,-32.4861],[150.8546,-32.4507],[150.8831,-32.4702],[150.898,-32.3971],[150.9813,-32.4128],[150.9842,-32.3976],[151.0179,-32.4021],[151.0286,-32.3446],[151.0455,-32.3468],[151.0481,-32.3323],[151.0996,-32.3356],[151.1015,-32.3243],[151.0893,-32.3227],[151.1096,-32.2817],[151.1559,-32.2667],[151.1703,-32.2386],[151.1548,-32.1993],[151.1142,-32.1951],[151.066,-32.1658],[151.0447,-32.1774],[151.0318,-32.1665],[151.0159,-32.1776],[150.8725,-32.1764],[150.8749,-32.2001],[150.7666,-32.171],[150.6564,-32.1606],[150.6568,-32.1502],[150.4989,-32.13],[150.5095,-32.155],[150.491,-32.1706],[150.4865,-32.24],[150.5299,-32.3318],[150.5578,-32.3302],[150.5526,-32.3454],[150.5257,-32.3517],[150.5299,-32.3623],[150.5146,-32.3694],[150.5119,-32.3443],[150.4929,-32.3522],[150.4694,-32.322],[150.4387,-32.3222],[150.4203,-32.3471],[150.3963,-32.333],[150.3865,-32.3801],[150.3423,-32.3851],[150.3189,-32.4083]]]},"properties":{"lga_code_2024":"15650","lga_name_2024":"Muswellbrook","state_name_2021":"New South Wales"},"id":15650},{"type":"Feature","geometry":{"type":"MultiPolygon","coordinates":[[[[152.9989,-30.7615],[152.9887,-30.7176],[153.0204,-30.6476],[153.0101,-30.6155],[153.0169,-30.5652],[152.8877,-30.5566],[152.8651,-30.5354],[152.8574,-30.5463],[152.8178,-30.5296],[152.8163,-30.5397],[152.732,-30.5226],[152.6303,-30.5396],[152.4981,-30.5191],[152.4083,-30.4887],[152.4003,-30.5009],[152.5005,-30.5666],[152.5043,-30.5877],[152.5393,-30.6179],[152.5564,-30.6992],[152.5894,-30.7188],[152.6431,-30.7963],[152.6833,-30.8132],[152.665,-30.8628],[152.6925,-30.8765],[152.7081,-30.8734],[152.7082,-30.8583],[152.7328,-30.8644],[152.7629,-30.9248],[152.8128,-30.9237],[152.8522,-30.9058],[152.8707,-30.8829],[152.893,-30.8801],[152.9235,-30.8339],[152.9204,-30.8146],[152.9694,-30.795],[152.9739,-30.7754],[152.9989,-30.7615]]],[[[153.0198,-30.6492],[153.0194,-30.6491],[153.0196,-30.6494],[153.0198,-30.6492]]]]},"properties":{"lga_code_2024":"15700","lga_name_2024":"Nambucca Valley","state_name_2021":"New South Wales"},"id":15700},{"type":"Feature","geometry":{"type":"Polygon","coordinates":[[[151.22,-33.8177],[151.1948,-33.8221],[151.193,-33.8476],[151.2188,-33.8527],[151.2152,-33.8411],[151.2249,-33.8393],[151.233,-33.8486],[151.2329,-33.8183],[151.22,-33.8177]]]},"properties":{"lga_code_2024":"15950","lga_name_2024":"North Sydney","state_name_2021":"New South Wales"},"id":15950},{"type":"Feature","geometry":{"type":"MultiPolygon","coordinates":[[[[151.2837,-33.6448],[151.2722,-33.659],[151.2827,-33.6367],[151.2704,-33.6315],[151.3029,-33.6205],[151.3044,-33.6032],[151.2925,-33.6053],[151.3108,-33.5796],[151.298,-33.5724],[151.273,-33.589],[151.2501,-33.588],[151.2626,-33.5977],[151.2519,-33.5981],[151.2567,-33.6054],[151.2435,-33.5944],[151.2197,-33.5994],[151.2289,-33.6182],[151.2185,-33.6091],[151.1732,-33.6264],[151.1614,-33.6602],[151.1657,-33.6859],[151.1914,-33.7027],[151.1803,-33.7406],[151.2023,-33.7735],[151.2248,-33.7838],[151.2308,-33.7727],[151.2351,-33.8034],[151.2505,-33.8003],[151.2613,-33.818],[151.2751,-33.81],[151.2661,-33.7982],[151.2857,-33.8003],[151.2855,-33.8188],[151.3003,-33.8239],[151.3074,-33.8071],[151.2879,-33.7919],[151.3025,-33.7682],[151.3032,-33.7468],[151.2914,-33.7467],[151.3177,-33.742],[151.3002,-33.727],[151.3079,-33.7035],[151.2932,-33.7214],[151.2697,-33.715],[151.2937,-33.7145],[151.3153,-33.6964],[151.3098,-33.6863],[151.343,-33.6245],[151.3253,-33.597],[151.335,-33.582],[151.3228,-33.5794],[151.3159,-33.6018],[151.3321,-33.6234],[151.3161,-33.6142],[151.3047,-33.6353],[151.3121,-33.6667],[151.2837,-33.6448]]],[[[151.2923,-33.636],[151.2862,-33.638],[151.2915,-33.6445],[151.2923,-33.636]]],[[[151.328,-33.66],[151.3291,-33.6609],[151.3304,-33.6609],[151.328,-33.66]]]]},"properties":{"lga_code_2024":"15990","lga_name_2024":"Northern Beaches","state_name_2021":"New South Wales"},"id":15990},{"type":"Feature","geometry":{"type":"Polygon","coordinates":[[[149.3947,-33.9976],[149.4552,-34.0295],[149.4647,-34.0104],[149.5132,-34.032],[149.5124,-34.0482],[149.5454,-34.0712],[149.5509,-34.0937],[149.5789,-34.0927],[149.6037,-34.1231],[149.6204,-34.1056],[149.6225,-34.1286],[149.6286,-34.1135],[149.6571,-34.1706],[149.6779,-34.1727],[149.6825,-34.1992],[149.7567,-34.1867],[149.7969,-34.2059],[149.8499,-34.1837],[149.902,-34.1876],[149.9371,-34.1692],[149.9497,-34.1251],[149.9316,-34.1163],[149.9289,-34.0791],[149.9449,-34.0917],[149.9624,-34.0774],[150.007,-34.0852],[150.0165,-34.1123],[150.0692,-34.1314],[150.0855,-34.1206],[150.125,-34.1492],[150.1053,-34.1182],[150.109,-34.0849],[150.1177,-34.092],[150.117,-34.0779],[150.1457,-34.0714],[150.1449,-34.0436],[150.2016,-34.0049],[150.2412,-33.952],[150.217,-33.9478],[150.2148,-33.9364],[150.1904,-33.9504],[150.1756,-33.9452],[150.1691,-33.899],[150.156,-33.8939],[150.1852,-33.8804],[150.1661,-33.8651],[150.1854,-33.8377],[150.1693,-33.827],[150.1811,-33.8026],[150.1687,-33.7951],[150.1956,-33.767],[150.1915,-33.75],[150.1587,-33.74],[150.1517,-33.7494],[150.1225,-33.733],[150.0958,-33.7391],[150.0634,-33.7143],[150.0482,-33.7201],[150.0312,-33.7604],[149.9842,-33.7434],[149.9626,-33.7139],[149.9844,-33.6884],[149.9719,-33.6648],[149.9874,-33.656],[149.9684,-33.6341],[149.9741,-33.6149],[149.9371,-33.5914],[149.9376,-33.5643],[149.8895,-33.5656],[149.8977,-33.5399],[149.8789,-33.5456],[149.8691,-33.5197],[149.7926,-33.5475],[149.772,-33.5218],[149.7443,-33.5418],[149.7225,-33.5252],[149.7083,-33.5303],[149.7057,-33.5146],[149.6638,-33.4848],[149.6239,-33.493],[149.6133,-33.5601],[149.6448,-33.5539],[149.668,-33.59],[149.6588,-33.5992],[149.7155,-33.6161],[149.7099,-33.6447],[149.692,-33.6507],[149.6816,-33.684],[149.6308,-33.6672],[149.6115,-33.6821],[149.6202,-33.6919],[149.6118,-33.7081],[149.5761,-33.7151],[149.5706,-33.7438],[149.4996,-33.748],[149.4837,-33.7853],[149.4836,-33.8463],[149.4372,-33.8341],[149.4258,-33.8476],[149.4442,-33.8614],[149.4135,-33.8574],[149.3947,-33.9976]]]},"properties":{"lga_code_2024":"16100","lga_name_2024":"Oberon","state_name_2021":"New South Wales"},"id":16100},{"type":"Feature","geometry":{"type":"Polygon","coordinates":[[[149.1709,-33.4326],[149.2158,-33.4369],[149.2171,-33.4229],[149.2344,-33.4277],[149.2365,-33.4124],[149.2266,-33.411],[149.2319,-33.3819],[149.2075,-33.3745],[149.181,-33.3378],[149.1884,-33.303],[149.161,-33.2843],[149.1666,-33.2293],[149.0433,-33.2225],[149.0324,-33.2736],[149.0505,-33.2839],[149.0423,-33.3197],[149.0094,-33.3661],[149.058,-33.3888],[149.1516,-33.3938],[149.1709,-33.4326]]]},"properties":{"lga_code_2024":"16150","lga_name_2024":"Orange","state_name_2021":"New South Wales"},"id":16150},{"type":"Feature","geometry":{"type":"Polygon","coordinates":[[[147.555,-33.0482],[147.5486,-33.0876],[147.5715,-33.0902],[147.5652,-33.1295],[147.6436,-33.1388],[147.6548,-33.1512],[147.6405,-33.1577],[147.6357,-33.1861],[147.8452,-33.2116],[147.8453,-33.2002],[147.8795,-33.2046],[147.878,-33.214],[147.9164,-33.2054],[147.9206,-33.2445],[148.0799,-33.2644],[148.097,-33.2774],[148.1657,-33.2527],[148.2269,-33.2758],[148.233,-33.2433],[148.2541,-33.2457],[148.2377,-33.1991],[148.2887,-33.1983],[148.3369,-33.224],[148.3617,-33.2156],[148.4032,-33.2256],[148.4308,-33.2156],[148.4308,-33.2003],[148.4667,-33.2088],[148.4959,-33.1909],[148.5055,-33.1659],[148.5043,-33.1342],[148.4866,-33.1232],[148.5073,-33.0555],[148.493,-33.0302],[148.4633,-33.0134],[148.4302,-32.9699],[148.3994,-32.9592],[148.3896,-32.9741],[148.3722,-32.9716],[148.3831,-32.8506],[148.3783,-32.8326],[148.3276,-32.8008],[148.3295,-32.701],[148.335,-32.679],[148.3471,-32.6758],[148.2645,-32.6782],[148.263,-32.6921],[148.2487,-32.6816],[148.128,-32.6828],[148.0913,-32.6045],[148.0037,-32.5642],[147.9925,-32.5388],[147.964,-32.5188],[147.9654,-32.499],[147.9364,-32.491],[147.9053,-32.4606],[147.9051,-32.432],[147.8845,-32.4403],[147.8206,-32.4195],[147.7721,-32.4232],[147.7629,-32.4074],[147.7197,-32.3962],[147.6965,-32.3692],[147.6123,-32.4233],[147.6115,-32.4412],[147.5895,-32.4384],[147.5609,-32.4559],[147.5453,-32.5513],[147.5618,-32.5538],[147.5506,-32.5973],[147.5815,-32.6046],[147.5569,-32.6293],[147.5537,-32.673],[147.5776,-32.6756],[147.5684,-32.7354],[147.5984,-32.7386],[147.6043,-32.7627],[147.571,-32.9497],[147.5569,-32.9482],[147.5466,-32.9984],[147.543,-33.0202],[147.5592,-33.022],[147.555,-33.0482]]]},"properties":{"lga_code_2024":"16200","lga_name_2024":"Parkes","state_name_2021":"New South Wales"},"id":16200},{"type":"Feature","geometry":{"type":"Polygon","coordinates":[[[151.0489,-33.7586],[150.9589,-33.7683],[150.9653,-33.7794],[150.9476,-33.7804],[150.9572,-33.8021],[150.9909,-33.8097],[150.9879,-33.8248],[151.0692,-33.8583],[151.0814,-33.85],[151.0841,-33.8221],[151.0511,-33.8242],[151.0733,-33.8187],[151.0657,-33.7909],[151.0824,-33.7888],[151.0972,-33.7654],[151.0489,-33.7586]]]},"properties":{"lga_code_2024":"16260","lga_name_2024":"Parramatta","state_name_2021":"New South Wales"},"id":16260},{"type":"Feature","geometry":{"type":"Polygon","coordinates":[[[150.659,-33.6855],[150.658,-33.7137],[150.6425,-33.7301],[150.643,-33.7798],[150.5928,-33.8325],[150.5919,-33.8546],[150.6355,-33.856],[150.6393,-33.8763],[150.6925,-33.8832],[150.6983,-33.864],[150.8151,-33.8794],[150.8235,-33.8359],[150.8116,-33.8251],[150.8101,-33.784],[150.7838,-33.7408],[150.7596,-33.7301],[150.7661,-33.7055],[150.8005,-33.6746],[150.8124,-33.6776],[150.7878,-33.6434],[150.6995,-33.6123],[150.6772,-33.6308],[150.659,-33.6855]]]},"properties":{"lga_code_2024":"16350","lga_name_2024":"Penrith","state_name_2021":"New South Wales"},"id":16350},{"type":"Feature","geometry":{"type":"MultiPolygon","coordinates":[[[[152.3496,-31.117],[152.3309,-31.1275],[152.3166,-31.2029],[152.2547,-31.1945],[152.2517,-31.2063],[152.2341,-31.1975],[152.2234,-31.2079],[152.1518,-31.1881],[152.1496,-31.2238],[152.161,-31.2402],[152.1529,-31.273],[152.1389,-31.2854],[152.1237,-31.2787],[152.0996,-31.3931],[152.0679,-31.3984],[152.0656,-31.4091],[152.0647,-31.4386],[152.0878,-31.4562],[152.0785,-31.4735],[152.0857,-31.5072],[152.1641,-31.5171],[152.1473,-31.4431],[152.1608,-31.4445],[152.188,-31.479],[152.1782,-31.5192],[152.1982,-31.5382],[152.2132,-31.5333],[152.2175,-31.5073],[152.2377,-31.5088],[152.2548,-31.4872],[152.2813,-31.5241],[152.3348,-31.5156],[152.3452,-31.5304],[152.3315,-31.5398],[152.3426,-31.5513],[152.3327,-31.5552],[152.3493,-31.5763],[152.3282,-31.5886],[152.3084,-31.6247],[152.3484,-31.6163],[152.3529,-31.6517],[152.3822,-31.65],[152.4072,-31.6682],[152.4201,-31.6459],[152.4393,-31.6528],[152.5029,-31.6371],[152.5017,-31.6609],[152.5369,-31.6653],[152.5948,-31.6952],[152.7215,-31.7095],[152.7301,-31.7008],[152.7447,-31.717],[152.7355,-31.7245],[152.8044,-31.7281],[152.7929,-31.7123],[152.7987,-31.6924],[152.8495,-31.6413],[152.834,-31.629],[152.8483,-31.6016],[152.8453,-31.5729],[152.9378,-31.4761],[152.9153,-31.4075],[152.9762,-31.3137],[152.8148,-31.2827],[152.8294,-31.2451],[152.8154,-31.243],[152.8181,-31.2278],[152.7303,-31.224],[152.7476,-31.2158],[152.7517,-31.1947],[152.7262,-31.1852],[152.728,-31.1763],[152.706,-31.1807],[152.7069,-31.1515],[152.6903,-31.1398],[152.6497,-31.1545],[152.5961,-31.1238],[152.5617,-31.1296],[152.5562,-31.1482],[152.5197,-31.1671],[152.4558,-31.1558],[152.3865,-31.1667],[152.3496,-31.117]]],[[[152.9349,-31.4465],[152.9351,-31.4466],[152.9352,-31.4464],[152.9349,-31.4465]]],[[[152.9317,-31.433],[152.9315,-31.4327],[152.9314,-31.4328],[152.9317,-31.433]]],[[[152.9232,-31.4296],[152.9234,-31.4294],[152.9234,-31.4291],[152.9232,-31.4296]]],[[[152.9274,-31.4434],[152.9276,-31.4432],[152.9271,-31.4433],[152.9274,-31.4434]]],[[[152.9214,-31.4293],[152.9213,-31.4291],[152.9212,-31.4291],[152.9214,-31.4293]]],[[[152.9212,-31.429],[152.9213,-31.4288],[152.9211,-31.4289],[152.9212,-31.429]]]]},"properties":{"lga_code_2024":"16380","lga_name_2024":"Port Macquarie-Hastings","state_name_2021":"New South Wales"},"id":16380},{"type":"Feature","geometry":{"type":"MultiPolygon","coordinates":[[[[151.9691,-32.6541],[151.9569,-32.6153],[151.8998,-32.6092],[151.8577,-32.6136],[151.85,-32.651],[151.8217,-32.6467],[151.8242,-32.6341],[151.7886,-32.6204],[151.8135,-32.5998],[151.8065,-32.5849],[151.8036,-32.5982],[151.7773,-32.5938],[151.7784,-32.6104],[151.7641,-32.6138],[151.6844,-32.5938],[151.6871,-32.5814],[151.6698,-32.5789],[151.6303,-32.6181],[151.5949,-32.6214],[151.606,-32.6368],[151.5935,-32.6565],[151.6109,-32.6915],[151.6451,-32.7044],[151.6428,-32.7194],[151.6669,-32.7407],[151.6896,-32.727],[151.7252,-32.7355],[151.7284,-32.76],[151.7435,-32.7547],[151.6955,-32.7892],[151.707,-32.8031],[151.6836,-32.8213],[151.7567,-32.8526],[151.7683,-32.8523],[151.7751,-32.8238],[151.8171,-32.8239],[151.7897,-32.864],[151.8102,-32.8782],[152.0073,-32.7957],[152.0709,-32.7835],[152.1156,-32.7929],[152.1216,-32.7692],[152.1726,-32.7617],[152.171,-32.7444],[152.1869,-32.7411],[152.1875,-32.7116],[152.1036,-32.7162],[152.0911,-32.7282],[152.0638,-32.6985],[152.0695,-32.736],[152.06,-32.7359],[152.0586,-32.7162],[152.0485,-32.7287],[151.9881,-32.7192],[151.9365,-32.7369],[151.9464,-32.7339],[151.9445,-32.717],[151.9782,-32.7059],[151.9776,-32.6877],[151.9601,-32.6974],[151.9446,-32.6768],[151.9634,-32.6714],[151.9691,-32.6541]]],[[[152.124,-32.7848],[152.124,-32.7843],[152.1235,-32.7849],[152.124,-32.7848]]],[[[152.0174,-32.6734],[152.017,-32.6728],[152.0157,-32.6744],[152.0174,-32.6734]]],[[[151.9839,-32.6698],[151.9856,-32.6713],[151.9871,-32.6712],[151.9839,-32.6698]]],[[[151.9824,-32.6724],[151.9838,-32.6725],[151.9835,-32.6719],[151.9824,-32.6724]]],[[[152.0939,-32.7918],[152.0949,-32.7925],[152.0945,-32.7914],[152.0939,-32.7918]]],[[[152.1202,-32.7898],[152.1208,-32.7893],[152.1198,-32.7889],[152.1202,-32.7898]]],[[[152.081,-32.7894],[152.0806,-32.7895],[152.0814,-32.7896],[152.081,-32.7894]]],[[[152.0799,-32.7899],[152.0802,-32.7896],[152.0797,-32.7896],[152.0799,-32.7899]]],[[[152.0774,-32.7889],[152.0775,-32.7891],[152.0776,-32.7888],[152.0774,-32.7889]]],[[[151.98,-32.6735],[151.974,-32.6654],[151.98,-32.6776],[151.98,-32.6735]]],[[[151.9654,-32.6735],[151.9749,-32.6802],[151.9704,-32.6676],[151.9654,-32.6735]]],[[[152.0655,-32.6948],[152.0688,-32.6936],[152.0665,-32.6932],[152.0655,-32.6948]]],[[[152.0537,-32.6947],[152.0553,-32.6946],[152.0541,-32.6941],[152.0537,-32.6947]]],[[[152.0573,-32.6982],[152.0578,-32.6984],[152.0576,-32.6979],[152.0573,-32.6982]]],[[[152.0514,-32.691],[152.0519,-32.6911],[152.051,-32.6907],[152.0514,-32.691]]],[[[151.9978,-32.7006],[152.0034,-32.7058],[152.0016,-32.7016],[151.9978,-32.7006]]],[[[152.0552,-32.7029],[152.0594,-32.7018],[152.0571,-32.6999],[152.0552,-32.7029]]],[[[151.9806,-32.7084],[151.981,-32.7088],[151.9807,-32.7078],[151.9806,-32.7084]]],[[[152.1517,-32.7684],[152.153,-32.7684],[152.1524,-32.768],[152.1517,-32.7684]]],[[[152.1772,-32.7558],[152.1793,-32.7562],[152.1772,-32.7553],[152.1772,-32.7558]]],[[[152.2054,-32.7423],[152.2041,-32.7426],[152.2049,-32.7432],[152.2054,-32.7423]]],[[[152.1423,-32.7679],[152.1451,-32.7679],[152.143,-32.7668],[152.1423,-32.7679]]],[[[152.1447,-32.7687],[152.1452,-32.7686],[152.1447,-32.7684],[152.1447,-32.7687]]],[[[152.1574,-32.7654],[152.1582,-32.7654],[152.1575,-32.7649],[152.1574,-32.7654]]],[[[152.1462,-32.7656],[152.1469,-32.7658],[152.1463,-32.7655],[152.1462,-32.7656]]],[[[152.1534,-32.7652],[152.1534,-32.7649],[152.1532,-32.7651],[152.1534,-32.7652]]],[[[152.1608,-32.764],[152.1615,-32.7652],[152.1615,-32.7636],[152.1608,-32.764]]],[[[152.1715,-32.7624],[152.1726,-32.7626],[152.1729,-32.7623],[152.1715,-32.7624]]],[[[152.1982,-32.7464],[152.1924,-32.7398],[152.1849,-32.7497],[152.1982,-32.7464]]]]},"properties":{"lga_code_2024":"16400","lga_name_2024":"Port Stephens","state_name_2021":"New South Wales"},"id":16400},{"type":"Feature","geometry":{"type":"Polygon","coordinates":[[[149.1381,-35.5793],[149.1747,-35.6012],[149.1962,-35.5856],[149.227,-35.5978],[149.2552,-35.5923],[149.3015,-35.6649],[149.3682,-35.648],[149.3678,-35.6339],[149.3903,-35.6292],[149.4042,-35.6389],[149.5091,-35.6387],[149.5135,-35.6725],[149.5038,-35.6798],[149.5229,-35.7168],[149.5235,-35.8153],[149.497,-35.8138],[149.4844,-35.84],[149.4892,-35.8738],[149.52,-35.9151],[149.5116,-35.9474],[149.5194,-35.9821],[149.5423,-35.9931],[149.5622,-35.9842],[149.5697,-36.0092],[149.5851,-36.0056],[149.5848,-35.9914],[149.6011,-35.9916],[149.6205,-35.9621],[149.6732,-35.9892],[149.6939,-35.9083],[149.6787,-35.866],[149.6849,-35.8027],[149.7093,-35.7842],[149.7596,-35.7941],[149.8174,-35.7539],[149.8144,-35.7363],[149.8298,-35.7214],[149.8626,-35.7138],[149.9351,-35.6109],[149.9299,-35.5654],[149.9482,-35.5618],[149.964,-35.5008],[149.979,-35.5025],[149.9774,-35.4902],[150.0021,-35.4753],[150.0073,-35.4291],[150.0385,-35.4057],[150.0447,-35.3178],[150.0854,-35.3053],[150.086,-35.2911],[150.1166,-35.2935],[150.138,-35.2733],[150.1644,-35.2698],[150.1687,-35.2393],[150.1979,-35.2295],[150.1861,-35.2001],[150.2151,-35.204],[150.2147,-35.1943],[150.2039,-35.1707],[150.1418,-35.1446],[150.1294,-35.0971],[150.0725,-35.0509],[150.0426,-34.9995],[150.0241,-35.0035],[150.0288,-35.054],[149.9968,-35.0758],[149.9774,-35.0661],[149.9806,-35.095],[150.0267,-35.0953],[150.018,-35.1191],[150.0351,-35.1285],[149.9961,-35.1428],[149.9922,-35.162],[149.9784,-35.1662],[149.9609,-35.1502],[149.9316,-35.15],[149.9525,-35.1785],[149.9521,-35.2096],[149.9269,-35.2375],[149.8974,-35.2392],[149.9176,-35.2249],[149.8827,-35.2353],[149.8928,-35.2471],[149.8828,-35.2562],[149.8489,-35.2465],[149.8497,-35.2226],[149.8355,-35.207],[149.8071,-35.2108],[149.7959,-35.1948],[149.7678,-35.1962],[149.766,-35.171],[149.731,-35.1828],[149.7078,-35.175],[149.6607,-35.1379],[149.6528,-35.1156],[149.6348,-35.1169],[149.6315,-35.1346],[149.6071,-35.1297],[149.591,-35.1567],[149.5591,-35.1593],[149.5424,-35.1524],[149.5598,-35.1155],[149.5431,-35.1108],[149.5566,-35.0712],[149.5382,-35.0686],[149.5512,-34.9756],[149.519,-34.9662],[149.5264,-34.9314],[149.541,-34.9208],[149.491,-34.9022],[149.4885,-34.9163],[149.4551,-34.9115],[149.4478,-34.9279],[149.4226,-34.9295],[149.3877,-34.9798],[149.3709,-35.1069],[149.2989,-35.1733],[149.2343,-35.1816],[149.2007,-35.2054],[149.205,-35.2291],[149.2138,-35.2196],[149.2455,-35.2267],[149.2344,-35.2428],[149.2732,-35.2592],[149.2718,-35.2735],[149.3153,-35.2762],[149.3617,-35.309],[149.3948,-35.3032],[149.398,-35.3253],[149.3514,-35.3513],[149.3364,-35.3397],[149.2547,-35.3301],[149.2053,-35.3468],[149.1382,-35.429],[149.1551,-35.4362],[149.1351,-35.454],[149.1516,-35.4932],[149.1315,-35.5536],[149.1381,-35.5793]]]},"properties":{"lga_code_2024":"16490","lga_name_2024":"Queanbeyan-Palerang","state_name_2021":"New South Wales"},"id":16490},{"type":"Feature","geometry":{"type":"MultiPolygon","coordinates":[[[[151.2409,-33.8899],[151.2141,-33.9043],[151.2114,-33.9215],[151.2282,-33.9251],[151.2317,-33.9518],[151.2089,-33.9822],[151.226,-33.9767],[151.2492,-34.0018],[151.2519,-33.9647],[151.266,-33.968],[151.2577,-33.922],[151.2716,-33.9132],[151.2416,-33.9027],[151.2409,-33.8899]]],[[[151.2654,-33.9263],[151.2661,-33.9254],[151.2652,-33.9256],[151.2654,-33.9263]]]]},"properties":{"lga_code_2024":"16550","lga_name_2024":"Randwick","state_name_2021":"New South Wales"},"id":16550},{"type":"Feature","geometry":{"type":"Polygon","coordinates":[[[152.689,-29.0228],[152.7207,-29.0796],[152.7434,-29.0759],[152.7591,-29.0904],[152.718,-29.1823],[152.7546,-29.1901],[152.7736,-29.2032],[152.774,-29.2195],[152.8086,-29.2359],[152.8245,-29.2744],[152.811,-29.3165],[152.8479,-29.3232],[152.8715,-29.3094],[152.8974,-29.3215],[152.9142,-29.3107],[152.9475,-29.3327],[152.9948,-29.3277],[153.0207,-29.343],[153.0809,-29.3125],[153.1005,-29.317],[153.1114,-29.2742],[153.1444,-29.2819],[153.143,-29.2425],[153.2067,-29.2634],[153.2071,-29.2418],[153.2884,-29.2514],[153.3177,-29.2396],[153.3598,-29.2637],[153.4567,-29.1402],[153.4339,-29.0916],[153.4835,-28.9907],[153.4389,-28.9985],[153.4226,-29.0175],[153.3999,-28.999],[153.3766,-29.0245],[153.3824,-29.052],[153.3735,-29.0611],[153.3355,-29.0706],[153.327,-29.0391],[153.306,-29.0605],[153.269,-29.0129],[153.3005,-28.9945],[153.2637,-28.952],[153.2694,-28.9442],[153.247,-28.9312],[153.2418,-28.9469],[153.2251,-28.9283],[153.1731,-28.9224],[153.1876,-28.8463],[153.1385,-28.8146],[153.1479,-28.7839],[153.1111,-28.775],[153.0794,-28.7491],[153.0766,-28.7332],[153.0544,-28.7331],[153.0564,-28.7221],[153.0044,-28.7313],[152.9172,-28.7107],[152.9057,-28.7138],[152.9054,-28.7302],[152.9525,-28.8015],[152.929,-28.8044],[152.9138,-28.8213],[152.8876,-28.8193],[152.8846,-28.836],[152.8583,-28.852],[152.8464,-28.8887],[152.8209,-28.8828],[152.8198,-28.9037],[152.7862,-28.9267],[152.7505,-28.9133],[152.7448,-28.9936],[152.689,-29.0228]]]},"properties":{"lga_code_2024":"16610","lga_name_2024":"Richmond Valley","state_name_2021":"New South Wales"},"id":16610},{"type":"Feature","geometry":{"type":"Polygon","coordinates":[[[151.1283,-33.8417],[151.1571,-33.7927],[151.1168,-33.7613],[151.1015,-33.7624],[151.0824,-33.7888],[151.0657,-33.7909],[151.0661,-33.8028],[151.0732,-33.8188],[151.1283,-33.8417]]]},"properties":{"lga_code_2024":"16700","lga_name_2024":"Ryde","state_name_2021":"New South Wales"},"id":16700},{"type":"Feature","geometry":{"type":"MultiPolygon","coordinates":[[[[150.8051,-34.5471],[150.6553,-34.5466],[150.6384,-34.5745],[150.6921,-34.6037],[150.7581,-34.613],[150.7683,-34.5989],[150.7902,-34.6023],[150.8015,-34.6432],[150.848,-34.6351],[150.8378,-34.6116],[150.8601,-34.6285],[150.8652,-34.6052],[150.9044,-34.5972],[150.8751,-34.5894],[150.8737,-34.5444],[150.8632,-34.5379],[150.8042,-34.5614],[150.7952,-34.5537],[150.8051,-34.5471]]],[[[150.8768,-34.545],[150.8791,-34.5468],[150.8818,-34.5458],[150.8768,-34.545]]]]},"properties":{"lga_code_2024":"16900","lga_name_2024":"Shellharbour","state_name_2021":"New South Wales"},"id":16900},{"type":"Feature","geometry":{"type":"MultiPolygon","coordinates":[[[[150.604,-34.6519],[150.5907,-34.6471],[150.5764,-34.6696],[150.5771,-34.6955],[150.5593,-34.6833],[150.559,-34.6386],[150.5387,-34.6651],[150.5263,-34.6571],[150.4983,-34.6819],[150.4692,-34.6782],[150.401,-34.7032],[150.3715,-34.7437],[150.3382,-34.7484],[150.3149,-34.7741],[150.2765,-34.7692],[150.2558,-34.7915],[150.1937,-34.8197],[150.1274,-34.8176],[150.0742,-34.7681],[150.0558,-34.7709],[150.0669,-34.7828],[150.042,-34.7932],[150.0467,-34.8047],[150.0361,-34.8086],[150.0406,-34.8602],[150.0527,-34.8822],[150.0869,-34.8938],[150.0816,-34.905],[150.0918,-34.9113],[150.0555,-34.9653],[150.0858,-34.989],[150.0501,-35.008],[150.0526,-35.0182],[150.0888,-35.0676],[150.1079,-35.0722],[150.1059,-35.086],[150.1294,-35.0971],[150.1418,-35.1446],[150.2039,-35.1707],[150.2157,-35.201],[150.1861,-35.2001],[150.1979,-35.2295],[150.1687,-35.2393],[150.1644,-35.2698],[150.138,-35.2733],[150.1166,-35.2935],[150.086,-35.2911],[150.0854,-35.3053],[150.0511,-35.3091],[150.043,-35.3206],[150.0385,-35.4057],[150.0105,-35.4244],[150.003,-35.4737],[149.9773,-35.4908],[150.0108,-35.5518],[150.0555,-35.5765],[150.0943,-35.5807],[150.1327,-35.5627],[150.1731,-35.5754],[150.1919,-35.5498],[150.2236,-35.5451],[150.2578,-35.5701],[150.2498,-35.6314],[150.2699,-35.6169],[150.2777,-35.6407],[150.3238,-35.6394],[150.3226,-35.6135],[150.3456,-35.6043],[150.3464,-35.5879],[150.3869,-35.5627],[150.385,-35.5461],[150.4063,-35.5339],[150.3909,-35.4984],[150.394,-35.4628],[150.4231,-35.421],[150.4491,-35.4068],[150.4521,-35.39],[150.4924,-35.3667],[150.4749,-35.3566],[150.485,-35.3533],[150.4759,-35.3303],[150.4873,-35.325],[150.4719,-35.3165],[150.478,-35.2918],[150.5452,-35.2484],[150.5302,-35.2351],[150.5405,-35.2157],[150.5974,-35.1902],[150.5924,-35.1755],[150.6062,-35.1553],[150.594,-35.1438],[150.6337,-35.1489],[150.6613,-35.1178],[150.702,-35.123],[150.698,-35.0711],[150.6751,-35.0659],[150.6767,-35.0267],[150.7284,-35.0075],[150.7288,-34.9954],[150.7603,-34.9922],[150.7783,-35.0024],[150.7673,-35.0152],[150.7871,-35.0358],[150.7762,-35.083],[150.7863,-35.0725],[150.8058,-35.0944],[150.8338,-35.0744],[150.843,-35.0506],[150.8316,-35.0412],[150.8497,-35.0129],[150.8294,-35.0029],[150.8172,-35.0149],[150.7964,-35.002],[150.777,-34.9592],[150.7858,-34.9304],[150.7691,-34.9267],[150.7709,-34.8958],[150.76,-34.9004],[150.7495,-34.8851],[150.755,-34.8338],[150.7813,-34.7922],[150.7507,-34.7517],[150.7345,-34.7492],[150.7347,-34.6891],[150.5999,-34.6708],[150.604,-34.6519]]],[[[150.3344,-35.6315],[150.3308,-35.6304],[150.3349,-35.6333],[150.3344,-35.6315]]],[[[150.4185,-35.5312],[150.4208,-35.526],[150.4113,-35.5303],[150.4185,-35.5312]]],[[[150.3623,-35.5764],[150.3651,-35.5783],[150.3644,-35.5767],[150.3623,-35.5764]]],[[[150.3532,-35.5865],[150.3552,-35.5869],[150.353,-35.5859],[150.3532,-35.5865]]],[[[150.3588,-35.5864],[150.3598,-35.5864],[150.3594,-35.5861],[150.3588,-35.5864]]],[[[150.3886,-35.5532],[150.392,-35.5546],[150.3906,-35.5529],[150.3886,-35.5532]]],[[[150.5146,-35.2728],[150.5176,-35.2725],[150.5144,-35.2707],[150.5146,-35.2728]]]]},"properties":{"lga_code_2024":"16950","lga_name_2024":"Shoalhaven","state_name_2021":"New South Wales"},"id":16950},{"type":"Feature","geometry":{"type":"Polygon","coordinates":[[[150.3626,-32.8459],[150.3614,-32.8681],[150.3354,-32.8825],[150.3763,-32.9592],[150.3666,-32.9716],[150.3763,-32.9902],[150.3702,-33.0139],[150.394,-33.0393],[150.4133,-33.0237],[150.4664,-33.0466],[150.5308,-33.0374],[150.5529,-33.0596],[150.6047,-33.07],[150.6302,-33.0586],[150.7279,-33.072],[150.7054,-33.0446],[150.6821,-33.0447],[150.6714,-33.0241],[150.6858,-32.9968],[150.7454,-33.022],[150.7638,-33.0003],[150.8048,-33.006],[150.8194,-32.9925],[150.8086,-32.9768],[150.8248,-32.9442],[150.8136,-32.9199],[151.0061,-32.9536],[151.0672,-32.893],[151.0625,-32.8691],[151.0855,-32.8671],[151.0923,-32.8307],[151.2179,-32.7819],[151.225,-32.7662],[151.2088,-32.7539],[151.2168,-32.7417],[151.268,-32.7471],[151.2765,-32.7042],[151.3171,-32.7098],[151.3404,-32.6488],[151.4031,-32.6629],[151.4244,-32.6462],[151.4308,-32.6154],[151.4459,-32.6078],[151.4708,-32.6182],[151.4797,-32.5552],[151.4961,-32.5573],[151.5007,-32.504],[151.4557,-32.4707],[151.469,-32.421],[151.4461,-32.4071],[151.3958,-32.3251],[151.383,-32.3241],[151.3903,-32.3156],[151.342,-32.2677],[151.3455,-32.183],[151.3097,-32.139],[151.2876,-32.1763],[151.1996,-32.233],[151.1592,-32.2111],[151.1703,-32.2386],[151.1633,-32.2572],[151.1291,-32.2697],[151.1263,-32.284],[151.1096,-32.2817],[151.0893,-32.3227],[151.1015,-32.3243],[151.0996,-32.3356],[151.0481,-32.3323],[151.0455,-32.3468],[151.0286,-32.3446],[151.0179,-32.4021],[150.9842,-32.3976],[150.9813,-32.4128],[150.898,-32.3971],[150.8831,-32.4702],[150.8546,-32.4507],[150.8351,-32.4861],[150.8019,-32.466],[150.7781,-32.4738],[150.8001,-32.5016],[150.7736,-32.4983],[150.7446,-32.6413],[150.682,-32.6325],[150.6693,-32.7026],[150.611,-32.7131],[150.5568,-32.7584],[150.4941,-32.7519],[150.4618,-32.7944],[150.4416,-32.7933],[150.4213,-32.8206],[150.3626,-32.8459]]]},"properties":{"lga_code_2024":"17000","lga_name_2024":"Singleton","state_name_2021":"New South Wales"},"id":17000},{"type":"Feature","geometry":{"type":"Polygon","coordinates":[[[148.8041,-35.714],[148.782,-35.7366],[148.7512,-35.6856],[148.6984,-35.6602],[148.6447,-35.6527],[148.6146,-35.6185],[148.5901,-35.6167],[148.5801,-35.6218],[148.5808,-35.6605],[148.5574,-35.6814],[148.5671,-35.6881],[148.5517,-35.6925],[148.5531,-35.7063],[148.5282,-35.7237],[148.5035,-35.778],[148.4789,-35.7936],[148.4383,-35.8989],[148.4714,-35.915],[148.4689,-35.9419],[148.535,-35.9999],[148.5592,-36.0015],[148.5538,-36.0412],[148.5704,-36.0657],[148.5533,-36.0828],[148.5663,-36.0949],[148.5525,-36.1057],[148.5129,-36.0877],[148.4598,-36.1184],[148.461,-36.1449],[148.4279,-36.1768],[148.4383,-36.1864],[148.4246,-36.2098],[148.431,-36.2569],[148.3964,-36.2906],[148.3729,-36.288],[148.3673,-36.3396],[148.2877,-36.4093],[148.2634,-36.4524],[148.2706,-36.4821],[148.2471,-36.5098],[148.2611,-36.5273],[148.2504,-36.5437],[148.3113,-36.5956],[148.3049,-36.6106],[148.25,-36.6255],[148.2391,-36.6641],[148.2514,-36.706],[148.2386,-36.7064],[148.2326,-36.7465],[148.2075,-36.7551],[148.2007,-36.7986],[149.3565,-37.2628],[149.4018,-37.1154],[149.3979,-37.0206],[149.4181,-37.0063],[149.3948,-37.0018],[149.3992,-36.9818],[149.375,-36.9588],[149.3879,-36.914],[149.377,-36.8748],[149.5027,-36.8456],[149.5102,-36.8308],[149.4846,-36.8193],[149.4855,-36.7895],[149.438,-36.7762],[149.4597,-36.7167],[149.4388,-36.7011],[149.458,-36.687],[149.4646,-36.6554],[149.4537,-36.6459],[149.415,-36.6509],[149.3947,-36.6039],[149.3786,-36.5947],[149.384,-36.5646],[149.3963,-36.548],[149.4325,-36.5453],[149.4554,-36.5296],[149.4715,-36.5041],[149.4678,-36.4858],[149.4572,-36.4852],[149.4845,-36.4298],[149.5421,-36.3992],[149.5392,-36.3656],[149.6026,-36.337],[149.5366,-36.2245],[149.5521,-36.2181],[149.5479,-36.206],[149.5698,-36.2021],[149.5701,-36.1636],[149.5834,-36.1427],[149.543,-36.1072],[149.5837,-36.081],[149.571,-36.0606],[149.5676,-35.9955],[149.562,-35.984],[149.5423,-35.9931],[149.5194,-35.9821],[149.5151,-35.8965],[149.4966,-35.8875],[149.4852,-35.8621],[149.4965,-35.8143],[149.5235,-35.8153],[149.5229,-35.7168],[149.5038,-35.6798],[149.5135,-35.6725],[149.5093,-35.6393],[149.3711,-35.6318],[149.3682,-35.648],[149.3189,-35.6674],[149.2945,-35.6592],[149.2552,-35.5923],[149.227,-35.5978],[149.1962,-35.5856],[149.1747,-35.6012],[149.1483,-35.5808],[149.1381,-35.5793],[149.1427,-35.5928],[149.0846,-35.5808],[149.0792,-35.6077],[149.1094,-35.6966],[149.0907,-35.7656],[149.1006,-35.8147],[149.0957,-35.8456],[149.0643,-35.8749],[149.0464,-35.9205],[149.0124,-35.8996],[148.9616,-35.8967],[148.9094,-35.8531],[148.9071,-35.8296],[148.8867,-35.8101],[148.9033,-35.7579],[148.8867,-35.7192],[148.8725,-35.7214],[148.8575,-35.7615],[148.8041,-35.714]]]},"properties":{"lga_code_2024":"17040","lga_name_2024":"Snowy Monaro","state_name_2021":"New South Wales"},"id":17040},{"type":"Feature","geometry":{"type":"Polygon","coordinates":[[[148.8037,-35.3168],[148.7639,-35.3169],[148.7672,-35.2736],[148.7531,-35.2579],[148.5442,-35.2393],[148.581,-35.195],[148.5821,-35.1517],[148.5248,-35.1239],[148.5247,-35.0877],[148.4692,-35.0801],[148.4568,-35.1545],[148.4184,-35.1637],[148.3947,-35.1505],[148.3968,-35.1399],[148.3419,-35.1419],[148.2838,-35.1182],[148.1999,-35.1109],[148.2236,-35.1628],[148.1916,-35.1734],[148.1838,-35.1894],[148.1578,-35.1863],[148.1495,-35.1978],[148.1222,-35.19],[148.112,-35.2038],[147.9617,-35.1874],[147.9778,-35.209],[147.9586,-35.2291],[147.8973,-35.231],[147.8843,-35.2777],[147.856,-35.2793],[147.8455,-35.2921],[147.8455,-35.33],[147.8997,-35.3805],[147.8941,-35.4023],[147.9076,-35.4262],[147.8932,-35.4244],[147.8894,-35.4443],[147.8728,-35.4421],[147.873,-35.457],[147.886,-35.4641],[147.8838,-35.4885],[147.9076,-35.4901],[147.9048,-35.5133],[147.928,-35.5163],[147.9256,-35.5285],[147.9071,-35.5309],[147.9298,-35.5585],[147.8473,-35.5449],[147.8434,-35.5646],[147.8553,-35.5599],[147.8976,-35.6336],[147.8189,-35.6493],[147.8009,-35.6851],[147.8197,-35.7441],[147.806,-35.799],[147.7716,-35.8074],[147.7606,-35.8398],[147.7096,-35.8411],[147.7076,-35.8793],[147.6884,-35.8887],[147.6893,-35.9377],[147.7098,-35.9289],[147.7413,-35.9565],[147.8062,-35.9651],[147.8175,-35.9797],[147.8509,-35.9816],[147.8829,-36.0018],[147.9126,-35.9953],[147.9115,-36.0266],[147.9337,-36.0476],[147.9743,-36.0385],[147.9874,-36.0523],[147.9997,-36.0462],[147.9802,-36.0866],[147.9992,-36.0987],[147.9906,-36.1211],[148.0044,-36.1401],[148.0377,-36.1408],[148.0229,-36.1535],[148.0348,-36.163],[148.0218,-36.1765],[148.0406,-36.207],[148.0261,-36.223],[148.0439,-36.2995],[148.035,-36.3106],[148.0589,-36.32],[148.0375,-36.3901],[148.0803,-36.4221],[148.0876,-36.4519],[148.1247,-36.4647],[148.1176,-36.4955],[148.1398,-36.5254],[148.1243,-36.5506],[148.1334,-36.5669],[148.1505,-36.5583],[148.1607,-36.5798],[148.1901,-36.5766],[148.2176,-36.5982],[148.2028,-36.6119],[148.2144,-36.6106],[148.2207,-36.6256],[148.1993,-36.6722],[148.1697,-36.7134],[148.1307,-36.7347],[148.1327,-36.7508],[148.098,-36.7872],[148.1192,-36.8058],[148.1567,-36.79],[148.1825,-36.8049],[148.2021,-36.7974],[148.2075,-36.7551],[148.2326,-36.7465],[148.2386,-36.7064],[148.2514,-36.706],[148.2391,-36.6641],[148.25,-36.6255],[148.3049,-36.6106],[148.3111,-36.5952],[148.2504,-36.5437],[148.2611,-36.5273],[148.2471,-36.5098],[148.2706,-36.4821],[148.2731,-36.459],[148.2626,-36.4551],[148.2877,-36.4093],[148.3673,-36.3396],[148.3729,-36.288],[148.3964,-36.2906],[148.431,-36.2569],[148.4246,-36.2098],[148.4383,-36.1864],[148.4279,-36.1768],[148.461,-36.1449],[148.4536,-36.1263],[148.5129,-36.0877],[148.5525,-36.1057],[148.5663,-36.0949],[148.5533,-36.0828],[148.5704,-36.0657],[148.5538,-36.0412],[148.5592,-36.0015],[148.535,-35.9999],[148.4689,-35.9419],[148.4714,-35.915],[148.4383,-35.8989],[148.4789,-35.7936],[148.5035,-35.778],[148.5282,-35.7237],[148.5531,-35.7063],[148.5517,-35.6925],[148.5671,-35.6881],[148.5574,-35.6814],[148.5808,-35.6605],[148.5807,-35.6207],[148.6071,-35.6155],[148.6447,-35.6527],[148.72,-35.6674],[148.7528,-35.6868],[148.782,-35.7366],[148.8019,-35.7228],[148.7884,-35.6978],[148.7984,-35.6666],[148.7675,-35.6474],[148.7834,-35.6285],[148.7684,-35.6033],[148.7888,-35.5883],[148.7729,-35.5678],[148.7628,-35.4955],[148.7744,-35.4861],[148.7667,-35.4672],[148.7889,-35.4265],[148.7858,-35.4089],[148.8087,-35.3825],[148.7935,-35.3391],[148.8037,-35.3168]]]},"properties":{"lga_code_2024":"17080","lga_name_2024":"Snowy Valleys","state_name_2021":"New South Wales"},"id":17080},{"type":"Feature","geometry":{"type":"Polygon","coordinates":[[[151.0586,-33.8843],[151.0682,-33.8858],[151.0643,-33.9078],[151.0896,-33.8998],[151.0945,-33.8719],[151.0814,-33.85],[151.0567,-33.8646],[151.0664,-33.8737],[151.0586,-33.8843]]]},"properties":{"lga_code_2024":"17100","lga_name_2024":"Strathfield","state_name_2021":"New South Wales"},"id":17100},{"type":"Feature","geometry":{"type":"Polygon","coordinates":[[[151.0156,-33.9821],[150.9933,-33.9719],[150.9806,-34.0171],[150.9517,-34.0235],[150.94,-34.0411],[150.9223,-34.129],[150.9799,-34.1384],[151.0221,-34.1557],[151.0159,-34.1664],[151.0811,-34.1668],[151.1281,-34.1378],[151.1718,-34.0865],[151.169,-34.0749],[151.1499,-34.0837],[151.1332,-34.0735],[151.1242,-34.0922],[151.1322,-34.076],[151.0786,-34.0893],[151.1056,-34.0795],[151.102,-34.0654],[151.0958,-34.058],[151.0575,-34.0736],[151.0613,-34.0642],[151.0888,-34.0655],[151.077,-34.0539],[151.0922,-34.0577],[151.097,-34.0471],[151.1018,-34.059],[151.1052,-34.0421],[151.1116,-34.0725],[151.1297,-34.0693],[151.1339,-34.0555],[151.1403,-34.0738],[151.1489,-34.0546],[151.1535,-34.0731],[151.1664,-34.0402],[151.2145,-34.0419],[151.2303,-34.0264],[151.222,-34.0012],[151.1867,-34.0076],[151.2064,-34.014],[151.1963,-34.0212],[151.1596,-34.0233],[151.158,-34.0147],[151.1786,-34.0128],[151.1621,-34.0],[151.1574,-34.0132],[151.1418,-34.0144],[151.1612,-34.0285],[151.145,-34.0386],[151.127,-34.0099],[151.1104,-34.0237],[151.1158,-34.0071],[151.0948,-33.9978],[151.0777,-34.0126],[151.0918,-34.0014],[151.0695,-33.9959],[151.0468,-34.007],[151.0429,-34.0292],[151.043,-34.0077],[151.0661,-33.9919],[151.0328,-33.9925],[151.0343,-33.9774],[151.0156,-33.9821]]]},"properties":{"lga_code_2024":"17150","lga_name_2024":"Sutherland","state_name_2021":"New South Wales"},"id":17150},{"type":"Feature","geometry":{"type":"Polygon","coordinates":[[[151.1753,-33.8724],[151.1767,-33.9178],[151.2143,-33.9243],[151.2143,-33.9038],[151.2337,-33.8896],[151.2192,-33.8816],[151.2308,-33.8592],[151.2206,-33.8691],[151.2227,-33.8592],[151.2066,-33.8537],[151.2015,-33.8732],[151.1941,-33.8624],[151.1893,-33.8758],[151.1753,-33.8724]]]},"properties":{"lga_code_2024":"17200","lga_name_2024":"Sydney","state_name_2021":"New South Wales"},"id":17200},{"type":"Feature","geometry":{"type":"Polygon","coordinates":[[[150.5924,-31.0822],[150.6189,-31.0873],[150.6917,-31.1784],[150.7188,-31.1833],[150.7279,-31.2062],[150.7547,-31.2101],[150.7498,-31.2344],[150.7807,-31.2364],[150.7671,-31.2472],[150.7754,-31.2717],[150.7847,-31.2686],[150.778,-31.3029],[150.7947,-31.3056],[150.7897,-31.3275],[150.7734,-31.3341],[150.7906,-31.3419],[150.7912,-31.3588],[150.8199,-31.3629],[150.8164,-31.4014],[150.8655,-31.4177],[150.8812,-31.4529],[150.9002,-31.4567],[150.9206,-31.5131],[150.9397,-31.5156],[150.9686,-31.5595],[150.9951,-31.5756],[150.9985,-31.6034],[151.0676,-31.5948],[151.1173,-31.632],[151.1755,-31.6289],[151.2352,-31.6619],[151.2562,-31.6175],[151.3256,-31.5759],[151.3267,-31.5611],[151.3924,-31.5537],[151.4062,-31.5659],[151.428,-31.5622],[151.4339,-31.5951],[151.4576,-31.6098],[151.4665,-31.564],[151.4851,-31.5502],[151.4376,-31.5286],[151.4177,-31.5052],[151.4277,-31.4987],[151.4091,-31.476],[151.419,-31.4559],[151.4103,-31.4332],[151.4267,-31.4153],[151.4073,-31.3973],[151.4226,-31.3799],[151.4336,-31.3891],[151.466,-31.3776],[151.4481,-31.3389],[151.4208,-31.3177],[151.4151,-31.2662],[151.3975,-31.2638],[151.3905,-31.3008],[151.358,-31.2885],[151.3828,-31.2072],[151.3602,-31.21],[151.362,-31.1994],[151.3191,-31.1758],[151.3394,-31.1206],[151.3362,-31.1073],[151.3035,-31.1027],[151.3058,-31.0806],[151.357,-31.0675],[151.3607,-31.0482],[151.342,-31.0429],[151.3517,-31.023],[151.3091,-30.9898],[151.3481,-30.9623],[151.3429,-30.9462],[151.2875,-30.9105],[151.3333,-30.8976],[151.3525,-30.8724],[151.364,-30.8768],[151.3904,-30.7657],[151.3718,-30.7505],[151.3702,-30.7169],[151.3527,-30.7297],[151.2484,-30.7268],[151.25,-30.704],[151.2179,-30.6902],[151.1616,-30.6372],[151.1486,-30.6003],[151.067,-30.5627],[151.0563,-30.5207],[151.0285,-30.4896],[151.0307,-30.47],[151.0122,-30.4587],[151.0262,-30.4114],[151.0008,-30.4098],[150.9879,-30.4281],[150.9452,-30.4189],[150.947,-30.4045],[150.9343,-30.3989],[150.9519,-30.3557],[150.9488,-30.3038],[150.9651,-30.2965],[150.9758,-30.2666],[150.9397,-30.2205],[150.9381,-30.1957],[150.925,-30.1822],[150.8988,-30.1849],[150.8849,-30.2031],[150.8339,-30.1966],[150.8161,-30.2114],[150.8161,-30.228],[150.7907,-30.2269],[150.7821,-30.2562],[150.7382,-30.2722],[150.7229,-30.2943],[150.7099,-30.2933],[150.7011,-30.274],[150.681,-30.2889],[150.6753,-30.2754],[150.6568,-30.2749],[150.6228,-30.2808],[150.6177,-30.2958],[150.591,-30.2858],[150.5395,-30.3226],[150.5139,-30.3066],[150.506,-30.273],[150.4637,-30.252],[150.3838,-30.3231],[150.3633,-30.3171],[150.3648,-30.3035],[150.3428,-30.304],[150.3347,-30.2856],[150.304,-30.2803],[150.3079,-30.2578],[150.2661,-30.2522],[150.2511,-30.2375],[150.2071,-30.2561],[150.1648,-30.1977],[150.1464,-30.2156],[150.173,-30.2436],[150.1659,-30.2739],[150.1937,-30.2932],[150.183,-30.2995],[150.195,-30.3211],[150.1907,-30.3646],[150.2359,-30.3785],[150.2258,-30.3993],[150.2832,-30.4308],[150.3164,-30.428],[150.3286,-30.4025],[150.3493,-30.415],[150.3641,-30.4457],[150.3466,-30.4732],[150.3676,-30.4701],[150.3642,-30.4893],[150.3489,-30.494],[150.3626,-30.4986],[150.3547,-30.5282],[150.3685,-30.5301],[150.3661,-30.5434],[150.3938,-30.5471],[150.3907,-30.5693],[150.3604,-30.5594],[150.3639,-30.5841],[150.3839,-30.6057],[150.4106,-30.5899],[150.4379,-30.5974],[150.4685,-30.6283],[150.5032,-30.6404],[150.5096,-30.6601],[150.4578,-30.6902],[150.4535,-30.7154],[150.4686,-30.7337],[150.4526,-30.7572],[150.4674,-30.7595],[150.4565,-30.768],[150.4634,-30.779],[150.4904,-30.7833],[150.4873,-30.799],[150.5593,-30.8108],[150.5617,-30.8376],[150.5466,-30.8588],[150.5228,-30.8472],[150.5302,-30.903],[150.4994,-30.9088],[150.4918,-30.9214],[150.5223,-30.9236],[150.5331,-30.9405],[150.5283,-30.9709],[150.5518,-31.0114],[150.5977,-31.0383],[150.5924,-31.0822]]]},"properties":{"lga_code_2024":"17310","lga_name_2024":"Tamworth","state_name_2021":"New South Wales"},"id":17310},{"type":"Feature","geometry":{"type":"Polygon","coordinates":[[[147.4635,-34.6299],[147.4989,-34.6131],[147.6108,-34.6307],[147.6152,-34.6057],[147.6465,-34.566],[147.7049,-34.5819],[147.7277,-34.572],[147.7302,-34.5535],[147.7607,-34.5535],[147.7655,-34.5159],[147.786,-34.4941],[147.7904,-34.4468],[147.8755,-34.4571],[147.8537,-34.427],[147.8552,-34.4045],[147.8376,-34.3952],[147.8443,-34.3719],[147.8258,-34.3562],[147.8226,-34.3254],[147.7942,-34.2862],[147.7994,-34.2688],[147.7848,-34.2515],[147.7791,-34.2076],[147.7591,-34.2042],[147.7419,-34.1782],[147.7207,-34.1827],[147.7136,-34.1613],[147.666,-34.1301],[147.6329,-34.1296],[147.63,-34.1442],[147.5804,-34.138],[147.584,-34.1179],[147.4962,-34.1066],[147.4693,-34.164],[147.4704,-34.2087],[147.4193,-34.2084],[147.3888,-34.1978],[147.3908,-34.1873],[147.3009,-34.1762],[147.2962,-34.2027],[147.3062,-34.2043],[147.2846,-34.2206],[147.3016,-34.2287],[147.297,-34.2544],[147.2648,-34.2354],[147.255,-34.2913],[147.1294,-34.2765],[147.12,-34.3118],[147.1084,-34.3085],[147.0991,-34.3909],[147.0862,-34.3892],[147.0829,-34.4209],[147.1289,-34.4265],[147.108,-34.5365],[147.3352,-34.5655],[147.3744,-34.6584],[147.4165,-34.6598],[147.4635,-34.6299]]]},"properties":{"lga_code_2024":"17350","lga_name_2024":"Temora","state_name_2021":"New South Wales"},"id":17350},{"type":"Feature","geometry":{"type":"Polygon","coordinates":[[[151.5051,-29.0097],[151.4901,-29.0566],[151.5016,-29.0716],[151.4629,-29.0983],[151.4527,-29.1263],[151.3954,-29.1773],[151.3655,-29.1747],[151.3777,-29.2143],[151.4181,-29.2484],[151.4121,-29.2595],[151.4268,-29.2875],[151.4633,-29.2731],[151.463,-29.2401],[151.5806,-29.2681],[151.6159,-29.2835],[151.6089,-29.325],[151.6244,-29.347],[151.6762,-29.3563],[151.678,-29.3454],[151.6965,-29.3475],[151.6998,-29.3283],[151.7157,-29.3443],[151.7884,-29.3581],[151.7818,-29.3705],[151.8026,-29.3733],[151.7885,-29.4085],[151.8069,-29.4275],[151.8171,-29.4154],[151.8626,-29.4262],[151.8954,-29.4065],[151.9318,-29.4181],[152.006,-29.407],[152.0168,-29.3879],[152.008,-29.3713],[152.0589,-29.3525],[152.0539,-29.341],[152.3003,-29.3772],[152.3076,-29.3526],[152.337,-29.3369],[152.3001,-29.3136],[152.3147,-29.2985],[152.3065,-29.2831],[152.3518,-29.2487],[152.4141,-29.2289],[152.4052,-29.2112],[152.4251,-29.1784],[152.4138,-29.1613],[152.4442,-29.1442],[152.455,-29.089],[152.419,-29.081],[152.4439,-29.0398],[152.4238,-29.0366],[152.4598,-29.0316],[152.4552,-29.0205],[152.4717,-29.0049],[152.4639,-28.992],[152.4762,-28.9906],[152.4669,-28.9737],[152.5585,-28.9901],[152.5456,-28.9363],[152.581,-28.9286],[152.5706,-28.905],[152.5481,-28.9088],[152.5733,-28.8636],[152.5372,-28.8477],[152.5572,-28.8233],[152.5392,-28.8149],[152.5416,-28.7818],[152.5194,-28.7948],[152.511,-28.7797],[152.4801,-28.7801],[152.492,-28.7646],[152.4798,-28.7508],[152.4976,-28.7379],[152.4731,-28.7471],[152.4736,-28.7308],[152.4086,-28.724],[152.4065,-28.7045],[152.3767,-28.7029],[152.3738,-28.6865],[152.4031,-28.6587],[152.3986,-28.6468],[152.414,-28.632],[152.4058,-28.6217],[152.4428,-28.6034],[152.4402,-28.5763],[152.4578,-28.569],[152.4414,-28.5559],[152.4405,-28.5303],[152.4722,-28.5192],[152.5004,-28.5286],[152.5033,-28.5115],[152.5332,-28.5138],[152.5274,-28.4958],[152.5532,-28.4776],[152.5515,-28.4666],[152.5613,-28.4699],[152.5652,-28.4402],[152.5804,-28.4351],[152.5764,-28.4156],[152.5934,-28.4102],[152.6144,-28.3527],[152.6285,-28.3486],[152.6278,-28.3271],[152.5976,-28.3146],[152.5795,-28.3392],[152.5259,-28.306],[152.534,-28.2627],[152.5075,-28.249],[152.4682,-28.2578],[152.4429,-28.2984],[152.4152,-28.2981],[152.4164,-28.335],[152.388,-28.3675],[152.3094,-28.3628],[152.2886,-28.3915],[152.2667,-28.3907],[152.2196,-28.4478],[152.1564,-28.4346],[152.1212,-28.4626],[152.0697,-28.4685],[152.0671,-28.4852],[152.0167,-28.5252],[151.9888,-28.5256],[151.9826,-28.5033],[151.9732,-28.505],[151.9554,-28.5192],[151.9573,-28.5647],[151.9859,-28.5821],[152.0105,-28.665],[152.0391,-28.6646],[152.0525,-28.6822],[152.0664,-28.6812],[152.076,-28.7083],[152.0423,-28.7318],[152.0366,-28.8178],[152.0149,-28.8502],[152.0376,-28.8516],[152.0375,-28.8644],[152.0107,-28.9067],[151.9963,-28.8948],[151.9685,-28.9167],[151.9163,-28.9293],[151.9003,-28.9147],[151.8498,-28.9076],[151.8307,-28.9617],[151.8133,-28.9598],[151.8069,-28.9453],[151.7769,-28.959],[151.7733,-28.9381],[151.7424,-28.9185],[151.7264,-28.867],[151.6352,-28.9296],[151.6098,-28.9235],[151.5451,-28.9531],[151.5373,-28.9798],[151.5051,-29.0097]]]},"properties":{"lga_code_2024":"17400","lga_name_2024":"Tenterfield","state_name_2021":"New South Wales"},"id":17400},{"type":"Feature","geometry":{"type":"Polygon","coordinates":[[[151.0489,-33.7586],[151.0469,-33.7434],[151.0168,-33.7307],[151.0112,-33.7101],[151.0324,-33.6923],[151.0238,-33.6213],[151.0063,-33.5976],[151.0111,-33.532],[151.0291,-33.517],[150.9903,-33.4286],[150.9721,-33.4217],[150.9838,-33.3785],[150.9516,-33.4275],[150.9398,-33.4139],[150.925,-33.4325],[150.9245,-33.4183],[150.9036,-33.4195],[150.8755,-33.4527],[150.8983,-33.4517],[150.9053,-33.4696],[150.8711,-33.4731],[150.879,-33.4866],[150.8705,-33.5002],[150.8935,-33.4847],[150.9277,-33.5049],[150.9193,-33.5168],[150.8985,-33.5124],[150.9078,-33.5226],[150.8894,-33.5406],[150.8897,-33.5616],[150.9166,-33.5546],[150.9357,-33.5648],[150.874,-33.6567],[150.9118,-33.6758],[150.9589,-33.7683],[151.0489,-33.7586]]]},"properties":{"lga_code_2024":"17420","lga_name_2024":"The Hills","state_name_2021":"New South Wales"},"id":17420},{"type":"Feature","geometry":{"type":"MultiPolygon","coordinates":[[[[153.5522,-28.1644],[153.5346,-28.1776],[153.4769,-28.1569],[153.3897,-28.2348],[153.3573,-28.2493],[153.2796,-28.2335],[153.2439,-28.2473],[153.2328,-28.2651],[153.1767,-28.2496],[153.1752,-28.2742],[153.1612,-28.2794],[153.1692,-28.2931],[153.125,-28.3178],[153.1302,-28.3303],[153.1067,-28.3762],[153.1126,-28.4013],[153.1281,-28.4064],[153.1207,-28.4333],[153.1439,-28.4389],[153.134,-28.4589],[153.1538,-28.4846],[153.1603,-28.5241],[153.2472,-28.5158],[153.2554,-28.5272],[153.2825,-28.516],[153.2914,-28.5416],[153.3278,-28.5427],[153.3419,-28.5174],[153.369,-28.5034],[153.3735,-28.4719],[153.4067,-28.4775],[153.4198,-28.4672],[153.466,-28.48],[153.5087,-28.461],[153.5529,-28.4772],[153.5807,-28.363],[153.5714,-28.3271],[153.5863,-28.258],[153.57,-28.2431],[153.5714,-28.1994],[153.5564,-28.17],[153.5486,-28.1755],[153.5652,-28.205],[153.5531,-28.2377],[153.5373,-28.2404],[153.5527,-28.2348],[153.5417,-28.2345],[153.5618,-28.2071],[153.5379,-28.1838],[153.5167,-28.1939],[153.5098,-28.2176],[153.5201,-28.221],[153.493,-28.2164],[153.4991,-28.2001],[153.5122,-28.2004],[153.5088,-28.19],[153.5476,-28.184],[153.5522,-28.1644]]],[[[153.5792,-28.1958],[153.5784,-28.1945],[153.5763,-28.1956],[153.5792,-28.1958]]]]},"properties":{"lga_code_2024":"17550","lga_name_2024":"Tweed","state_name_2021":"New South Wales"},"id":17550},{"type":"Feature","geometry":{"type":"Polygon","coordinates":[[[151.3097,-32.139],[151.3039,-32.1167],[151.3354,-32.0824],[151.3896,-32.0832],[151.4069,-32.0586],[151.405,-32.0367],[151.4547,-31.996],[151.4416,-31.9518],[151.4691,-31.8969],[151.5132,-31.8684],[151.5159,-31.8528],[151.5525,-31.8473],[151.5509,-31.8598],[151.5637,-31.8615],[151.5849,-31.8375],[151.594,-31.7896],[151.5541,-31.7873],[151.5177,-31.7693],[151.5348,-31.6941],[151.5209,-31.6649],[151.5356,-31.5961],[151.4783,-31.5641],[151.4665,-31.564],[151.4552,-31.6104],[151.4339,-31.5951],[151.4277,-31.5621],[151.3267,-31.5611],[151.3256,-31.5759],[151.2562,-31.6175],[151.2352,-31.6619],[151.1755,-31.6289],[151.1173,-31.632],[151.0676,-31.5948],[150.9987,-31.6033],[150.9963,-31.6384],[150.9141,-31.6479],[150.8937,-31.6647],[150.9107,-31.6677],[150.8995,-31.6911],[150.8658,-31.6993],[150.849,-31.7305],[150.8023,-31.7332],[150.7599,-31.7823],[150.7386,-31.7793],[150.7129,-31.8047],[150.7302,-31.8137],[150.7234,-31.8386],[150.7022,-31.8422],[150.5675,-31.8441],[150.5466,-31.8582],[150.4863,-31.8311],[150.4431,-31.8548],[150.4107,-31.834],[150.3677,-31.8425],[150.3346,-31.8254],[150.2937,-31.8489],[150.2418,-31.8255],[150.1994,-31.8237],[150.1517,-31.7659],[150.0996,-31.7491],[150.0498,-31.7864],[150.024,-31.8288],[149.9024,-31.9047],[149.8391,-31.9874],[149.8756,-31.9845],[149.8749,-32.0311],[149.8598,-32.0225],[149.8082,-32.0393],[149.7916,-32.0794],[149.7952,-32.0927],[149.846,-32.1061],[149.8452,-32.117],[149.8935,-32.1052],[149.8934,-32.1197],[149.9323,-32.1192],[149.9207,-32.1375],[149.9481,-32.1349],[149.9393,-32.157],[149.9646,-32.1602],[149.9608,-32.1819],[149.9826,-32.1847],[150.0011,-32.1616],[150.014,-32.1866],[150.0348,-32.1959],[150.0278,-32.206],[150.0366,-32.189],[150.0702,-32.1885],[150.0479,-32.2215],[150.063,-32.2458],[150.0441,-32.2442],[150.0532,-32.2584],[150.0217,-32.3043],[150.029,-32.3331],[150.0396,-32.3282],[150.0539,-32.3509],[150.1425,-32.3415],[150.1553,-32.327],[150.1638,-32.3325],[150.1652,-32.32],[150.1873,-32.3334],[150.1893,-32.35],[150.1969,-32.3326],[150.2176,-32.3377],[150.2082,-32.3188],[150.255,-32.3028],[150.2622,-32.3165],[150.2517,-32.325],[150.2708,-32.3235],[150.2597,-32.3386],[150.2668,-32.3769],[150.2843,-32.3745],[150.287,-32.3869],[150.3062,-32.3739],[150.3229,-32.4088],[150.3423,-32.3851],[150.3865,-32.3801],[150.3963,-32.333],[150.4203,-32.3471],[150.4387,-32.3222],[150.4694,-32.322],[150.4929,-32.3522],[150.5119,-32.3443],[150.5146,-32.3694],[150.5299,-32.3623],[150.5257,-32.3517],[150.5526,-32.3454],[150.5578,-32.3302],[150.5299,-32.3318],[150.4865,-32.24],[150.491,-32.1706],[150.5095,-32.155],[150.4989,-32.13],[150.6568,-32.1502],[150.6564,-32.1606],[150.7666,-32.171],[150.8749,-32.2001],[150.8725,-32.1764],[151.0159,-32.1776],[151.0318,-32.1665],[151.0447,-32.1774],[151.066,-32.1658],[151.1142,-32.1951],[151.1548,-32.1993],[151.1968,-32.2337],[151.2876,-32.1763],[151.3097,-32.139]]]},"properties":{"lga_code_2024":"17620","lga_name_2024":"Upper Hunter","state_name_2021":"New South Wales"},"id":17620},{"type":"Feature","geometry":{"type":"Polygon","coordinates":[[[150.0829,-34.5823],[150.0944,-34.5553],[150.0456,-34.5262],[150.067,-34.5115],[150.093,-34.5122],[150.0589,-34.4655],[150.1148,-34.4124],[150.1067,-34.3897],[150.123,-34.3746],[150.097,-34.3709],[150.1031,-34.3563],[150.0888,-34.3467],[150.0163,-34.367],[149.964,-34.3152],[149.9744,-34.2959],[149.9881,-34.2977],[149.9915,-34.2586],[150.0593,-34.267],[150.0618,-34.2377],[150.0498,-34.2342],[150.066,-34.1953],[150.0609,-34.1723],[150.0442,-34.1462],[150.0147,-34.1442],[150.0376,-34.1208],[150.0053,-34.1032],[150.0073,-34.0853],[149.9624,-34.0774],[149.9449,-34.0917],[149.9289,-34.0791],[149.9316,-34.1163],[149.9497,-34.1251],[149.9375,-34.1685],[149.9185,-34.1832],[149.8499,-34.1837],[149.7977,-34.2059],[149.7567,-34.1867],[149.695,-34.2029],[149.6942,-34.1922],[149.6787,-34.1962],[149.6779,-34.1727],[149.6571,-34.1706],[149.6286,-34.1135],[149.6225,-34.1286],[149.6204,-34.1056],[149.6037,-34.1231],[149.5789,-34.0927],[149.5512,-34.0939],[149.5454,-34.0712],[149.5124,-34.0482],[149.5132,-34.032],[149.4647,-34.0104],[149.4559,-34.0296],[149.4347,-34.0229],[149.3836,-33.9796],[149.3521,-33.9712],[149.3478,-33.9533],[149.2793,-33.9485],[149.275,-33.9593],[149.2339,-33.9677],[149.236,-33.9795],[149.2179,-33.9636],[149.1981,-33.9847],[149.1793,-33.9847],[149.1445,-33.9579],[149.1403,-33.9447],[149.155,-33.9272],[149.1198,-33.8878],[149.0821,-33.9129],[149.0657,-33.8926],[149.0114,-33.9328],[149.012,-33.9839],[149.0617,-33.9984],[149.0543,-34.0258],[149.0379,-34.0237],[149.0273,-34.0379],[149.0471,-34.0472],[149.0217,-34.0536],[149.0205,-34.0904],[149.0028,-34.1073],[149.0201,-34.1281],[149.0111,-34.1412],[149.0618,-34.1839],[149.0526,-34.1874],[149.0716,-34.1959],[149.0683,-34.2051],[149.0843,-34.2034],[149.0654,-34.2187],[149.1088,-34.2402],[149.1256,-34.2597],[149.1124,-34.2591],[149.1112,-34.2698],[149.131,-34.2786],[149.119,-34.2743],[149.1236,-34.2821],[149.0909,-34.2924],[149.0988,-34.3006],[149.0894,-34.317],[149.1198,-34.3593],[149.0865,-34.4098],[149.0679,-34.4091],[149.0572,-34.4407],[149.0375,-34.4481],[148.9933,-34.527],[148.9782,-34.6368],[148.9478,-34.6438],[148.9471,-34.7003],[148.938,-34.7033],[148.9653,-34.7183],[148.9904,-34.7062],[149.0033,-34.7243],[149.026,-34.7276],[149.022,-34.7479],[149.038,-34.7674],[149.022,-34.781],[149.0427,-34.8029],[149.0435,-34.829],[149.0605,-34.8312],[149.0679,-34.8552],[149.1121,-34.8656],[149.1205,-34.888],[149.1454,-34.8896],[149.1562,-34.8754],[149.1871,-34.8945],[149.2176,-34.8902],[149.2122,-34.9035],[149.2297,-34.9054],[149.271,-34.8867],[149.2804,-34.9117],[149.3306,-34.91],[149.3464,-34.923],[149.3367,-34.9488],[149.3746,-34.9488],[149.3871,-34.9215],[149.428,-34.9306],[149.4478,-34.9279],[149.4551,-34.9115],[149.4885,-34.9163],[149.491,-34.9022],[149.5213,-34.9071],[149.5199,-34.8914],[149.5426,-34.8713],[149.5212,-34.8736],[149.498,-34.8514],[149.4705,-34.8583],[149.5026,-34.8312],[149.5079,-34.8179],[149.4953,-34.8063],[149.5079,-34.732],[149.5335,-34.7111],[149.5278,-34.693],[149.4962,-34.6716],[149.4995,-34.656],[149.5237,-34.665],[149.5202,-34.6454],[149.549,-34.6255],[149.5572,-34.6045],[149.5883,-34.6131],[149.5854,-34.6288],[149.6181,-34.6447],[149.637,-34.5915],[149.6554,-34.5859],[149.6602,-34.5556],[149.6976,-34.5634],[149.6996,-34.5487],[149.7318,-34.5533],[149.7187,-34.5697],[149.7567,-34.5692],[149.7517,-34.5967],[149.8137,-34.6051],[149.8106,-34.621],[149.7997,-34.6164],[149.7931,-34.6501],[149.8172,-34.6532],[149.82,-34.6385],[149.855,-34.6435],[149.8601,-34.6157],[149.8241,-34.6186],[149.8299,-34.5985],[149.8842,-34.6212],[149.8821,-34.6322],[149.8965,-34.6193],[149.9832,-34.6314],[150.0516,-34.6099],[150.0634,-34.6161],[150.0663,-34.6029],[150.0847,-34.6049],[150.0829,-34.5823]]]},"properties":{"lga_code_2024":"17640","lga_name_2024":"Upper Lachlan","state_name_2021":"New South Wales"},"id":17640},{"type":"Feature","geometry":{"type":"Polygon","coordinates":[[[151.3768,-30.8339],[151.443,-30.8678],[151.438,-30.8936],[151.478,-30.8955],[151.4718,-30.8858],[151.5124,-30.8691],[151.5145,-30.8578],[151.5491,-30.8627],[151.5904,-30.8443],[151.617,-30.848],[151.6424,-30.8753],[151.6622,-30.8333],[151.6886,-30.8329],[151.7199,-30.7958],[151.7306,-30.7414],[151.7199,-30.7152],[151.7345,-30.7172],[151.738,-30.6919],[151.7747,-30.6861],[151.7502,-30.6723],[151.7157,-30.6724],[151.714,-30.6826],[151.6712,-30.6666],[151.6423,-30.6362],[151.6397,-30.5938],[151.5828,-30.5514],[151.5834,-30.4972],[151.5357,-30.4622],[151.5286,-30.4413],[151.4726,-30.4372],[151.4656,-30.4514],[151.4478,-30.4282],[151.4611,-30.4185],[151.4515,-30.3943],[151.403,-30.3866],[151.3977,-30.3691],[151.3606,-30.3636],[151.3467,-30.3398],[151.3242,-30.3367],[151.3468,-30.305],[151.323,-30.2674],[151.304,-30.2652],[151.3268,-30.2261],[151.3105,-30.2237],[151.3164,-30.1654],[151.2795,-30.1805],[151.2829,-30.2314],[151.2566,-30.241],[151.2358,-30.1846],[151.1162,-30.1883],[151.1237,-30.1335],[151.0398,-30.1256],[151.0295,-30.1077],[151.0087,-30.1078],[151.0097,-30.0824],[150.9472,-30.0739],[150.9692,-30.1301],[150.9456,-30.1675],[150.9613,-30.1866],[150.9378,-30.1975],[150.9378,-30.2149],[150.9758,-30.2666],[150.9651,-30.2965],[150.9488,-30.3038],[150.9519,-30.3557],[150.9343,-30.3989],[150.947,-30.4045],[150.9452,-30.4189],[150.9879,-30.4281],[151.0008,-30.4098],[151.0262,-30.4114],[151.0122,-30.4587],[151.0307,-30.47],[151.0285,-30.4896],[151.0563,-30.5207],[151.067,-30.5627],[151.1486,-30.6003],[151.1616,-30.6372],[151.2179,-30.6902],[151.25,-30.704],[151.2484,-30.7268],[151.3527,-30.7297],[151.3702,-30.7169],[151.3718,-30.7505],[151.3904,-30.7657],[151.3768,-30.8339]]]},"properties":{"lga_code_2024":"17650","lga_name_2024":"Uralla","state_name_2021":"New South Wales"},"id":17650},{"type":"Feature","geometry":{"type":"Polygon","coordinates":[[[147.3161,-34.9064],[147.0905,-34.8805],[147.0931,-34.8246],[147.0808,-34.8455],[146.9593,-34.8294],[146.9567,-34.8438],[146.9541,-34.8288],[146.8699,-34.8253],[146.8485,-34.8081],[146.8292,-34.8782],[146.8416,-34.8811],[146.8328,-34.8933],[146.8424,-34.9027],[146.7845,-34.9241],[146.7791,-34.9396],[146.8089,-34.985],[146.7788,-35.0984],[146.8283,-35.1327],[146.843,-35.1499],[146.8438,-35.1766],[146.8596,-35.1726],[146.8561,-35.1807],[146.9302,-35.1616],[147.0323,-35.1878],[147.0508,-35.1872],[147.0582,-35.1692],[147.1493,-35.1809],[147.1409,-35.2541],[147.1853,-35.2908],[147.2315,-35.3039],[147.2329,-35.3184],[147.2307,-35.3389],[147.2139,-35.3447],[147.1977,-35.3273],[147.1776,-35.3648],[147.1682,-35.3636],[147.1655,-35.378],[147.1814,-35.3892],[147.1667,-35.4158],[147.1856,-35.4315],[147.1639,-35.4387],[147.1598,-35.4644],[147.185,-35.4485],[147.211,-35.4727],[147.2379,-35.4705],[147.2515,-35.4911],[147.3638,-35.5139],[147.3881,-35.532],[147.3915,-35.5636],[147.419,-35.5336],[147.4563,-35.531],[147.4882,-35.5457],[147.522,-35.4821],[147.6252,-35.5462],[147.6503,-35.5388],[147.6812,-35.5567],[147.6856,-35.5342],[147.7383,-35.5411],[147.7369,-35.531],[147.7893,-35.5516],[147.8454,-35.5546],[147.8633,-35.5407],[147.9298,-35.5585],[147.9071,-35.5309],[147.9256,-35.5285],[147.928,-35.5163],[147.9048,-35.5133],[147.9076,-35.4901],[147.8838,-35.4885],[147.886,-35.4641],[147.873,-35.457],[147.8728,-35.4421],[147.8894,-35.4443],[147.8932,-35.4244],[147.9085,-35.4214],[147.8843,-35.3574],[147.8679,-35.3594],[147.8455,-35.33],[147.8558,-35.2663],[147.8414,-35.257],[147.834,-35.2217],[147.7978,-35.2109],[147.7716,-35.1845],[147.7669,-35.1353],[147.7357,-35.1101],[147.7332,-35.0918],[147.6863,-35.0859],[147.6923,-35.056],[147.646,-35.0494],[147.6336,-35.0038],[147.5991,-34.9977],[147.6004,-34.9868],[147.4457,-34.9645],[147.4312,-34.9754],[147.4141,-34.9563],[147.317,-34.9495],[147.3161,-34.9064]]]},"properties":{"lga_code_2024":"17750","lga_name_2024":"Wagga Wagga","state_name_2021":"New South Wales"},"id":17750},{"type":"Feature","geometry":{"type":"Polygon","coordinates":[[[151.4783,-31.5641],[151.5692,-31.6099],[151.6012,-31.5956],[151.6336,-31.6152],[151.6526,-31.6027],[151.6571,-31.6133],[151.6821,-31.6088],[151.6906,-31.6226],[151.7569,-31.6382],[151.7567,-31.6018],[151.8025,-31.5739],[151.7866,-31.5478],[151.7585,-31.5354],[151.7533,-31.5143],[151.8428,-31.509],[151.8446,-31.4995],[151.9158,-31.5101],[151.9128,-31.4767],[152.0838,-31.5005],[152.0878,-31.4562],[152.0647,-31.4386],[152.0679,-31.3984],[152.0996,-31.3931],[152.1237,-31.2787],[152.1389,-31.2854],[152.1529,-31.273],[152.161,-31.2402],[152.1496,-31.2238],[152.1518,-31.1881],[152.2234,-31.2079],[152.2341,-31.1975],[152.2517,-31.2063],[152.2547,-31.1945],[152.3166,-31.2029],[152.3309,-31.1275],[152.3496,-31.117],[152.3366,-31.1052],[152.3406,-31.0682],[152.3311,-31.0573],[152.3434,-31.0399],[152.2698,-30.9991],[152.2941,-30.9731],[152.2843,-30.9491],[152.2957,-30.931],[152.1775,-30.9152],[152.1502,-30.8673],[152.1259,-30.8593],[152.1176,-30.8695],[152.084,-30.8433],[152.039,-30.8611],[152.049,-30.8395],[152.0335,-30.8437],[152.0158,-30.825],[152.0158,-30.801],[152.0044,-30.8119],[151.9596,-30.8036],[151.9638,-30.7936],[151.9524,-30.7948],[151.9367,-30.757],[151.9317,-30.7685],[151.9028,-30.7645],[151.8135,-30.7895],[151.7755,-30.7771],[151.7311,-30.7886],[151.6886,-30.8329],[151.6622,-30.8333],[151.6413,-30.8756],[151.617,-30.848],[151.5904,-30.8443],[151.5491,-30.8627],[151.5145,-30.8578],[151.5124,-30.8691],[151.4718,-30.8858],[151.478,-30.8955],[151.438,-30.8936],[151.443,-30.8678],[151.3768,-30.8339],[151.3619,-30.8791],[151.3525,-30.8724],[151.3333,-30.8976],[151.2875,-30.9105],[151.3432,-30.9466],[151.3476,-30.968],[151.3091,-30.9898],[151.3437,-31.0116],[151.3517,-31.023],[151.342,-31.0429],[151.3607,-31.0482],[151.357,-31.0675],[151.3058,-31.0806],[151.3035,-31.1027],[151.3362,-31.1073],[151.3394,-31.1206],[151.3191,-31.1758],[151.362,-31.1994],[151.3602,-31.21],[151.3828,-31.2072],[151.3582,-31.2888],[151.3905,-31.3008],[151.3975,-31.2638],[151.4151,-31.2662],[151.4208,-31.3177],[151.4588,-31.356],[151.4642,-31.3826],[151.41,-31.3884],[151.4267,-31.4153],[151.4103,-31.4332],[151.419,-31.4559],[151.409,-31.4755],[151.4241,-31.4852],[151.4176,-31.5048],[151.4324,-31.5235],[151.4841,-31.5484],[151.4783,-31.5641]]]},"properties":{"lga_code_2024":"17850","lga_name_2024":"Walcha","state_name_2021":"New South Wales"},"id":17850},{"type":"Feature","geometry":{"type":"Polygon","coordinates":[[[147.1776,-30.4029],[147.5607,-30.4292],[147.6213,-30.5128],[147.8478,-30.5403],[147.8453,-30.4792],[147.955,-30.4327],[147.991,-30.4008],[147.9963,-30.413],[148.1085,-30.4189],[148.0924,-30.4655],[148.0975,-30.4958],[148.1175,-30.5127],[148.2325,-30.4409],[148.2209,-30.3927],[148.2284,-30.3502],[148.2803,-30.3502],[148.2827,-30.3359],[148.2626,-30.3265],[148.3031,-30.3182],[148.3956,-30.3907],[148.3912,-30.4189],[148.4785,-30.497],[148.4745,-30.5076],[148.5862,-30.5652],[148.6437,-30.5816],[148.6469,-30.5627],[148.6714,-30.5659],[148.666,-30.5267],[148.7374,-30.5355],[148.7405,-30.5181],[148.8517,-30.5314],[148.8851,-30.3257],[148.8921,-30.3376],[148.921,-30.3379],[148.9428,-30.1878],[148.9814,-30.1678],[148.9706,-30.1497],[148.9933,-30.1174],[149.0203,-30.1293],[149.0237,-30.1055],[149.0551,-30.0925],[149.0678,-30.0329],[149.0812,-30.0345],[149.0943,-29.9593],[149.048,-29.9535],[149.0888,-29.7125],[148.8799,-29.6292],[148.9012,-29.4752],[148.8519,-29.4969],[148.816,-29.4898],[148.8004,-29.5057],[148.6762,-29.5098],[148.6944,-29.4319],[148.7158,-29.4208],[148.7047,-29.39],[148.6837,-29.3884],[148.7038,-29.362],[148.6889,-29.3523],[148.6966,-29.3262],[148.7059,-29.3311],[148.7123,-29.3135],[148.7227,-29.3157],[148.7148,-29.2968],[148.7279,-29.2999],[148.7209,-29.2817],[148.7413,-29.262],[148.733,-29.2526],[148.7679,-29.2082],[148.7659,-29.192],[148.7991,-29.1895],[148.8087,-29.1776],[148.797,-29.1407],[148.8142,-29.0817],[148.8981,-29.02],[148.9419,-29.0246],[148.9581,-28.9991],[147.9455,-28.9991],[147.9197,-29.1151],[147.8864,-29.1124],[147.8701,-29.1446],[147.8514,-29.1488],[147.8289,-29.1823],[147.8403,-29.2033],[147.815,-29.2448],[147.772,-29.2709],[147.7718,-29.2894],[147.736,-29.2761],[147.7228,-29.2828],[147.6768,-29.3445],[147.6334,-29.3485],[147.5773,-29.3755],[147.5509,-29.4392],[147.4915,-29.4758],[147.4906,-29.4938],[147.4641,-29.5194],[147.4358,-29.5289],[147.4081,-29.5738],[147.409,-29.6116],[147.3698,-29.6705],[147.3466,-29.6833],[147.3795,-29.7167],[147.4107,-29.7257],[147.4042,-29.7382],[147.4273,-29.7631],[147.3926,-29.7668],[147.3808,-29.7826],[147.4004,-29.7854],[147.423,-29.8231],[147.4138,-29.8342],[147.4939,-29.8532],[147.4757,-29.9816],[147.4111,-29.9747],[147.3891,-30.1065],[147.4187,-30.1159],[147.4175,-30.1259],[147.3962,-30.1219],[147.3763,-30.1428],[147.3416,-30.1283],[147.3325,-30.1379],[147.3335,-30.123],[147.3069,-30.1155],[147.2986,-30.1319],[147.2788,-30.1337],[147.2695,-30.1216],[147.2433,-30.1351],[147.2368,-30.1504],[147.2535,-30.1634],[147.237,-30.1848],[147.2312,-30.2256],[147.2419,-30.2326],[147.2124,-30.2568],[147.2232,-30.2642],[147.2046,-30.2867],[147.2147,-30.2976],[147.1969,-30.315],[147.199,-30.3411],[147.177,-30.361],[147.1862,-30.3675],[147.1757,-30.3761],[147.1862,-30.3838],[147.1776,-30.4029]]]},"properties":{"lga_code_2024":"17900","lga_name_2024":"Walgett","state_name_2021":"New South Wales"},"id":17900},{"type":"Feature","geometry":{"type":"Polygon","coordinates":[[[147.3287,-31.9948],[147.4166,-32.0399],[147.4199,-32.0695],[147.478,-32.1231],[147.4712,-32.1475],[147.4947,-32.1887],[147.7245,-32.0262],[147.7463,-31.9894],[147.7844,-32.0],[147.7873,-31.9842],[147.8041,-31.985],[147.7941,-31.9689],[147.8367,-31.9273],[147.8527,-31.9334],[147.9474,-31.8668],[148.026,-31.8712],[148.0329,-31.8947],[148.0435,-31.8893],[148.048,-31.9003],[148.0665,-31.8641],[148.142,-31.7987],[148.1873,-31.8208],[148.1792,-31.8279],[148.2588,-31.7828],[148.2609,-31.7714],[148.2764,-31.7736],[148.2789,-31.7882],[148.3464,-31.7975],[148.3575,-31.73],[148.298,-31.733],[148.323,-31.5911],[148.2947,-31.5713],[148.2919,-31.5873],[148.2855,-31.5789],[148.268,-31.5864],[148.2946,-31.4396],[148.3092,-31.4414],[148.2985,-31.3855],[148.266,-31.4004],[148.2292,-31.3885],[148.2053,-31.3493],[148.1165,-31.2841],[148.1207,-31.2749],[148.0645,-31.2506],[147.9875,-31.1796],[147.993,-31.1455],[147.9698,-31.1394],[147.9715,-31.13],[147.9883,-31.132],[147.9927,-31.1059],[147.9537,-31.0785],[147.9207,-31.0329],[147.873,-31.0079],[147.8666,-30.9845],[147.8148,-30.9921],[147.811,-30.9797],[147.7444,-30.9966],[147.6932,-30.8555],[147.6985,-30.8374],[147.5156,-30.8099],[147.5234,-30.7627],[147.566,-30.7325],[147.5691,-30.6898],[147.5919,-30.6562],[147.5733,-30.5729],[147.5964,-30.5638],[147.6003,-30.5265],[147.6219,-30.5114],[147.5927,-30.4664],[147.5789,-30.4629],[147.5726,-30.436],[147.3475,-30.4076],[147.3452,-30.4218],[147.1732,-30.4023],[147.1651,-30.4218],[147.1756,-30.4437],[147.1668,-30.4493],[147.181,-30.4582],[147.1622,-30.4665],[147.1878,-30.4819],[147.1778,-30.5062],[147.1884,-30.5396],[147.0996,-30.5336],[147.1191,-30.6014],[147.2072,-30.6152],[147.2052,-30.6551],[147.2209,-30.6665],[147.2069,-30.6791],[147.223,-30.694],[147.2035,-30.7183],[147.2461,-30.7493],[147.2413,-30.7701],[147.2524,-30.7787],[147.245,-30.8274],[147.158,-30.82],[147.1504,-30.8304],[147.1576,-30.9025],[147.2675,-31.0331],[147.1974,-31.0781],[147.3025,-31.1708],[147.2899,-31.179],[147.2994,-31.1924],[147.3603,-31.1557],[147.374,-31.1615],[147.3854,-31.2006],[147.4199,-31.2295],[147.419,-31.244],[147.5173,-31.3357],[147.4602,-31.357],[147.5272,-31.4514],[147.5211,-31.4439],[147.4984,-31.4541],[147.4867,-31.4623],[147.5057,-31.4661],[147.4595,-31.4955],[147.4722,-31.498],[147.482,-31.5223],[147.4336,-31.586],[147.4101,-31.676],[147.3411,-31.8104],[147.4203,-31.8476],[147.4401,-31.8211],[147.4833,-31.8652],[147.3694,-31.9311],[147.3882,-31.9505],[147.3377,-31.9777],[147.3287,-31.9948]]]},"properties":{"lga_code_2024":"17950","lga_name_2024":"Warren","state_name_2021":"New South Wales"},"id":17950},{"type":"Feature","geometry":{"type":"Polygon","coordinates":[[[148.8107,-30.6736],[148.7969,-30.7582],[148.8329,-30.7994],[148.8794,-30.8269],[148.8201,-30.8716],[148.8568,-30.884],[148.8731,-30.9137],[148.834,-31.0286],[148.9011,-31.0473],[148.941,-31.1764],[148.9345,-31.1957],[148.9552,-31.2136],[148.9545,-31.2285],[149.0195,-31.2405],[149.0283,-31.2606],[149.0672,-31.2786],[149.0449,-31.308],[149.0459,-31.3388],[149.0088,-31.3373],[148.9954,-31.3737],[148.9745,-31.3868],[148.955,-31.4529],[149.0471,-31.4445],[149.0318,-31.4782],[149.1298,-31.4907],[149.1393,-31.5281],[149.1238,-31.5508],[149.1293,-31.5688],[149.0969,-31.5957],[149.111,-31.6224],[149.0966,-31.623],[149.0883,-31.6547],[149.0666,-31.6726],[149.0745,-31.7004],[149.0642,-31.7165],[149.092,-31.7343],[149.0799,-31.7653],[149.0984,-31.785],[149.0705,-31.805],[149.0328,-31.8006],[149.0041,-31.8354],[149.0225,-31.8439],[149.0159,-31.8843],[148.9931,-31.8815],[148.9881,-31.9093],[148.9702,-31.907],[149.0031,-31.936],[149.0316,-31.9234],[149.0113,-32.0386],[148.9971,-32.0367],[149.0236,-32.0874],[149.0197,-32.1089],[149.0557,-32.0999],[149.0596,-32.0872],[149.0962,-32.115],[149.1222,-32.101],[149.1629,-32.1244],[149.1743,-32.1222],[149.1697,-32.1025],[149.1938,-32.1044],[149.1973,-32.1446],[149.2115,-32.1504],[149.2206,-32.1825],[149.1988,-32.1868],[149.1924,-32.2018],[149.1907,-32.212],[149.203,-32.2136],[149.1892,-32.2906],[149.2397,-32.2992],[149.2854,-32.2886],[149.3051,-32.3047],[149.3352,-32.2851],[149.3265,-32.2604],[149.3737,-32.2158],[149.3731,-32.1899],[149.4133,-32.1755],[149.4118,-32.1382],[149.4291,-32.1354],[149.415,-32.0956],[149.4707,-32.1035],[149.4801,-32.0942],[149.4797,-32.1088],[149.495,-32.1021],[149.5003,-32.0732],[149.5328,-32.0895],[149.5732,-32.0864],[149.6028,-32.127],[149.6382,-32.1127],[149.7508,-32.1198],[149.7518,-32.0996],[149.7776,-32.0916],[149.8082,-32.0393],[149.8598,-32.0225],[149.8749,-32.0311],[149.8756,-31.9845],[149.8391,-31.9874],[149.9196,-31.8866],[150.024,-31.8288],[150.0699,-31.7654],[150.1106,-31.7461],[150.0751,-31.7399],[150.0458,-31.7142],[150.0522,-31.698],[150.0283,-31.6852],[149.9841,-31.7279],[149.9655,-31.701],[149.9048,-31.7068],[149.8663,-31.679],[149.8656,-31.638],[149.8409,-31.6161],[149.9011,-31.6244],[149.8929,-31.5926],[149.9149,-31.5601],[149.9044,-31.5369],[149.8669,-31.5373],[149.8829,-31.452],[149.9138,-31.4483],[149.8959,-31.4241],[149.8853,-31.3707],[149.8658,-31.3797],[149.8049,-31.3731],[149.8131,-31.3166],[149.7886,-31.3087],[149.7959,-31.2239],[149.8259,-31.2283],[149.8444,-31.1967],[149.8808,-31.2024],[149.8934,-31.1656],[149.888,-31.1174],[149.9048,-31.0974],[149.8198,-31.0845],[149.8468,-30.9388],[149.8353,-30.9372],[149.8382,-30.921],[149.8272,-30.9196],[149.8237,-30.9392],[149.7108,-30.9344],[149.7104,-30.9167],[149.6316,-30.9161],[149.6367,-30.8886],[149.6586,-30.884],[149.5185,-30.8632],[149.4952,-30.8929],[149.3112,-30.8635],[149.2074,-30.9063],[149.1549,-30.7849],[149.122,-30.7975],[149.128,-30.7743],[149.1114,-30.7518],[149.1197,-30.7162],[149.0478,-30.7132],[149.0362,-30.6561],[149.0525,-30.6398],[149.0256,-30.6056],[148.9697,-30.6194],[148.9751,-30.6345],[148.9483,-30.6547],[148.9228,-30.6243],[148.8107,-30.6736]]]},"properties":{"lga_code_2024":"18020","lga_name_2024":"Warrumbungle","state_name_2021":"New South Wales"},"id":18020},{"type":"Feature","geometry":{"type":"Polygon","coordinates":[[[151.2707,-33.911],[151.2859,-33.8919],[151.2863,-33.8576],[151.2657,-33.8872],[151.2409,-33.8898],[151.2416,-33.9027],[151.2707,-33.911]]]},"properties":{"lga_code_2024":"18050","lga_name_2024":"Waverley","state_name_2021":"New South Wales"},"id":18050},{"type":"Feature","geometry":{"type":"Polygon","coordinates":[[[147.7592,-34.1423],[147.8582,-34.1117],[147.9376,-34.1167],[147.9424,-34.0945],[148.0053,-34.0976],[148.0258,-34.1183],[148.0128,-34.0419],[148.015,-34.0292],[148.0296,-34.0282],[148.065,-34.0306],[148.0808,-34.0505],[148.1014,-34.0492],[148.1141,-34.068],[148.1462,-34.0805],[148.1527,-34.0574],[148.205,-34.0701],[148.2373,-34.0553],[148.2825,-34.0826],[148.3337,-34.0866],[148.3512,-34.101],[148.3498,-34.1154],[148.3845,-34.1306],[148.4084,-34.0777],[148.4391,-34.0739],[148.445,-33.9973],[148.4621,-33.9977],[148.4687,-33.9607],[148.5159,-33.9172],[148.4721,-33.8269],[148.4106,-33.8833],[148.3785,-33.8325],[148.3482,-33.8431],[148.3233,-33.8258],[148.3091,-33.8363],[148.3122,-33.8195],[148.325,-33.8212],[148.3562,-33.7819],[148.3709,-33.7438],[148.334,-33.7472],[148.3754,-33.6891],[148.3616,-33.6896],[148.3701,-33.6731],[148.3531,-33.671],[148.356,-33.6461],[148.3243,-33.6557],[148.1742,-33.6323],[148.1692,-33.6517],[148.1009,-33.6484],[148.0772,-33.704],[148.0826,-33.7205],[147.7924,-33.6866],[147.7641,-33.7071],[147.6711,-33.6957],[147.6777,-33.6584],[147.6642,-33.6567],[147.6826,-33.6239],[147.6019,-33.6137],[147.5092,-33.7076],[147.5231,-33.802],[147.5361,-33.7996],[147.5543,-33.8319],[147.5416,-33.8513],[147.5568,-33.8707],[147.5408,-33.9105],[147.7128,-33.9365],[147.7098,-33.9524],[147.7272,-33.9545],[147.7221,-33.9821],[147.7324,-33.9835],[147.7229,-33.9974],[147.7367,-33.9985],[147.7572,-34.059],[147.784,-34.0697],[147.7592,-34.1423]]]},"properties":{"lga_code_2024":"18100","lga_name_2024":"Weddin","state_name_2021":"New South Wales"},"id":18100},{"type":"Feature","geometry":{"type":"Polygon","coordinates":[[[142.4704,-34.5913],[142.5834,-34.558],[142.6125,-34.3713],[142.7888,-34.3893],[142.8327,-34.0913],[142.7444,-34.0818],[142.7601,-33.9792],[142.7966,-33.9829],[142.8059,-33.9219],[142.931,-33.9348],[142.9448,-33.8484],[142.9924,-33.8536],[143.0395,-33.5503],[143.2108,-33.5686],[143.2433,-33.3507],[143.2949,-33.3563],[143.3082,-33.2708],[143.3557,-33.2759],[143.3783,-33.1413],[143.5494,-33.1597],[143.5728,-33.0124],[143.6534,-33.0124],[143.6718,-32.9408],[143.5852,-32.931],[143.592,-32.8851],[143.5059,-32.876],[143.4996,-32.9183],[143.417,-32.9075],[143.4324,-32.8084],[142.9646,-32.7485],[142.9443,-32.8905],[142.5155,-32.8475],[142.5519,-32.9916],[142.548,-33.0171],[142.4245,-33.0052],[142.428,-32.979],[142.3765,-32.9737],[142.3721,-32.996],[142.3829,-33.0049],[142.3573,-33.0346],[142.3133,-33.0501],[142.3116,-33.0669],[142.2875,-33.0849],[142.3019,-33.0922],[142.287,-33.1074],[142.2928,-33.117],[142.2215,-33.1289],[142.2245,-33.12],[142.1057,-33.1124],[142.1078,-33.0901],[142.0229,-33.0848],[142.0384,-33.1439],[141.5608,-33.0963],[141.5732,-33.0056],[141.4026,-32.9877],[141.348,-33.3667],[141.3058,-33.3625],[141.3087,-33.3414],[141.2666,-33.3372],[141.264,-33.3558],[141.0024,-33.329],[141.003,-34.0225],[141.0124,-34.0247],[141.0017,-34.0382],[141.0192,-34.0571],[141.0349,-34.0357],[141.0425,-34.0611],[141.0656,-34.0501],[141.0892,-34.0767],[141.0942,-34.0507],[141.1203,-34.0649],[141.1531,-34.0545],[141.1438,-34.0678],[141.1537,-34.0821],[141.1747,-34.0733],[141.1862,-34.092],[141.2059,-34.0617],[141.2285,-34.0737],[141.2418,-34.0613],[141.2425,-34.0873],[141.2596,-34.0781],[141.2837,-34.1039],[141.3175,-34.1124],[141.3249,-34.1388],[141.359,-34.1107],[141.3881,-34.1347],[141.4082,-34.1279],[141.4074,-34.1464],[141.4339,-34.1459],[141.4445,-34.168],[141.4968,-34.1555],[141.5187,-34.1809],[141.5067,-34.1906],[141.5186,-34.2032],[141.5101,-34.2165],[141.5339,-34.2107],[141.5335,-34.1914],[141.5477,-34.2008],[141.6033,-34.1912],[141.5894,-34.1774],[141.603,-34.1623],[141.5839,-34.152],[141.6185,-34.1563],[141.6118,-34.139],[141.628,-34.1454],[141.6327,-34.1215],[141.6774,-34.1012],[141.7083,-34.0964],[141.719,-34.1149],[141.7315,-34.091],[141.7463,-34.1034],[141.7618,-34.0975],[141.7569,-34.1121],[141.7779,-34.1018],[141.7769,-34.1169],[141.8766,-34.1374],[141.8847,-34.115],[141.9035,-34.1112],[141.9226,-34.1146],[141.9341,-34.1383],[141.945,-34.1195],[141.9704,-34.1361],[141.9777,-34.1127],[142.0222,-34.1252],[142.0133,-34.1054],[142.0378,-34.0998],[142.0296,-34.1261],[142.0756,-34.1314],[142.0653,-34.1506],[142.0828,-34.1735],[142.1196,-34.1749],[142.1201,-34.1569],[142.138,-34.1601],[142.1487,-34.1488],[142.1666,-34.1531],[142.1661,-34.1829],[142.1839,-34.1757],[142.228,-34.1895],[142.2295,-34.2081],[142.2442,-34.2115],[142.2353,-34.2237],[142.2436,-34.2458],[142.2324,-34.2561],[142.2496,-34.2669],[142.2359,-34.307],[142.2861,-34.2965],[142.2989,-34.3057],[142.284,-34.3108],[142.2839,-34.3266],[142.3309,-34.3394],[142.3677,-34.3269],[142.3962,-34.3372],[142.3845,-34.3469],[142.3904,-34.3623],[142.3635,-34.3622],[142.3783,-34.3648],[142.3681,-34.3707],[142.3739,-34.3882],[142.351,-34.3966],[142.3607,-34.4118],[142.3518,-34.4223],[142.3679,-34.4354],[142.3533,-34.4696],[142.3793,-34.4667],[142.3842,-34.4781],[142.3596,-34.4988],[142.3947,-34.4935],[142.3749,-34.5153],[142.3999,-34.5223],[142.3677,-34.5304],[142.3902,-34.5491],[142.4056,-34.5415],[142.4077,-34.568],[142.4261,-34.5623],[142.4516,-34.5843],[142.4488,-34.5596],[142.465,-34.5618],[142.4727,-34.5767],[142.4584,-34.5877],[142.4704,-34.5913]]]},"properties":{"lga_code_2024":"18200","lga_name_2024":"Wentworth","state_name_2021":"New South Wales"},"id":18200},{"type":"Feature","geometry":{"type":"Polygon","coordinates":[[[151.1436,-33.8029],[151.1793,-33.8055],[151.1904,-33.8248],[151.2321,-33.8137],[151.2173,-33.8054],[151.2308,-33.7955],[151.2147,-33.7899],[151.233,-33.7898],[151.2083,-33.7785],[151.1436,-33.8029]]]},"properties":{"lga_code_2024":"18250","lga_name_2024":"Willoughby","state_name_2021":"New South Wales"},"id":18250},{"type":"Feature","geometry":{"type":"Polygon","coordinates":[[[150.0829,-34.5823],[150.0991,-34.5845],[150.0901,-34.6143],[150.0996,-34.6273],[150.0778,-34.6411],[150.0985,-34.6551],[150.0926,-34.6804],[150.1785,-34.7281],[150.1692,-34.7692],[150.2685,-34.7317],[150.3035,-34.7339],[150.3335,-34.7524],[150.359,-34.7482],[150.3939,-34.7069],[150.4692,-34.6782],[150.4983,-34.6819],[150.5263,-34.6571],[150.5387,-34.6651],[150.559,-34.6386],[150.5593,-34.6833],[150.5771,-34.6955],[150.5907,-34.6471],[150.604,-34.6519],[150.668,-34.6096],[150.6931,-34.6073],[150.6642,-34.5812],[150.6408,-34.5774],[150.6398,-34.5605],[150.6553,-34.5466],[150.6351,-34.5432],[150.7457,-34.3374],[150.6015,-34.3144],[150.5621,-34.3312],[150.5631,-34.2975],[150.5393,-34.2899],[150.5482,-34.2645],[150.2771,-34.2272],[150.2662,-34.2126],[150.2311,-34.2305],[150.2238,-34.2734],[150.1985,-34.3033],[150.1781,-34.3078],[150.1385,-34.2997],[150.0968,-34.2783],[150.0962,-34.2664],[150.0497,-34.2733],[149.9915,-34.2586],[149.9881,-34.2977],[149.9744,-34.2959],[149.964,-34.3149],[149.9841,-34.3444],[150.0014,-34.346],[150.0188,-34.3674],[150.0366,-34.3542],[150.0918,-34.3472],[150.1033,-34.3569],[150.097,-34.3709],[150.1232,-34.3751],[150.1067,-34.3897],[150.1148,-34.4124],[150.0589,-34.4655],[150.093,-34.5122],[150.067,-34.5115],[150.0456,-34.5262],[150.0944,-34.5553],[150.0829,-34.5823]]]},"properties":{"lga_code_2024":"18350","lga_name_2024":"Wingecarribee","state_name_2021":"New South Wales"},"id":18350},{"type":"Feature","geometry":{"type":"Polygon","coordinates":[[[150.1852,-33.8804],[150.1559,-33.8931],[150.1691,-33.899],[150.1756,-33.9452],[150.1904,-33.9504],[150.2148,-33.9364],[150.217,-33.9478],[150.2412,-33.952],[150.2016,-34.0049],[150.1449,-34.0436],[150.1457,-34.0714],[150.117,-34.0779],[150.1177,-34.092],[150.109,-34.0849],[150.1053,-34.1182],[150.125,-34.1492],[150.0855,-34.1206],[150.0712,-34.1316],[150.0376,-34.1208],[150.0152,-34.1422],[150.0463,-34.1475],[150.0609,-34.1723],[150.066,-34.1953],[150.0498,-34.2342],[150.0618,-34.2377],[150.0529,-34.2501],[150.0605,-34.2686],[150.0962,-34.2664],[150.0968,-34.2783],[150.1602,-34.3073],[150.197,-34.3041],[150.2248,-34.2718],[150.2299,-34.2318],[150.2662,-34.2126],[150.2771,-34.2272],[150.5482,-34.2645],[150.5393,-34.2899],[150.5631,-34.2975],[150.5621,-34.3312],[150.6015,-34.3144],[150.7457,-34.3374],[150.7509,-34.3019],[150.8168,-34.3064],[150.8052,-34.2713],[150.8528,-34.28],[150.8975,-34.2333],[150.89,-34.2126],[150.9082,-34.2152],[150.9022,-34.19],[150.7521,-34.1639],[150.7567,-34.1219],[150.7377,-34.1146],[150.7393,-34.0776],[150.7066,-34.0776],[150.7094,-34.0934],[150.6489,-34.082],[150.6721,-34.0292],[150.6499,-34.0084],[150.6709,-33.9885],[150.6286,-33.9725],[150.6298,-33.9574],[150.6182,-33.9556],[150.6271,-33.9354],[150.6183,-33.9267],[150.6392,-33.9297],[150.6491,-33.9158],[150.6345,-33.9022],[150.6361,-33.8562],[150.5745,-33.8718],[150.5443,-33.8954],[150.5016,-33.8649],[150.4642,-33.9006],[150.4054,-33.8628],[150.4179,-33.8094],[150.3648,-33.8017],[150.3591,-33.8377],[150.334,-33.8477],[150.3406,-33.8565],[150.3016,-33.8455],[150.2352,-33.8844],[150.1852,-33.8804]]]},"properties":{"lga_code_2024":"18400","lga_name_2024":"Wollondilly","state_name_2021":"New South Wales"},"id":18400},{"type":"Feature","geometry":{"type":"MultiPolygon","coordinates":[[[[151.0662,-34.1723],[151.0159,-34.1664],[151.0221,-34.1557],[150.9799,-34.1384],[150.9226,-34.13],[150.8989,-34.1873],[150.9082,-34.215],[150.89,-34.2126],[150.898,-34.2324],[150.8805,-34.2589],[150.8528,-34.28],[150.8052,-34.2713],[150.8168,-34.3064],[150.7509,-34.3019],[150.7457,-34.3374],[150.6363,-34.5461],[150.8036,-34.5526],[150.7968,-34.5462],[150.8135,-34.5342],[150.8154,-34.502],[150.8296,-34.5047],[150.8324,-34.4863],[150.8539,-34.4836],[150.8866,-34.4916],[150.8627,-34.5291],[150.8748,-34.5423],[150.8914,-34.5064],[150.922,-34.4938],[150.9136,-34.4648],[150.9079,-34.4755],[150.8841,-34.4577],[150.8949,-34.451],[150.9098,-34.4648],[150.9021,-34.4077],[150.9313,-34.3688],[150.9194,-34.3586],[150.9264,-34.3194],[150.9878,-34.2327],[151.0662,-34.1723]]],[[[150.9366,-34.4946],[150.9383,-34.4951],[150.9389,-34.4944],[150.9366,-34.4946]]],[[[150.9471,-34.4645],[150.9443,-34.4643],[150.9455,-34.4655],[150.9471,-34.4645]]],[[[150.9291,-34.4919],[150.9357,-34.4929],[150.9278,-34.4884],[150.9291,-34.4919]]],[[[150.929,-34.4561],[150.9309,-34.4568],[150.9299,-34.4543],[150.929,-34.4561]]],[[[150.9235,-34.4903],[150.9244,-34.4903],[150.9236,-34.4898],[150.9235,-34.4903]]]]},"properties":{"lga_code_2024":"18450","lga_name_2024":"Wollongong","state_name_2021":"New South Wales"},"id":18450},{"type":"Feature","geometry":{"type":"MultiPolygon","coordinates":[[[[151.2863,-33.8576],[151.2804,-33.8327],[151.2776,-33.8511],[151.2644,-33.8509],[151.2676,-33.8702],[151.237,-33.8671],[151.2192,-33.8816],[151.2643,-33.888],[151.2863,-33.8576]]],[[[151.2816,-33.8332],[151.2816,-33.8325],[151.2812,-33.8327],[151.2816,-33.8332]]],[[[151.2705,-33.8479],[151.271,-33.8472],[151.2705,-33.8475],[151.2705,-33.8479]]]]},"properties":{"lga_code_2024":"18500","lga_name_2024":"Woollahra","state_name_2021":"New South Wales"},"id":18500},{"type":"Feature","geometry":{"type":"Polygon","coordinates":[[[148.5223,-34.9015],[148.5349,-34.9157],[148.55,-34.9101],[148.536,-34.9285],[148.5431,-34.9523],[148.5321,-34.9913],[148.5587,-34.9876],[148.5609,-35.005],[148.5831,-35.0026],[148.565,-35.0544],[148.5686,-35.0916],[148.5442,-35.1204],[148.5608,-35.1447],[148.5821,-35.1517],[148.5816,-35.1923],[148.5442,-35.2393],[148.7531,-35.2579],[148.7672,-35.2736],[148.7639,-35.3169],[148.8037,-35.3168],[149.1209,-35.1244],[149.1856,-35.1611],[149.197,-35.1854],[149.1895,-35.2033],[149.2365,-35.181],[149.2989,-35.1733],[149.3722,-35.1051],[149.3802,-35.0059],[149.4226,-34.9295],[149.3871,-34.9215],[149.3746,-34.9488],[149.3367,-34.9488],[149.3464,-34.923],[149.3306,-34.91],[149.2804,-34.9117],[149.271,-34.8867],[149.2297,-34.9054],[149.2122,-34.9035],[149.2176,-34.8902],[149.1871,-34.8945],[149.1562,-34.8754],[149.1454,-34.8896],[149.1219,-34.8888],[149.1121,-34.8656],[149.0679,-34.8552],[149.0605,-34.8312],[149.0435,-34.829],[149.0427,-34.8029],[149.022,-34.781],[149.038,-34.7674],[149.022,-34.7479],[149.026,-34.7276],[149.0033,-34.7243],[148.9904,-34.7062],[148.9653,-34.7183],[148.938,-34.7033],[148.9471,-34.7003],[148.9476,-34.6441],[148.8909,-34.6426],[148.895,-34.6236],[148.8418,-34.5659],[148.8167,-34.5566],[148.7655,-34.5711],[148.7477,-34.5563],[148.7393,-34.5693],[148.7156,-34.566],[148.7115,-34.5527],[148.6879,-34.5587],[148.6755,-34.5487],[148.6802,-34.5356],[148.6536,-34.5424],[148.6473,-34.5627],[148.6704,-34.5893],[148.6596,-34.6143],[148.6291,-34.6107],[148.6264,-34.6229],[148.5867,-34.6274],[148.5633,-34.7069],[148.5744,-34.7084],[148.5815,-34.8068],[148.5634,-34.8055],[148.5586,-34.8594],[148.5452,-34.8557],[148.5392,-34.8737],[148.5279,-34.8722],[148.5223,-34.9015]]]},"properties":{"lga_code_2024":"18710","lga_name_2024":"Yass Valley","state_name_2021":"New South Wales"},"id":18710},{"type":"Feature","geometry":{"type":"MultiPolygon","coordinates":[[[[141.0024,-33.329],[141.264,-33.3558],[141.2666,-33.3372],[141.3087,-33.3414],[141.3058,-33.3625],[141.348,-33.3667],[141.4026,-32.9877],[141.5732,-33.0056],[141.5608,-33.0963],[142.0384,-33.1439],[142.0229,-33.0848],[142.1078,-33.0901],[142.1057,-33.1124],[142.2245,-33.12],[142.2215,-33.1289],[142.2428,-33.1309],[142.2446,-33.1195],[142.2934,-33.1166],[142.287,-33.1074],[142.3019,-33.0922],[142.2875,-33.0849],[142.3116,-33.0669],[142.3133,-33.0501],[142.3655,-33.0285],[142.3848,-33.0005],[142.3721,-32.996],[142.3727,-32.961],[142.3582,-32.9582],[142.3774,-32.9281],[142.3613,-32.9215],[142.3764,-32.9077],[142.3466,-32.8926],[142.3705,-32.8775],[142.3587,-32.8626],[142.3648,-32.8452],[142.3432,-32.8285],[142.366,-32.814],[142.375,-32.7857],[142.3862,-32.7924],[142.3881,-32.7696],[142.2365,-32.7548],[142.2484,-32.6105],[142.1312,-32.5962],[142.0982,-32.5251],[142.1161,-32.5153],[142.1144,-32.4794],[142.0918,-32.4679],[142.1115,-32.3674],[142.2375,-32.3794],[142.2602,-32.3683],[142.2435,-32.3489],[142.254,-32.3517],[142.2735,-32.2845],[142.2959,-32.2753],[142.2954,-32.2142],[142.3455,-32.2245],[142.3702,-32.2077],[142.3719,-32.1224],[142.6942,-31.8681],[142.6802,-31.8568],[142.7277,-31.8241],[142.7851,-31.8386],[142.8099,-31.8694],[142.8576,-31.8234],[142.8211,-31.7945],[142.8917,-31.7324],[142.8256,-31.6708],[142.8299,-31.638],[142.7863,-31.6151],[142.8235,-31.5896],[142.7265,-31.5145],[142.7261,-31.3358],[142.7559,-31.3356],[142.7554,-31.0701],[142.5848,-31.0704],[142.5853,-31.0041],[142.741,-31.0048],[142.7393,-30.7134],[142.764,-30.7134],[142.7637,-30.6052],[142.8533,-30.6049],[142.8535,-30.4636],[143.0211,-30.4628],[143.0204,-30.3159],[143.2902,-30.314],[143.2921,-30.3018],[143.4975,-30.3232],[143.509,-30.2426],[143.9422,-30.2897],[143.9412,-30.2731],[144.0396,-30.2814],[144.0268,-30.3244],[144.1135,-30.3319],[144.0924,-30.3866],[144.1261,-30.424],[144.1977,-30.372],[144.1876,-30.3607],[144.3452,-30.2539],[144.2098,-30.2398],[144.2344,-30.0799],[144.0654,-30.0557],[144.0955,-30.0423],[144.1328,-29.9859],[144.1287,-29.9398],[144.1402,-29.9375],[144.1445,-29.8848],[144.1369,-29.8416],[144.1108,-29.8166],[144.1396,-29.7747],[144.1314,-29.734],[144.147,-29.6967],[144.1375,-29.6876],[144.1657,-29.6912],[144.2044,-29.636],[144.2293,-29.6229],[144.2429,-29.5909],[144.2824,-29.5715],[144.3252,-29.5189],[144.374,-29.485],[144.4126,-29.4304],[144.4243,-29.3697],[144.4056,-29.3096],[144.4688,-29.2318],[144.4613,-29.218],[144.4808,-29.1686],[144.4415,-29.1043],[144.3846,-29.1107],[144.3573,-29.0861],[144.3694,-29.0287],[144.3929,-28.9991],[140.9993,-28.9991],[141.0024,-33.329]],[[141.414,-31.9388],[141.4127,-31.8864],[141.5635,-31.885],[141.5563,-31.9028],[141.566,-31.9076],[141.5459,-31.9137],[141.5426,-32.0024],[141.483,-32.0025],[141.4784,-32.0191],[141.4598,-32.0116],[141.463,-32.0025],[141.4121,-32.0026],[141.3928,-31.9798],[141.413,-31.972],[141.414,-31.9388]]],[[[151.2586,-33.8597],[151.2578,-33.8576],[151.2571,-33.8576],[151.2586,-33.8597]]],[[[151.2254,-33.8553],[151.2261,-33.8547],[151.2252,-33.8549],[151.2254,-33.8553]]],[[[159.1069,-31.54],[159.1073,-31.5419],[159.1092,-31.5391],[159.1069,-31.54]]],[[[159.1054,-31.5405],[159.1057,-31.5407],[159.1058,-31.5398],[159.1054,-31.5405]]],[[[151.1947,-33.8533],[151.1967,-33.8537],[151.1989,-33.8509],[151.1947,-33.8533]]],[[[159.0714,-31.5993],[159.0734,-31.5993],[159.072,-31.5987],[159.0714,-31.5993]]],[[[159.0727,-31.5017],[159.0723,-31.5027],[159.0739,-31.5018],[159.0727,-31.5017]]],[[[159.0685,-31.5011],[159.0696,-31.4971],[159.0655,-31.4975],[159.0685,-31.5011]]],[[[159.0642,-31.5016],[159.0651,-31.5016],[159.0644,-31.501],[159.0642,-31.5016]]],[[[159.0675,-31.5046],[159.0688,-31.5042],[159.0679,-31.5036],[159.0675,-31.5046]]],[[[159.0623,-31.5089],[159.0631,-31.5092],[159.0637,-31.5087],[159.0623,-31.5089]]],[[[159.0708,-31.5361],[159.0736,-31.5978],[159.1042,-31.5581],[159.0647,-31.5097],[159.038,-31.5122],[159.0708,-31.5361]]],[[[159.061,-31.5346],[159.0582,-31.5349],[159.0603,-31.5354],[159.061,-31.5346]]],[[[159.07,-31.4963],[159.071,-31.4962],[159.0707,-31.494],[159.07,-31.4963]]],[[[159.0718,-31.4873],[159.0709,-31.487],[159.0706,-31.4883],[159.0718,-31.4873]]]]},"properties":{"lga_code_2024":"19399","lga_name_2024":"Unincorporated NSW","state_name_2021":"New South Wales"},"id":19399}]}