{"type":"FeatureCollection","features":[{"type":"Feature","geometry":{"type":"Polygon","coordinates":[[[145.1957,-37.8652],[145.2133,-37.841],[145.2108,-37.8085],[145.1054,-37.7933],[145.0951,-37.8533],[145.1957,-37.8652]]]},"properties":{"lga_code_2024":"26980","lga_name_2024":"Whitehorse","state_name_2021":"Victoria"},"id":26980},{"type":"Feature","geometry":{"type":"Polygon","coordinates":[[[144.9772,-37.5137],[144.9726,-37.5353],[144.9538,-37.5451],[144.9653,-37.5735],[144.9465,-37.6074],[144.9763,-37.6501],[144.9707,-37.6882],[145.0582,-37.7],[145.0682,-37.6861],[145.1019,-37.6872],[145.0839,-37.6691],[145.1078,-37.6582],[145.1087,-37.6312],[145.1358,-37.6199],[145.1444,-37.5703],[145.1799,-37.5364],[145.2055,-37.5392],[145.1967,-37.5237],[145.2344,-37.5173],[145.2263,-37.5087],[145.241,-37.4777],[145.1857,-37.444],[145.1865,-37.4222],[145.1546,-37.4129],[145.1413,-37.4282],[145.1111,-37.4018],[145.0793,-37.4263],[145.0808,-37.4398],[145.0678,-37.4386],[145.0729,-37.4506],[145.0008,-37.4424],[144.987,-37.4999],[145.0072,-37.5022],[144.9772,-37.5137]]]},"properties":{"lga_code_2024":"27070","lga_name_2024":"Whittlesea","state_name_2021":"Victoria"},"id":27070},{"type":"Feature","geometry":{"type":"Polygon","coordinates":[[[147.0739,-36.1895],[147.0074,-36.0837],[146.9813,-36.0949],[146.9565,-36.0781],[146.9524,-36.1109],[146.934,-36.1115],[146.9264,-36.0972],[146.9135,-36.1128],[146.9051,-36.0839],[146.8806,-36.0875],[146.8651,-36.0729],[146.8572,-36.0849],[146.8255,-36.0888],[146.8253,-36.0704],[146.8163,-36.0744],[146.8039,-36.0552],[146.7962,-36.0651],[146.7623,-36.0517],[146.7499,-36.0613],[146.7528,-36.0419],[146.7352,-36.0481],[146.7287,-36.0298],[146.7116,-36.046],[146.7066,-36.1257],[146.7748,-36.1275],[146.7905,-36.1652],[146.7848,-36.2001],[146.8113,-36.2182],[146.8037,-36.2353],[146.8223,-36.2574],[146.8561,-36.2579],[146.9194,-36.2221],[146.9608,-36.2447],[147.0012,-36.229],[147.0028,-36.2072],[147.0326,-36.2051],[147.0368,-36.1848],[147.0739,-36.1895]]]},"properties":{"lga_code_2024":"27170","lga_name_2024":"Wodonga","state_name_2021":"Victoria"},"id":27170},{"type":"Feature","geometry":{"type":"Polygon","coordinates":[[[144.4777,-37.781],[144.4668,-37.8391],[144.449,-37.8371],[144.4441,-37.864],[144.4808,-37.8903],[144.4773,-37.9464],[144.4959,-37.9745],[144.5475,-37.9719],[144.5925,-38.0046],[144.6516,-38.0016],[144.7356,-37.9431],[144.7992,-37.9232],[144.8045,-37.8944],[144.7814,-37.8995],[144.7728,-37.885],[144.7517,-37.8867],[144.7524,-37.8765],[144.7689,-37.8512],[144.8274,-37.8228],[144.5888,-37.7931],[144.5774,-37.8069],[144.4777,-37.781]]]},"properties":{"lga_code_2024":"27260","lga_name_2024":"Wyndham","state_name_2021":"Victoria"},"id":27260},{"type":"Feature","geometry":{"type":"Polygon","coordinates":[[[144.9885,-37.7764],[144.9615,-37.7782],[144.9732,-37.8079],[144.9914,-37.8097],[144.9911,-37.8331],[145.0253,-37.8342],[144.9993,-37.7972],[145.02,-37.8035],[145.0132,-37.7857],[145.0452,-37.784],[144.9885,-37.7764]]]},"properties":{"lga_code_2024":"27350","lga_name_2024":"Yarra","state_name_2021":"Victoria"},"id":27350},{"type":"Feature","geometry":{"type":"Polygon","coordinates":[[[145.3792,-37.975],[145.388,-37.971],[145.3855,-37.9277],[145.5077,-37.8998],[145.5269,-37.8853],[145.5191,-37.8578],[145.5533,-37.8736],[145.569,-37.898],[145.6279,-37.904],[145.6259,-37.9176],[145.6707,-37.9071],[145.6869,-37.8808],[145.7215,-37.8852],[145.7292,-37.9029],[145.7483,-37.9075],[145.7695,-37.8809],[145.8042,-37.8735],[145.8033,-37.8607],[145.8176,-37.8578],[145.8043,-37.851],[145.8085,-37.8298],[145.7937,-37.8261],[145.8091,-37.8077],[145.8285,-37.8123],[145.8447,-37.7976],[145.8927,-37.8254],[145.9055,-37.8164],[145.9264,-37.8296],[145.9175,-37.7775],[145.9436,-37.7582],[146.0386,-37.7745],[146.0891,-37.7538],[146.1338,-37.788],[146.1632,-37.7473],[146.1355,-37.7021],[146.1427,-37.6914],[146.1297,-37.6481],[146.1442,-37.6274],[146.1648,-37.623],[146.1613,-37.5963],[146.172,-37.5995],[146.1864,-37.5801],[146.1919,-37.5875],[146.1874,-37.5363],[145.8263,-37.5281],[145.8092,-37.5644],[145.7554,-37.5748],[145.7387,-37.5664],[145.7373,-37.594],[145.6759,-37.6242],[145.5999,-37.5661],[145.578,-37.5721],[145.5626,-37.5932],[145.5315,-37.5569],[145.4699,-37.5577],[145.4182,-37.5264],[145.3664,-37.5451],[145.3539,-37.6439],[145.3304,-37.6719],[145.331,-37.6922],[145.3171,-37.692],[145.322,-37.7075],[145.2936,-37.7122],[145.2817,-37.7426],[145.3079,-37.7776],[145.3043,-37.8215],[145.3168,-37.8182],[145.3178,-37.845],[145.3476,-37.8594],[145.3021,-37.8642],[145.3045,-37.888],[145.3242,-37.8995],[145.2945,-37.9003],[145.3039,-37.9334],[145.2932,-37.9649],[145.3792,-37.975]]]},"properties":{"lga_code_2024":"27450","lga_name_2024":"Yarra Ranges","state_name_2021":"Victoria"},"id":27450},{"type":"Feature","geometry":{"type":"Polygon","coordinates":[[[142.1659,-36.4327],[142.4048,-36.4495],[142.382,-36.5738],[142.389,-36.5899],[142.3719,-36.6133],[142.3698,-36.646],[142.4001,-36.6994],[142.4626,-36.7349],[142.4696,-36.7615],[142.7315,-36.7614],[142.7141,-36.721],[142.7639,-36.6567],[142.7947,-36.6395],[142.8164,-36.5943],[142.8164,-36.5723],[142.7317,-36.5508],[142.7319,-36.4977],[142.7894,-36.4959],[142.7894,-36.4733],[142.8168,-36.4523],[142.8167,-36.4375],[142.7986,-36.4376],[142.7987,-36.4081],[142.7318,-36.4052],[142.743,-36.3931],[142.7316,-36.3757],[142.7316,-36.2986],[142.7192,-36.3072],[142.7431,-36.2646],[142.7221,-36.2623],[142.7221,-36.2394],[142.7475,-36.1539],[142.7278,-36.1478],[142.7318,-36.1034],[142.6809,-36.0963],[142.6316,-36.1253],[142.6042,-36.1205],[142.6011,-35.7364],[142.7218,-35.736],[142.7225,-35.4753],[142.5433,-35.4758],[142.5358,-35.3029],[142.2894,-35.2909],[142.2439,-35.311],[142.1951,-35.3132],[142.1813,-35.3319],[142.1991,-35.3537],[142.1791,-35.354],[142.1736,-35.3759],[142.2068,-35.4501],[142.1685,-35.4499],[142.1669,-35.4784],[142.1422,-35.4801],[142.1006,-35.4664],[141.9975,-35.4635],[141.9922,-35.7108],[142.0102,-35.7552],[141.9971,-35.8674],[142.239,-35.8683],[142.239,-35.9979],[142.1684,-35.9979],[142.1659,-36.4327]]]},"properties":{"lga_code_2024":"27630","lga_name_2024":"Yarriambiack","state_name_2021":"Victoria"},"id":27630},{"type":"Feature","geometry":{"type":"MultiPolygon","coordinates":[[[[145.2737,-38.3617],[145.2699,-38.4089],[145.2871,-38.3957],[145.3526,-38.42],[145.3615,-38.4065],[145.3859,-38.4067],[145.4061,-38.3728],[145.5034,-38.3533],[145.4524,-38.3069],[145.352,-38.3113],[145.2981,-38.282],[145.2737,-38.3617]]],[[[146.2929,-39.1578],[146.2949,-39.159],[146.2961,-39.1565],[146.2929,-39.1578]]],[[[146.2985,-39.1556],[146.2993,-39.1554],[146.2995,-39.1546],[146.2985,-39.1556]]],[[[146.2314,-39.0885],[146.2367,-39.0979],[146.2414,-39.0888],[146.2222,-39.0713],[146.2314,-39.0885]]],[[[146.2392,-39.0191],[146.242,-39.0295],[146.2462,-39.0244],[146.2392,-39.0191]]],[[[146.2239,-38.9697],[146.2339,-38.9679],[146.224,-38.9667],[146.2239,-38.9697]]],[[[146.514,-38.9102],[146.5058,-38.9134],[146.512,-38.9137],[146.514,-38.9102]]],[[[146.3679,-38.8419],[146.3707,-38.8438],[146.3709,-38.8411],[146.3679,-38.8419]]],[[[146.3939,-38.8064],[146.3926,-38.8074],[146.3943,-38.807],[146.3939,-38.8064]]],[[[146.2321,-37.8478],[146.237,-37.8562],[146.2793,-37.8418],[146.2783,-37.8331],[146.2442,-37.839],[146.2362,-37.855],[146.2321,-37.8478]]],[[[149.9058,-37.5644],[149.9185,-37.5684],[149.9048,-37.5483],[149.9058,-37.5644]]],[[[146.3023,-39.1542],[146.3029,-39.1539],[146.3022,-39.1532],[146.3023,-39.1542]]],[[[146.3562,-39.1388],[146.3595,-39.1408],[146.3683,-39.1391],[146.3562,-39.1388]]],[[[146.2345,-39.1144],[146.2371,-39.1178],[146.2393,-39.1142],[146.2345,-39.1144]]],[[[146.2374,-39.1093],[146.2414,-39.108],[146.2366,-39.101],[146.2374,-39.1093]]],[[[146.2768,-38.7724],[146.2797,-38.7716],[146.2769,-38.7711],[146.2768,-38.7724]]],[[[142.0087,-38.4172],[141.9935,-38.4174],[141.9988,-38.4255],[142.0087,-38.4172]]],[[[145.2129,-38.3289],[145.2094,-38.3268],[145.2085,-38.3329],[145.2129,-38.3289]]],[[[146.2403,-39.1157],[146.2437,-39.117],[146.2423,-39.114],[146.2403,-39.1157]]],[[[146.3217,-39.1446],[146.3292,-39.1394],[146.3121,-39.1348],[146.3217,-39.1446]]],[[[145.3481,-38.4218],[145.3483,-38.4216],[145.3481,-38.4214],[145.3481,-38.4218]]],[[[147.0635,-36.9967],[147.0736,-37.0174],[147.1332,-36.9967],[147.1382,-36.9846],[147.1509,-37.0116],[147.1652,-37.006],[147.1981,-37.0217],[147.1832,-36.9953],[147.1915,-36.9879],[147.1671,-36.9909],[147.1501,-36.9581],[147.1343,-36.9585],[147.0971,-37.0021],[147.0635,-36.9967]]],[[[146.3105,-39.1573],[146.3154,-39.1566],[146.3089,-39.15],[146.3105,-39.1573]]],[[[146.3047,-39.1519],[146.3056,-39.1517],[146.3045,-39.1512],[146.3047,-39.1519]]],[[[147.2887,-36.8745],[147.2584,-36.8364],[147.2452,-36.8436],[147.2478,-36.8661],[147.235,-36.8695],[147.245,-36.8834],[147.2887,-36.8745]]],[[[145.3661,-38.4164],[145.3721,-38.4176],[145.3688,-38.4113],[145.3661,-38.4164]]],[[[146.4212,-37.1024],[146.3955,-37.1108],[146.4396,-37.1194],[146.4346,-37.1365],[146.4141,-37.1465],[146.432,-37.1649],[146.4791,-37.1619],[146.4904,-37.1457],[146.5144,-37.1501],[146.5086,-37.1343],[146.54,-37.1236],[146.5308,-37.1147],[146.5481,-37.1018],[146.51,-37.1065],[146.5139,-37.1195],[146.4906,-37.1022],[146.4658,-37.0997],[146.4588,-37.1131],[146.4212,-37.1024]]],[[[145.8833,-37.527],[145.8816,-37.4922],[145.8729,-37.4937],[145.8733,-37.525],[145.8479,-37.5164],[145.8369,-37.5319],[145.8833,-37.527]]]]},"properties":{"lga_code_2024":"29399","lga_name_2024":"Unincorporated Vic","state_name_2021":"Victoria"},"id":29399},{"type":"Feature","geometry":{"type":"Polygon","coordinates":[[[146.6515,-37.12],[146.7176,-37.1588],[146.7634,-37.146],[146.8263,-37.2038],[147.337,-37.2755],[147.3848,-37.2116],[147.3315,-37.153],[147.3164,-37.1139],[147.3592,-37.1143],[147.3805,-37.0987],[147.3892,-37.0316],[147.35,-37.0364],[147.2938,-37.007],[147.2633,-37.0067],[147.2893,-36.9052],[147.3417,-36.8618],[147.3333,-36.8299],[147.2829,-36.827],[147.2935,-36.811],[147.2679,-36.7798],[147.2902,-36.7657],[147.2905,-36.7378],[147.3124,-36.7317],[147.3142,-36.7007],[147.2549,-36.6709],[147.2157,-36.671],[147.1733,-36.6388],[147.1703,-36.5829],[147.1259,-36.5514],[147.1291,-36.5331],[147.1069,-36.4877],[147.1098,-36.4727],[147.1256,-36.4677],[147.1208,-36.425],[147.0815,-36.4178],[147.0461,-36.4273],[147.0359,-36.4045],[147.0457,-36.3949],[147.0176,-36.3927],[146.9348,-36.4083],[146.8815,-36.4543],[146.8526,-36.4426],[146.8509,-36.4514],[146.8035,-36.4466],[146.7258,-36.4592],[146.7119,-36.4816],[146.6483,-36.4909],[146.6343,-36.5225],[146.6616,-36.5238],[146.6702,-36.5357],[146.6582,-36.5529],[146.6705,-36.569],[146.622,-36.6313],[146.6155,-36.6531],[146.6309,-36.6828],[146.5665,-36.7411],[146.6426,-36.8128],[146.6257,-36.8566],[146.6439,-36.8698],[146.6436,-36.9352],[146.6546,-36.9701],[146.6723,-36.9828],[146.674,-37.1133],[146.6515,-37.12]],[[147.2887,-36.8745],[147.245,-36.8834],[147.235,-36.8695],[147.2478,-36.8661],[147.2452,-36.8436],[147.2584,-36.8364],[147.2887,-36.8745]],[[147.0635,-36.9967],[147.0971,-37.0021],[147.1343,-36.9585],[147.1501,-36.9581],[147.1671,-36.9909],[147.1915,-36.9879],[147.1832,-36.9953],[147.1981,-37.0217],[147.1652,-37.006],[147.1509,-37.0116],[147.1382,-36.9846],[147.1332,-36.9967],[147.0736,-37.0174],[147.0635,-36.9967]]]},"properties":{"lga_code_2024":"20110","lga_name_2024":"Alpine","state_name_2021":"Victoria"},"id":20110},{"type":"Feature","geometry":{"type":"Polygon","coordinates":[[[142.5164,-37.2932],[142.478,-37.4009],[142.3791,-37.5106],[142.3535,-37.598],[142.5871,-37.627],[142.6188,-37.6468],[142.5902,-37.7651],[142.6147,-37.8103],[142.6731,-37.8166],[142.6648,-37.83],[142.7017,-37.8347],[142.7577,-37.8127],[142.8397,-37.8221],[142.8422,-37.8079],[142.8614,-37.8065],[142.8795,-37.8084],[142.8794,-37.8366],[143.0072,-37.7656],[143.0167,-37.7667],[143.0131,-37.7869],[143.0353,-37.7928],[143.0314,-37.8145],[143.0621,-37.8249],[143.0762,-37.8157],[143.1058,-37.8335],[143.0952,-37.8186],[143.1083,-37.7785],[143.1669,-37.7641],[143.1807,-37.7315],[143.0609,-37.7182],[143.0898,-37.6514],[143.193,-37.5265],[143.1793,-37.5246],[143.1973,-37.4263],[143.251,-37.3928],[143.2365,-37.3843],[143.2486,-37.3621],[143.2017,-37.3566],[143.1943,-37.321],[143.2256,-37.3154],[143.2348,-37.2856],[143.2908,-37.2821],[143.2637,-37.1817],[143.2218,-37.1526],[143.1817,-37.1886],[143.0669,-37.1474],[143.0591,-37.1872],[143.0489,-37.1897],[142.9613,-37.167],[142.954,-37.2078],[142.8379,-37.1916],[142.8239,-37.1717],[142.7837,-37.1689],[142.7665,-37.1421],[142.7564,-37.1509],[142.717,-37.1429],[142.7171,-37.1573],[142.5428,-37.1574],[142.5982,-37.2244],[142.597,-37.2622],[142.5808,-37.2727],[142.5989,-37.2929],[142.5164,-37.2932]]]},"properties":{"lga_code_2024":"20260","lga_name_2024":"Ararat","state_name_2021":"Victoria"},"id":20260},{"type":"Feature","geometry":{"type":"Polygon","coordinates":[[[143.6481,-37.3217],[143.62,-37.465],[143.6092,-37.4671],[143.6203,-37.4738],[143.595,-37.5273],[143.6686,-37.5384],[143.6622,-37.5724],[143.7072,-37.5579],[143.757,-37.5945],[143.832,-37.6187],[143.8344,-37.665],[143.8822,-37.7141],[143.9382,-37.7092],[143.9487,-37.6733],[143.9139,-37.6603],[143.9359,-37.6506],[143.9145,-37.6451],[143.8958,-37.6076],[143.9048,-37.5824],[143.9507,-37.5599],[143.9319,-37.5349],[143.9377,-37.4754],[143.8494,-37.4668],[143.8577,-37.433],[143.8432,-37.4311],[143.8688,-37.3483],[143.6481,-37.3217]]]},"properties":{"lga_code_2024":"20570","lga_name_2024":"Ballarat","state_name_2021":"Victoria"},"id":20570},{"type":"Feature","geometry":{"type":"Polygon","coordinates":[[[145.0677,-37.6869],[145.0513,-37.7084],[145.0745,-37.7161],[145.032,-37.7378],[145.0278,-37.7638],[145.0402,-37.7842],[145.0674,-37.7835],[145.0826,-37.7514],[145.1129,-37.7553],[145.1357,-37.7409],[145.128,-37.7023],[145.1404,-37.7013],[145.1437,-37.6826],[145.0921,-37.6952],[145.0677,-37.6869]]]},"properties":{"lga_code_2024":"20660","lga_name_2024":"Banyule","state_name_2021":"Victoria"},"id":20660},{"type":"Feature","geometry":{"type":"MultiPolygon","coordinates":[[[[145.6057,-38.3325],[145.5537,-38.2936],[145.5418,-38.3094],[145.5207,-38.3067],[145.5153,-38.3378],[145.5399,-38.3366],[145.552,-38.3495],[145.5422,-38.3868],[145.5144,-38.4157],[145.4164,-38.407],[145.4338,-38.4349],[145.4177,-38.4714],[145.4345,-38.4936],[145.4192,-38.5132],[145.3634,-38.521],[145.372,-38.5363],[145.4237,-38.5365],[145.4837,-38.556],[145.5606,-38.6514],[145.6067,-38.6788],[145.6569,-38.6769],[145.7139,-38.6455],[145.8166,-38.6475],[145.8081,-38.6265],[145.8165,-38.5835],[145.7682,-38.604],[145.7757,-38.5679],[145.7571,-38.5662],[145.7619,-38.5385],[145.7211,-38.5244],[145.7184,-38.5382],[145.6987,-38.5363],[145.6958,-38.5022],[145.6763,-38.4876],[145.6763,-38.4635],[145.6884,-38.4645],[145.6948,-38.3761],[145.6655,-38.3672],[145.6446,-38.3424],[145.6057,-38.3325]]],[[[145.1099,-38.5196],[145.1122,-38.5186],[145.1095,-38.5184],[145.1099,-38.5196]]],[[[145.114,-38.5188],[145.1149,-38.5183],[145.1136,-38.5186],[145.114,-38.5188]]],[[[145.3441,-38.5616],[145.3443,-38.5616],[145.3439,-38.5614],[145.3441,-38.5616]]],[[[145.3474,-38.5634],[145.3475,-38.5632],[145.3474,-38.5631],[145.3474,-38.5634]]],[[[145.3509,-38.5659],[145.3511,-38.5658],[145.3509,-38.5657],[145.3509,-38.5659]]],[[[145.2891,-38.4551],[145.2965,-38.4551],[145.2935,-38.454],[145.2891,-38.4551]]],[[[145.3244,-38.5071],[145.2965,-38.5048],[145.3056,-38.4854],[145.2908,-38.4802],[145.3098,-38.4597],[145.2733,-38.4604],[145.3025,-38.4538],[145.24,-38.4458],[145.1654,-38.4654],[145.1471,-38.5032],[145.1162,-38.5184],[145.1707,-38.5096],[145.2212,-38.53],[145.24,-38.5068],[145.2711,-38.5049],[145.3164,-38.5242],[145.3448,-38.5624],[145.3607,-38.5663],[145.3635,-38.5513],[145.3409,-38.535],[145.3629,-38.5121],[145.3244,-38.5071]]],[[[145.3378,-38.4938],[145.333,-38.4995],[145.3461,-38.5087],[145.3378,-38.4938]]]]},"properties":{"lga_code_2024":"20740","lga_name_2024":"Bass Coast","state_name_2021":"Victoria"},"id":20740},{"type":"Feature","geometry":{"type":"Polygon","coordinates":[[[145.7354,-38.2746],[145.8005,-38.2644],[145.8309,-38.3035],[145.8277,-38.3205],[145.885,-38.3168],[145.8886,-38.3368],[145.9654,-38.3236],[145.9675,-38.3121],[145.9866,-38.3277],[146.0343,-38.3318],[146.064,-38.3106],[146.0968,-38.3258],[146.1225,-38.3601],[146.1622,-38.3406],[146.1892,-38.3439],[146.2039,-38.3171],[146.2302,-38.3217],[146.2523,-38.2986],[146.2582,-38.2648],[146.2887,-38.2369],[146.2913,-38.2272],[146.2467,-38.2326],[146.216,-38.2192],[146.2275,-38.2025],[146.2233,-38.1779],[146.2483,-38.1725],[146.256,-38.1435],[146.2904,-38.1105],[146.3286,-38.1198],[146.3613,-38.1071],[146.395,-38.1388],[146.4309,-38.1256],[146.4244,-38.0965],[146.479,-38.1038],[146.4757,-38.0753],[146.5279,-38.0843],[146.5348,-38.057],[146.5695,-38.0581],[146.567,-38.0307],[146.5873,-37.9781],[146.5638,-37.984],[146.5241,-37.9637],[146.5147,-37.9836],[146.4733,-37.9947],[146.5023,-37.6908],[146.516,-37.6788],[146.4957,-37.6493],[146.4437,-37.6121],[146.4301,-37.6195],[146.394,-37.604],[146.3679,-37.6294],[146.2988,-37.5911],[146.2501,-37.6104],[146.2055,-37.5997],[146.1864,-37.5801],[146.1588,-37.6008],[146.1648,-37.623],[146.1442,-37.6274],[146.1297,-37.6481],[146.1427,-37.6914],[146.1355,-37.7021],[146.1632,-37.7473],[146.1338,-37.788],[146.0891,-37.7538],[146.0386,-37.7745],[145.9436,-37.7582],[145.9175,-37.7775],[145.9264,-37.8296],[145.9055,-37.8164],[145.8927,-37.8254],[145.8447,-37.7976],[145.8292,-37.8121],[145.7949,-37.8151],[145.8112,-37.8361],[145.8045,-37.8516],[145.8176,-37.8578],[145.8033,-37.8607],[145.8042,-37.8735],[145.7695,-37.8809],[145.7311,-37.9588],[145.7625,-37.9907],[145.7544,-38.0792],[145.7392,-38.1005],[145.7628,-38.1089],[145.7008,-38.2059],[145.7174,-38.2067],[145.7128,-38.2518],[145.7364,-38.249],[145.7354,-38.2746]],[[146.2321,-37.8478],[146.2362,-37.855],[146.2442,-37.839],[146.2783,-37.8331],[146.2793,-37.8418],[146.237,-37.8562],[146.2321,-37.8478]]]},"properties":{"lga_code_2024":"20830","lga_name_2024":"Baw Baw","state_name_2021":"Victoria"},"id":20830},{"type":"Feature","geometry":{"type":"Polygon","coordinates":[[[145.0517,-37.9868],[145.0553,-37.9677],[145.0225,-37.9206],[145.026,-37.9022],[144.9923,-37.8833],[144.9834,-37.9016],[144.9931,-37.9442],[145.0308,-37.9946],[145.0517,-37.9868]]]},"properties":{"lga_code_2024":"20910","lga_name_2024":"Bayside (Vic.)","state_name_2021":"Victoria"},"id":20910},{"type":"Feature","geometry":{"type":"Polygon","coordinates":[[[145.7984,-36.2991],[145.7754,-36.4438],[145.7992,-36.4589],[145.8233,-36.454],[145.8194,-36.5634],[145.8554,-36.5683],[145.8452,-36.6513],[145.8243,-36.6814],[145.8123,-36.7355],[145.83,-36.7863],[145.8724,-36.7999],[145.8622,-36.8821],[145.8924,-36.8883],[145.9248,-36.9258],[145.9291,-36.9046],[145.9538,-36.9048],[145.9652,-36.8753],[146.0103,-36.8532],[146.0529,-36.9065],[146.0683,-36.8621],[146.1092,-36.8666],[146.1249,-36.8846],[146.1506,-36.8741],[146.1529,-36.8879],[146.2804,-36.9251],[146.2553,-36.9059],[146.259,-36.8873],[146.2433,-36.872],[146.2512,-36.84],[146.2397,-36.7772],[146.2549,-36.7428],[146.2311,-36.7166],[146.2356,-36.6976],[146.2143,-36.648],[146.2255,-36.5996],[146.1949,-36.5876],[146.1952,-36.523],[146.2097,-36.5027],[146.1759,-36.4728],[146.2246,-36.449],[146.2042,-36.4107],[146.2195,-36.3572],[146.2052,-36.3645],[146.197,-36.3341],[146.1811,-36.3376],[146.181,-36.2975],[146.1471,-36.2992],[146.1315,-36.2832],[146.1314,-36.2551],[146.0369,-36.2551],[146.0309,-36.299],[145.7984,-36.2991]]]},"properties":{"lga_code_2024":"21010","lga_name_2024":"Benalla","state_name_2021":"Victoria"},"id":21010},{"type":"Feature","geometry":{"type":"Polygon","coordinates":[[[145.0671,-37.7809],[145.0133,-37.7856],[145.0211,-37.8029],[145.0029,-37.7958],[144.9993,-37.8054],[145.075,-37.8759],[145.0922,-37.8719],[145.1067,-37.7922],[145.0962,-37.7797],[145.0671,-37.7809]]]},"properties":{"lga_code_2024":"21110","lga_name_2024":"Boroondara","state_name_2021":"Victoria"},"id":21110},{"type":"Feature","geometry":{"type":"Polygon","coordinates":[[[144.7465,-37.663],[144.7584,-37.6809],[144.752,-37.7056],[144.7682,-37.7097],[144.751,-37.8105],[144.8274,-37.8228],[144.8559,-37.8149],[144.8392,-37.7969],[144.8542,-37.765],[144.8461,-37.7474],[144.8885,-37.7108],[144.8288,-37.7069],[144.8097,-37.6981],[144.8205,-37.6843],[144.8063,-37.6831],[144.8048,-37.6695],[144.777,-37.6768],[144.772,-37.664],[144.7465,-37.663]]]},"properties":{"lga_code_2024":"21180","lga_name_2024":"Brimbank","state_name_2021":"Victoria"},"id":21180},{"type":"Feature","geometry":{"type":"Polygon","coordinates":[[[142.8167,-36.4596],[143.0198,-36.4827],[143.0574,-36.4682],[143.0449,-36.4432],[143.1331,-36.4494],[143.1474,-36.4097],[143.2856,-36.4067],[143.3152,-36.4769],[143.4068,-36.4999],[143.4122,-36.4677],[143.4305,-36.4695],[143.4451,-36.446],[143.4389,-36.3684],[143.4785,-36.3761],[143.4821,-36.295],[143.514,-36.2951],[143.508,-36.265],[143.5236,-36.2646],[143.5236,-36.2498],[143.5687,-36.2222],[143.5317,-36.2033],[143.5367,-36.174],[143.5135,-36.1733],[143.5037,-36.1369],[143.5116,-36.1013],[143.4822,-36.1017],[143.4817,-35.9832],[143.4324,-35.9835],[143.4059,-36.0183],[143.3787,-36.0143],[143.3773,-35.9921],[143.3654,-35.992],[143.3848,-35.8431],[143.3584,-35.8399],[143.3504,-35.7926],[143.3724,-35.7539],[143.3364,-35.7091],[143.3437,-35.6852],[143.318,-35.6696],[143.3241,-35.6566],[143.2882,-35.647],[143.2003,-35.6546],[143.1872,-35.6074],[143.1981,-35.5516],[143.1371,-35.5453],[143.1236,-35.5148],[143.1313,-35.4909],[142.9973,-35.491],[142.9972,-35.374],[143.0104,-35.3738],[143.0033,-35.2494],[142.8564,-35.2392],[142.8564,-35.2311],[142.818,-35.2308],[142.7938,-35.2475],[142.7481,-35.1993],[142.6115,-35.1944],[142.6159,-35.3039],[142.5358,-35.3029],[142.5433,-35.4758],[142.7225,-35.4753],[142.7218,-35.736],[142.6011,-35.7364],[142.6042,-36.1205],[142.6316,-36.1253],[142.6809,-36.0963],[142.7318,-36.1034],[142.7278,-36.1478],[142.7475,-36.1539],[142.7221,-36.2394],[142.7221,-36.2623],[142.7431,-36.2646],[142.7192,-36.3072],[142.7316,-36.2986],[142.7316,-36.3757],[142.743,-36.3931],[142.7318,-36.4052],[142.7987,-36.4081],[142.7986,-36.4376],[142.8167,-36.4375],[142.8167,-36.4596]]]},"properties":{"lga_code_2024":"21270","lga_name_2024":"Buloke","state_name_2021":"Victoria"},"id":21270},{"type":"Feature","geometry":{"type":"Polygon","coordinates":[[[144.3441,-36.3852],[144.3583,-36.3852],[144.3694,-36.4078],[144.4157,-36.3963],[144.4302,-36.4113],[144.6682,-36.4066],[144.6743,-36.4255],[144.6587,-36.4405],[144.6719,-36.4431],[144.6715,-36.4571],[144.6206,-36.4813],[144.6262,-36.4922],[144.6113,-36.4991],[144.6235,-36.5045],[144.6103,-36.5168],[144.626,-36.5274],[144.6084,-36.529],[144.6105,-36.5559],[144.5872,-36.5579],[144.5984,-36.5745],[144.5834,-36.5847],[144.5897,-36.5948],[144.5254,-36.6598],[144.5348,-36.688],[144.5225,-36.6932],[144.518,-36.7255],[144.6671,-36.7254],[144.6662,-36.7626],[144.7669,-36.7473],[144.9319,-36.7479],[144.9322,-36.6997],[144.9867,-36.6997],[145.0171,-36.6688],[145.0205,-36.682],[145.0426,-36.682],[145.0435,-36.6507],[145.0874,-36.6755],[145.1317,-36.6754],[145.1317,-36.5873],[145.15,-36.5872],[145.1548,-36.5596],[145.1498,-36.499],[145.032,-36.499],[145.0318,-36.4264],[145.0319,-36.343],[145.1503,-36.3431],[145.1503,-36.2843],[145.132,-36.2844],[145.1319,-36.1803],[145.0911,-36.1577],[145.0622,-36.1712],[145.0287,-36.148],[145.0153,-36.1614],[144.9953,-36.1146],[144.9814,-36.127],[144.9601,-36.1069],[144.9392,-36.1135],[144.9039,-36.0778],[144.8897,-36.094],[144.8611,-36.0847],[144.8477,-36.1095],[144.8102,-36.1023],[144.8085,-36.1233],[144.7986,-36.1132],[144.778,-36.1299],[144.7716,-36.116],[144.7184,-36.1136],[144.719,-36.0859],[144.6842,-36.0955],[144.6887,-36.0613],[144.655,-36.0753],[144.6532,-36.0532],[144.6327,-36.0481],[144.6177,-36.0772],[144.6084,-36.0636],[144.6155,-36.0316],[144.6067,-36.0426],[144.5833,-36.039],[144.5864,-36.0272],[144.5634,-36.0078],[144.5158,-35.9944],[144.5152,-35.9655],[144.5005,-35.9702],[144.5014,-35.9581],[144.4936,-35.9684],[144.4666,-35.9336],[144.447,-35.9355],[144.417,-35.9105],[144.4244,-35.9002],[144.4091,-35.9047],[144.3808,-35.8841],[144.3436,-35.8943],[144.3534,-35.9195],[144.3309,-35.9276],[144.3356,-35.9342],[144.2837,-35.9237],[144.263,-35.9315],[144.2593,-35.9466],[144.2914,-35.9844],[144.2769,-35.994],[144.2799,-36.0133],[144.3178,-36.0498],[144.3039,-36.0613],[144.3187,-36.1012],[144.2892,-36.1292],[144.2891,-36.1667],[144.2668,-36.2248],[144.2816,-36.2626],[144.2817,-36.3277],[144.3318,-36.3277],[144.33,-36.3851],[144.3441,-36.3852]]]},"properties":{"lga_code_2024":"21370","lga_name_2024":"Campaspe","state_name_2021":"Victoria"},"id":21370},{"type":"Feature","geometry":{"type":"Polygon","coordinates":[[[145.5207,-38.3067],[145.5418,-38.3094],[145.5537,-38.2936],[145.6057,-38.3325],[145.6124,-38.2856],[145.7327,-38.2894],[145.7364,-38.249],[145.7128,-38.2518],[145.7174,-38.2067],[145.7008,-38.2059],[145.7628,-38.1089],[145.7392,-38.1005],[145.7544,-38.0792],[145.7625,-37.9907],[145.7311,-37.9598],[145.7651,-37.8986],[145.7481,-37.9075],[145.7292,-37.9029],[145.7215,-37.8852],[145.6869,-37.8808],[145.6707,-37.9071],[145.626,-37.9176],[145.6279,-37.904],[145.569,-37.898],[145.5533,-37.8736],[145.5191,-37.8578],[145.5269,-37.8853],[145.5077,-37.8998],[145.4446,-37.9063],[145.416,-37.9283],[145.3841,-37.9296],[145.388,-37.971],[145.3759,-37.9898],[145.3854,-38.0133],[145.364,-38.0518],[145.4006,-38.1078],[145.4018,-38.1191],[145.3834,-38.1256],[145.3995,-38.143],[145.3889,-38.1925],[145.489,-38.2334],[145.5207,-38.3067]]]},"properties":{"lga_code_2024":"21450","lga_name_2024":"Cardinia","state_name_2021":"Victoria"},"id":21450},{"type":"Feature","geometry":{"type":"Polygon","coordinates":[[[145.2932,-37.9649],[145.2796,-37.9476],[145.2332,-37.9419],[145.2292,-37.9521],[145.2273,-38.0008],[145.2519,-38.0036],[145.2154,-38.2087],[145.2716,-38.223],[145.2799,-38.2468],[145.3242,-38.2426],[145.3471,-38.2136],[145.4121,-38.2279],[145.4306,-38.2144],[145.4183,-38.1985],[145.3889,-38.1925],[145.3995,-38.143],[145.3834,-38.1256],[145.4018,-38.1191],[145.4006,-38.1078],[145.364,-38.0518],[145.3854,-38.0135],[145.3819,-37.9803],[145.2932,-37.9649]]]},"properties":{"lga_code_2024":"21610","lga_name_2024":"Casey","state_name_2021":"Victoria"},"id":21610},{"type":"Feature","geometry":{"type":"Polygon","coordinates":[[[143.6651,-37.2367],[143.7139,-37.2303],[143.727,-37.2137],[143.7589,-37.2331],[143.8202,-37.2352],[143.8221,-37.2259],[143.8584,-37.2353],[143.875,-37.1864],[143.951,-37.1942],[143.9627,-37.1765],[143.9552,-37.1399],[143.9646,-37.1008],[144.0126,-37.0668],[143.9734,-37.0294],[143.8957,-37.0236],[143.8997,-37.0006],[143.8823,-36.9986],[143.8842,-36.9863],[143.8306,-36.9807],[143.8599,-36.95],[143.8465,-36.9281],[143.8672,-36.907],[143.8585,-36.8858],[143.7568,-36.8678],[143.7589,-36.8429],[143.6797,-36.8164],[143.6696,-36.7237],[143.6324,-36.7211],[143.6284,-36.7358],[143.5738,-36.729],[143.5685,-36.7418],[143.4954,-36.7409],[143.4956,-36.7554],[143.4634,-36.7554],[143.5069,-36.8079],[143.4988,-36.8266],[143.5103,-36.8687],[143.4674,-36.9115],[143.4667,-36.9306],[143.5065,-36.9454],[143.582,-36.9451],[143.5935,-36.9562],[143.5747,-36.969],[143.5758,-36.9815],[143.6037,-36.9899],[143.5921,-37.0108],[143.5797,-37.0094],[143.5757,-37.0318],[143.5625,-37.0336],[143.552,-37.0942],[143.5653,-37.0957],[143.5627,-37.1165],[143.5781,-37.1151],[143.5829,-37.1319],[143.5519,-37.1587],[143.551,-37.1805],[143.5854,-37.1846],[143.5823,-37.2017],[143.6406,-37.2083],[143.6364,-37.2308],[143.6651,-37.2367]]]},"properties":{"lga_code_2024":"21670","lga_name_2024":"Central Goldfields","state_name_2021":"Victoria"},"id":21670},{"type":"Feature","geometry":{"type":"MultiPolygon","coordinates":[[[[143.2871,-38.7575],[143.373,-38.7597],[143.4292,-38.7837],[143.5109,-38.8576],[143.5543,-38.8556],[143.616,-38.7955],[143.666,-38.7794],[143.6815,-38.7375],[143.7567,-38.7067],[143.8404,-38.691],[143.9457,-38.5802],[143.8245,-38.5666],[143.8519,-38.5447],[143.8553,-38.524],[143.8349,-38.5106],[143.8788,-38.2762],[143.8338,-38.291],[143.8575,-38.1334],[143.8099,-38.1277],[143.8284,-38.0922],[143.8186,-38.0802],[143.8297,-38.0224],[143.6289,-38.0234],[143.6119,-38.0352],[143.6119,-38.0503],[143.6349,-38.0892],[143.603,-38.094],[143.5948,-38.1082],[143.5526,-38.1016],[143.5108,-38.13],[143.4692,-38.1213],[143.4704,-38.1814],[143.4549,-38.1976],[143.4379,-38.187],[143.4098,-38.2009],[143.421,-38.225],[143.4057,-38.2403],[143.4147,-38.2521],[143.4367,-38.2347],[143.4485,-38.2464],[143.4397,-38.2524],[143.4746,-38.2519],[143.4832,-38.2636],[143.4762,-38.2788],[143.4565,-38.2833],[143.4533,-38.3027],[143.4309,-38.3089],[143.4347,-38.3294],[143.422,-38.3487],[143.3406,-38.326],[143.286,-38.3316],[143.2638,-38.4468],[143.3209,-38.4539],[143.3644,-38.4957],[143.3446,-38.4979],[143.3623,-38.521],[143.3487,-38.5444],[143.2666,-38.5734],[143.2924,-38.6151],[143.2628,-38.6335],[143.2794,-38.6543],[143.2471,-38.6883],[143.2593,-38.7132],[143.2507,-38.7372],[143.2871,-38.7575]]],[[[143.4026,-38.7815],[143.4029,-38.7811],[143.4026,-38.7811],[143.4026,-38.7815]]]]},"properties":{"lga_code_2024":"21750","lga_name_2024":"Colac Otway","state_name_2021":"Victoria"},"id":21750},{"type":"Feature","geometry":{"type":"MultiPolygon","coordinates":[[[[142.8803,-38.6085],[142.937,-38.6273],[143.0212,-38.6259],[143.1121,-38.6693],[143.2153,-38.7584],[143.2595,-38.773],[143.2871,-38.7575],[143.2507,-38.7372],[143.2593,-38.7132],[143.2471,-38.6883],[143.2794,-38.6543],[143.2628,-38.6335],[143.2924,-38.6151],[143.2666,-38.5734],[143.3487,-38.5444],[143.3623,-38.521],[143.3446,-38.4979],[143.3644,-38.4957],[143.3209,-38.4539],[143.2638,-38.4468],[143.2824,-38.368],[143.2761,-38.3471],[143.286,-38.3316],[143.3237,-38.3245],[143.422,-38.3487],[143.4347,-38.3294],[143.4309,-38.3089],[143.4533,-38.3027],[143.4565,-38.2833],[143.4762,-38.2788],[143.4832,-38.2636],[143.4746,-38.2519],[143.4397,-38.2524],[143.4485,-38.2464],[143.4367,-38.2347],[143.4147,-38.2521],[143.4057,-38.2403],[143.421,-38.225],[143.4098,-38.2009],[143.4379,-38.187],[143.4549,-38.1976],[143.4704,-38.1814],[143.4692,-38.1213],[143.5108,-38.13],[143.5526,-38.1016],[143.5948,-38.1082],[143.603,-38.094],[143.6349,-38.0892],[143.6119,-38.0352],[143.6261,-38.0341],[143.6334,-38.0127],[143.6562,-38.0109],[143.6482,-37.9884],[143.6218,-37.9819],[143.6107,-37.9582],[143.4794,-37.9408],[143.4771,-37.9244],[143.4428,-37.9057],[143.4525,-37.8773],[143.4406,-37.8594],[143.4407,-37.7848],[143.4647,-37.6589],[143.4327,-37.6715],[143.3539,-37.6704],[143.3424,-37.7085],[143.3205,-37.712],[143.3228,-37.7434],[143.3041,-37.7566],[143.2719,-37.7534],[143.2671,-37.7335],[143.2319,-37.7464],[143.1848,-37.7309],[143.1679,-37.7441],[143.1655,-37.7653],[143.1083,-37.7785],[143.0952,-37.8186],[143.1073,-37.8434],[143.0795,-37.8638],[143.0813,-37.8785],[143.1012,-37.883],[143.0885,-37.8794],[143.0722,-37.8952],[143.0977,-37.9069],[143.0741,-37.929],[143.083,-37.9473],[143.0519,-37.9634],[143.0494,-37.9851],[143.0365,-37.9914],[143.0504,-38.0049],[143.031,-38.0139],[143.0343,-38.0361],[143.0134,-38.0458],[143.0262,-38.0581],[142.9921,-38.0798],[143.0194,-38.136],[142.8958,-38.1232],[142.8907,-38.1944],[142.8445,-38.1967],[142.815,-38.3073],[142.8798,-38.3062],[142.8474,-38.4807],[142.8996,-38.4868],[142.8581,-38.5],[142.834,-38.5191],[142.8327,-38.538],[142.8695,-38.567],[142.8803,-38.6085]]],[[[143.2651,-38.7701],[143.266,-38.7698],[143.2651,-38.7696],[143.2651,-38.7701]]],[[[143.0474,-38.6415],[143.0482,-38.6411],[143.0469,-38.6411],[143.0474,-38.6415]]],[[[143.0618,-38.6499],[143.0659,-38.6487],[143.0635,-38.6485],[143.0618,-38.6499]]],[[[143.0688,-38.6497],[143.0709,-38.6484],[143.0687,-38.6494],[143.0688,-38.6497]]],[[[143.072,-38.6506],[143.0732,-38.6495],[143.0721,-38.6501],[143.072,-38.6506]]],[[[143.0743,-38.6512],[143.0746,-38.6509],[143.0742,-38.6508],[143.0743,-38.6512]]],[[[143.0567,-38.6448],[143.0571,-38.6445],[143.0567,-38.6445],[143.0567,-38.6448]]],[[[143.0816,-38.6549],[143.0813,-38.6555],[143.0821,-38.6556],[143.0816,-38.6549]]],[[[143.0882,-38.6586],[143.0885,-38.6581],[143.0878,-38.658],[143.0882,-38.6586]]],[[[143.0952,-38.6612],[143.0956,-38.6613],[143.0958,-38.6609],[143.0952,-38.6612]]],[[[143.0762,-38.6518],[143.0768,-38.6513],[143.0765,-38.6513],[143.0762,-38.6518]]],[[[143.1007,-38.6635],[143.1011,-38.6634],[143.1007,-38.6633],[143.1007,-38.6635]]],[[[143.103,-38.6648],[143.1031,-38.6646],[143.1027,-38.6645],[143.103,-38.6648]]],[[[143.0754,-38.6523],[143.0758,-38.6521],[143.0754,-38.6521],[143.0754,-38.6523]]],[[[143.0754,-38.651],[143.0753,-38.6513],[143.0756,-38.6512],[143.0754,-38.651]]],[[[143.0837,-38.6537],[143.0835,-38.654],[143.0837,-38.654],[143.0837,-38.6537]]],[[[143.108,-38.6685],[143.1082,-38.6683],[143.1078,-38.6685],[143.108,-38.6685]]],[[[143.1072,-38.6685],[143.1073,-38.6683],[143.107,-38.6685],[143.1072,-38.6685]]],[[[143.0996,-38.6626],[143.0998,-38.6625],[143.0997,-38.6624],[143.0996,-38.6626]]],[[[143.0219,-38.6302],[143.0226,-38.6291],[143.0218,-38.6294],[143.0219,-38.6302]]]]},"properties":{"lga_code_2024":"21830","lga_name_2024":"Corangamite","state_name_2021":"Victoria"},"id":21830},{"type":"Feature","geometry":{"type":"Polygon","coordinates":[[[144.9721,-37.691],[144.992,-37.7825],[145.035,-37.7799],[145.032,-37.7378],[145.0386,-37.7273],[145.0608,-37.7295],[145.0749,-37.7088],[144.9721,-37.691]]]},"properties":{"lga_code_2024":"21890","lga_name_2024":"Darebin","state_name_2021":"Victoria"},"id":21890},{"type":"Feature","geometry":{"type":"MultiPolygon","coordinates":[[[[148.1345,-36.7437],[147.9602,-36.6124],[147.5419,-36.7376],[147.5286,-36.7696],[147.4714,-36.7831],[147.4599,-36.8027],[147.413,-36.7833],[147.3949,-36.7575],[147.3213,-36.7485],[147.3117,-36.7313],[147.2905,-36.7378],[147.2902,-36.7657],[147.2684,-36.7776],[147.2935,-36.811],[147.2829,-36.827],[147.3328,-36.8297],[147.3421,-36.8509],[147.2893,-36.9052],[147.2633,-37.0067],[147.2938,-37.007],[147.35,-37.0364],[147.389,-37.0314],[147.3805,-37.0987],[147.3592,-37.1143],[147.3164,-37.1139],[147.3692,-37.1987],[147.4255,-37.2201],[147.4175,-37.2353],[147.4284,-37.2671],[147.4603,-37.2761],[147.4378,-37.3981],[147.4177,-37.3948],[147.4062,-37.4101],[147.4172,-37.4249],[147.3994,-37.4376],[147.4059,-37.4551],[147.3895,-37.4626],[147.402,-37.5412],[147.3502,-37.5373],[147.3292,-37.5617],[147.2849,-37.5563],[147.2619,-37.5758],[147.2081,-37.5805],[147.189,-37.6152],[147.2221,-37.6328],[147.1981,-37.7239],[147.2142,-37.7321],[147.212,-37.7456],[147.2621,-37.7522],[147.2334,-37.7694],[147.2813,-37.7746],[147.2647,-37.8614],[147.2747,-37.8799],[147.2866,-37.8769],[147.2742,-37.9201],[147.3616,-37.9178],[147.3814,-37.9801],[147.4089,-37.9814],[147.409,-38.0034],[147.4636,-38.013],[147.4692,-38.0541],[147.4512,-38.0774],[147.5003,-38.073],[147.5253,-38.0528],[147.5705,-38.0537],[147.6115,-38.025],[147.6129,-38.0118],[147.6512,-37.9953],[147.661,-37.9764],[147.7121,-37.9542],[147.7227,-37.9695],[147.6994,-37.9813],[147.7058,-37.9982],[147.95,-37.8947],[148.2629,-37.8147],[148.6888,-37.8014],[148.7278,-37.8154],[148.7492,-37.797],[148.8087,-37.7864],[149.1228,-37.7773],[149.2467,-37.7805],[149.2755,-37.8038],[149.2924,-37.7875],[149.3404,-37.7769],[149.485,-37.7754],[149.5255,-37.7373],[149.5958,-37.7266],[149.6166,-37.7006],[149.6773,-37.6851],[149.7387,-37.585],[149.7752,-37.5578],[149.9066,-37.5429],[149.9762,-37.5052],[148.1949,-36.7963],[148.1825,-36.8049],[148.1561,-36.7901],[148.1192,-36.8058],[148.0979,-36.7873],[148.1345,-36.7437]]],[[[149.8442,-37.5556],[149.8432,-37.557],[149.8466,-37.557],[149.8442,-37.5556]]]]},"properties":{"lga_code_2024":"22110","lga_name_2024":"East Gippsland","state_name_2021":"Victoria"},"id":22110},{"type":"Feature","geometry":{"type":"Polygon","coordinates":[[[145.2158,-38.2007],[145.2396,-38.0777],[145.1563,-38.0674],[145.1487,-38.0834],[145.1238,-38.0822],[145.1212,-38.1341],[145.1004,-38.1666],[145.1288,-38.2001],[145.1591,-38.1816],[145.1818,-38.1991],[145.2158,-38.2007]]]},"properties":{"lga_code_2024":"22170","lga_name_2024":"Frankston","state_name_2021":"Victoria"},"id":22170},{"type":"Feature","geometry":{"type":"Polygon","coordinates":[[[143.2882,-35.647],[143.3241,-35.6566],[143.318,-35.6696],[143.3437,-35.6852],[143.3364,-35.7091],[143.3724,-35.7539],[143.3504,-35.7937],[143.3584,-35.8399],[143.3848,-35.8431],[143.3653,-35.9337],[143.3654,-35.992],[143.3773,-35.9921],[143.3787,-36.0143],[143.4071,-36.0179],[143.4324,-35.9835],[143.4757,-35.9753],[143.6181,-35.9694],[143.6178,-35.9349],[143.7282,-35.9325],[143.7284,-35.9059],[143.874,-35.9161],[143.8617,-35.9349],[143.9185,-35.9374],[143.9226,-35.9528],[144.1587,-35.9492],[144.1854,-35.9466],[144.1873,-35.9076],[144.2493,-35.9301],[144.2886,-35.9237],[144.3356,-35.9342],[144.3309,-35.9276],[144.3534,-35.9195],[144.3436,-35.8943],[144.372,-35.8842],[144.4182,-35.8932],[144.4036,-35.8807],[144.4113,-35.8588],[144.3898,-35.8592],[144.3731,-35.8388],[144.3866,-35.8364],[144.3723,-35.8327],[144.3837,-35.8191],[144.3648,-35.8209],[144.3775,-35.8143],[144.3667,-35.8113],[144.3768,-35.793],[144.3623,-35.7958],[144.3489,-35.767],[144.3187,-35.7666],[144.3278,-35.7526],[144.2953,-35.7544],[144.2961,-35.7371],[144.2678,-35.7537],[144.2481,-35.721],[144.216,-35.7065],[144.2135,-35.6867],[144.1624,-35.6715],[144.1526,-35.6427],[144.1315,-35.6408],[144.105,-35.5908],[144.0623,-35.5768],[144.0392,-35.5493],[144.0116,-35.5631],[143.9926,-35.5563],[143.9966,-35.5357],[143.9759,-35.5335],[143.9624,-35.514],[143.9701,-35.5001],[143.9057,-35.4998],[143.8588,-35.48],[143.8554,-35.4618],[143.8221,-35.4459],[143.8024,-35.4476],[143.7908,-35.4663],[143.8088,-35.4769],[143.8056,-35.5001],[143.709,-35.4942],[143.7287,-35.5295],[143.6387,-35.5295],[143.6415,-35.5727],[143.2882,-35.5749],[143.2882,-35.647]]]},"properties":{"lga_code_2024":"22250","lga_name_2024":"Gannawarra","state_name_2021":"Victoria"},"id":22250},{"type":"Feature","geometry":{"type":"Polygon","coordinates":[[[145.0825,-37.924],[145.0782,-37.8872],[145.0151,-37.8608],[145.0,-37.8665],[144.9967,-37.8835],[145.0063,-37.8998],[145.026,-37.9022],[145.0225,-37.9206],[145.0344,-37.933],[145.0795,-37.9388],[145.0825,-37.924]]]},"properties":{"lga_code_2024":"22310","lga_name_2024":"Glen Eira","state_name_2021":"Victoria"},"id":22310},{"type":"Feature","geometry":{"type":"Polygon","coordinates":[[[140.9732,-37.3582],[140.9658,-38.056],[141.1501,-38.1268],[141.2953,-38.2206],[141.3921,-38.3197],[141.3977,-38.3386],[141.3655,-38.3653],[141.3743,-38.3868],[141.4132,-38.3963],[141.4071,-38.3691],[141.461,-38.3621],[141.5192,-38.39],[141.5213,-38.4147],[141.5428,-38.433],[141.5729,-38.3898],[141.6148,-38.393],[141.6255,-38.4064],[141.628,-38.3935],[141.6502,-38.3932],[141.5992,-38.3206],[141.6636,-38.2756],[141.7414,-38.2531],[141.8696,-38.2643],[141.8696,-38.2107],[141.8509,-38.2112],[141.8509,-38.1744],[141.851,-38.1447],[141.8694,-38.1447],[141.8694,-38.1131],[141.8198,-38.0393],[141.8346,-37.9855],[141.8171,-37.9433],[141.8332,-37.934],[141.8719,-37.9431],[141.8663,-37.9288],[141.9149,-37.9118],[141.919,-37.8863],[141.8287,-37.8683],[141.8313,-37.8926],[141.7322,-37.8954],[141.7338,-37.8066],[141.7169,-37.7577],[141.7237,-37.7163],[141.6918,-37.7018],[141.6873,-37.6805],[141.6668,-37.677],[141.6447,-37.6452],[141.5874,-37.6445],[141.5739,-37.6125],[141.5244,-37.6019],[141.5454,-37.5897],[141.5143,-37.5607],[141.5459,-37.5406],[141.5255,-37.4947],[141.5375,-37.4579],[141.4866,-37.4525],[141.4994,-37.3801],[141.221,-37.3487],[141.2209,-37.3646],[141.2485,-37.3692],[141.2805,-37.3945],[141.2638,-37.4301],[141.1682,-37.4199],[141.0973,-37.4499],[141.0464,-37.4019],[140.9732,-37.3582]]]},"properties":{"lga_code_2024":"22410","lga_name_2024":"Glenelg","state_name_2021":"Victoria"},"id":22410},{"type":"Feature","geometry":{"type":"Polygon","coordinates":[[[143.4647,-37.6589],[143.4407,-37.7848],[143.4406,-37.8594],[143.4525,-37.8773],[143.4428,-37.9057],[143.4771,-37.9244],[143.4794,-37.9408],[143.6107,-37.9582],[143.6562,-38.0075],[143.6289,-38.0234],[143.8297,-38.0224],[143.8186,-38.0802],[143.8284,-38.0922],[143.8099,-38.1277],[143.9007,-38.1385],[143.9083,-38.1045],[143.9794,-38.1303],[143.9973,-38.116],[144.0272,-38.1232],[144.106,-38.1005],[144.1054,-38.1247],[144.1194,-38.1113],[144.1403,-38.1222],[144.1403,-38.1104],[144.1881,-38.1354],[144.1873,-38.1459],[144.2633,-38.1408],[144.2681,-38.0928],[144.2859,-38.0757],[144.2589,-38.0649],[144.2368,-37.9424],[144.2025,-37.9383],[144.2134,-37.9014],[144.2485,-37.8738],[144.2342,-37.8667],[144.2302,-37.8339],[144.2107,-37.825],[144.2183,-37.807],[144.0602,-37.7958],[144.0546,-37.8323],[143.9392,-37.8237],[143.919,-37.8108],[143.9163,-37.7925],[143.8835,-37.7781],[143.9019,-37.7664],[143.8986,-37.7238],[143.8344,-37.665],[143.8341,-37.621],[143.757,-37.5945],[143.7072,-37.5579],[143.6622,-37.5724],[143.6516,-37.6471],[143.5365,-37.6483],[143.5358,-37.6667],[143.4948,-37.6609],[143.4829,-37.646],[143.4647,-37.6589]]]},"properties":{"lga_code_2024":"22490","lga_name_2024":"Golden Plains","state_name_2021":"Victoria"},"id":22490},{"type":"Feature","geometry":{"type":"Polygon","coordinates":[[[144.5443,-37.0602],[144.5454,-37.0132],[144.6322,-37.002],[144.6505,-37.0153],[144.6884,-37.011],[144.6882,-36.9946],[144.7183,-36.9747],[144.734,-36.9821],[144.7535,-36.963],[144.766,-36.9736],[144.7966,-36.9655],[144.8043,-36.9259],[144.853,-36.875],[144.7985,-36.8326],[144.7848,-36.7805],[144.7947,-36.7507],[144.6662,-36.7626],[144.6671,-36.7254],[144.518,-36.7255],[144.5225,-36.6932],[144.5348,-36.688],[144.5254,-36.6598],[144.5897,-36.5948],[144.5834,-36.5847],[144.5984,-36.5745],[144.5872,-36.5579],[144.6105,-36.5559],[144.6084,-36.529],[144.626,-36.5274],[144.6103,-36.5168],[144.6235,-36.5045],[144.6113,-36.4991],[144.6262,-36.4922],[144.6206,-36.4813],[144.6715,-36.4571],[144.6719,-36.4431],[144.6587,-36.4405],[144.6743,-36.4255],[144.6682,-36.4066],[144.4302,-36.4113],[144.4157,-36.3963],[144.3694,-36.4078],[144.3583,-36.3852],[144.3441,-36.3852],[144.3438,-36.4871],[144.2097,-36.4875],[144.1993,-36.5245],[144.1705,-36.5244],[144.1626,-36.5656],[144.1847,-36.6185],[144.1404,-36.6184],[144.1405,-36.6473],[144.1259,-36.6473],[144.1258,-36.662],[144.0687,-36.662],[144.0598,-36.7308],[144.0757,-36.7431],[144.0479,-36.7922],[144.0259,-36.8979],[144.2283,-36.9224],[144.2405,-36.9506],[144.2977,-36.957],[144.3003,-36.9426],[144.3961,-36.9553],[144.4119,-36.9234],[144.4296,-36.9442],[144.456,-36.9384],[144.5062,-36.9759],[144.4927,-37.0505],[144.5443,-37.0602]]]},"properties":{"lga_code_2024":"22620","lga_name_2024":"Greater Bendigo","state_name_2021":"Victoria"},"id":22620},{"type":"Feature","geometry":{"type":"Polygon","coordinates":[[[145.2396,-38.0777],[145.2519,-38.0036],[145.2273,-38.0008],[145.2329,-37.9533],[145.2196,-37.9402],[145.1434,-37.9246],[145.1296,-37.9616],[145.1459,-37.9836],[145.1335,-38.0254],[145.1503,-38.0673],[145.2396,-38.0777]]]},"properties":{"lga_code_2024":"22670","lga_name_2024":"Greater Dandenong","state_name_2021":"Victoria"},"id":22670},{"type":"Feature","geometry":{"type":"Polygon","coordinates":[[[144.5916,-38.0044],[144.5475,-37.9719],[144.4956,-37.9743],[144.474,-37.9357],[144.4801,-37.8889],[144.4298,-37.8575],[144.4064,-37.8009],[144.3991,-37.8152],[144.362,-37.8108],[144.3536,-37.8453],[144.3228,-37.8447],[144.2942,-37.8289],[144.296,-37.8196],[144.2636,-37.8117],[144.2225,-37.8101],[144.2112,-37.8223],[144.2302,-37.8339],[144.2342,-37.8667],[144.2485,-37.8738],[144.2134,-37.9014],[144.2025,-37.9383],[144.2368,-37.9424],[144.2589,-38.0649],[144.2865,-38.079],[144.2681,-38.0928],[144.2413,-38.2378],[144.4061,-38.2573],[144.397,-38.2912],[144.3765,-38.3026],[144.4303,-38.2813],[144.5,-38.2905],[144.4949,-38.2826],[144.5256,-38.2713],[144.6007,-38.2878],[144.6662,-38.2101],[144.6941,-38.1944],[144.7012,-38.2192],[144.7202,-38.1466],[144.6686,-38.1126],[144.6306,-38.1076],[144.558,-38.1549],[144.4807,-38.1645],[144.4428,-38.1495],[144.4256,-38.1238],[144.4162,-38.1554],[144.3561,-38.1384],[144.3616,-38.1051],[144.3816,-38.0974],[144.3895,-38.0767],[144.4449,-38.0918],[144.4787,-38.0767],[144.5068,-38.0915],[144.5152,-38.0461],[144.5587,-38.0375],[144.5916,-38.0044]]]},"properties":{"lga_code_2024":"22750","lga_name_2024":"Greater Geelong","state_name_2021":"Victoria"},"id":22750},{"type":"Feature","geometry":{"type":"Polygon","coordinates":[[[145.1317,-36.6754],[145.1685,-36.6753],[145.1784,-36.7006],[145.1857,-36.6863],[145.2217,-36.6872],[145.2223,-36.6707],[145.205,-36.6548],[145.2287,-36.642],[145.3025,-36.6419],[145.3047,-36.6135],[145.3189,-36.6124],[145.3536,-36.5561],[145.6317,-36.5633],[145.6316,-36.499],[145.7319,-36.499],[145.7244,-36.4246],[145.7754,-36.4438],[145.7984,-36.2991],[145.6315,-36.2991],[145.6316,-36.1992],[145.2603,-36.1993],[145.2348,-36.1757],[145.2377,-36.1646],[145.223,-36.1705],[145.229,-36.1589],[145.2085,-36.1678],[145.1944,-36.1588],[145.1825,-36.185],[145.1657,-36.1607],[145.1335,-36.1553],[145.132,-36.2844],[145.1503,-36.2843],[145.1503,-36.3431],[145.0319,-36.343],[145.032,-36.499],[145.1498,-36.499],[145.1548,-36.5596],[145.15,-36.5872],[145.1317,-36.5873],[145.1317,-36.6754]]]},"properties":{"lga_code_2024":"22830","lga_name_2024":"Greater Shepparton","state_name_2021":"Victoria"},"id":22830},{"type":"Feature","geometry":{"type":"Polygon","coordinates":[[[143.9377,-37.4754],[144.037,-37.4863],[144.0423,-37.4638],[144.0786,-37.4627],[144.1072,-37.4286],[144.1963,-37.4088],[144.1981,-37.4201],[144.2347,-37.4165],[144.2913,-37.437],[144.3177,-37.4025],[144.3457,-37.4179],[144.3473,-37.4321],[144.3793,-37.4388],[144.382,-37.3933],[144.4158,-37.3963],[144.419,-37.3605],[144.3928,-37.3581],[144.3957,-37.3316],[144.3104,-37.2928],[144.344,-37.2262],[144.3761,-37.2022],[144.3603,-37.194],[144.363,-37.1794],[144.3805,-37.175],[144.2922,-37.1636],[144.2766,-37.2091],[144.1851,-37.1954],[144.1904,-37.1661],[144.0743,-37.1477],[144.0636,-37.2495],[144.042,-37.2561],[144.0386,-37.2702],[143.9589,-37.2205],[143.9494,-37.1945],[143.875,-37.1864],[143.8584,-37.2353],[143.8221,-37.2259],[143.8202,-37.2352],[143.7589,-37.2331],[143.727,-37.2137],[143.7139,-37.2303],[143.6651,-37.2367],[143.6481,-37.3217],[143.8688,-37.3483],[143.8432,-37.4311],[143.8577,-37.433],[143.8494,-37.4668],[143.9377,-37.4754]]]},"properties":{"lga_code_2024":"22910","lga_name_2024":"Hepburn","state_name_2021":"Victoria"},"id":22910},{"type":"Feature","geometry":{"type":"Polygon","coordinates":[[[141.8377,-36.5543],[142.0039,-36.5675],[142.0305,-36.5174],[142.0178,-36.4946],[142.1681,-36.4925],[142.1684,-35.9979],[142.239,-35.9979],[142.239,-35.8683],[141.9971,-35.8674],[142.0102,-35.7552],[141.9922,-35.7108],[141.9975,-35.4984],[141.4995,-35.4985],[141.4998,-35.7486],[141.3305,-35.7485],[141.3354,-35.9051],[141.374,-35.9437],[141.3794,-36.0048],[141.2544,-35.9968],[141.2266,-36.1877],[141.4037,-36.2063],[141.4115,-36.2289],[141.4003,-36.2278],[141.3791,-36.3597],[141.4972,-36.3722],[141.4842,-36.3915],[141.4736,-36.5311],[141.7268,-36.5577],[141.7287,-36.5445],[141.8377,-36.5543]]]},"properties":{"lga_code_2024":"22980","lga_name_2024":"Hindmarsh","state_name_2021":"Victoria"},"id":22980},{"type":"Feature","geometry":{"type":"Polygon","coordinates":[[[144.8559,-37.8149],[144.7689,-37.8512],[144.7517,-37.8867],[144.7973,-37.8997],[144.8144,-37.8751],[144.8617,-37.8598],[144.9029,-37.8728],[144.9155,-37.8655],[144.8952,-37.8487],[144.9056,-37.8517],[144.8971,-37.8363],[144.9056,-37.8229],[144.8578,-37.8244],[144.8559,-37.8149]]]},"properties":{"lga_code_2024":"23110","lga_name_2024":"Hobsons Bay","state_name_2021":"Victoria"},"id":23110},{"type":"Feature","geometry":{"type":"Polygon","coordinates":[[[141.7762,-37.177],[141.8362,-37.1708],[141.8405,-37.1525],[141.9089,-37.1348],[141.9111,-37.1135],[141.9255,-37.1251],[141.9356,-37.1708],[141.9117,-37.1898],[141.9128,-37.2024],[141.9892,-37.2124],[141.9998,-37.2243],[142.0797,-37.2236],[142.0923,-37.1709],[142.1091,-37.1627],[142.1145,-37.1121],[142.1875,-37.1128],[142.2063,-37.0873],[142.235,-37.1282],[142.2351,-37.1072],[142.2712,-37.1074],[142.2884,-37.0887],[142.3082,-37.0985],[142.3083,-37.086],[142.333,-37.072],[142.3447,-37.0816],[142.3746,-37.0586],[142.4069,-37.0583],[142.4068,-37.046],[142.391,-37.0463],[142.3959,-37.0285],[142.4109,-37.0346],[142.405,-37.0163],[142.3684,-37.009],[142.3609,-37.0215],[142.335,-37.0191],[142.3469,-37.0138],[142.34,-36.9913],[142.3515,-36.9803],[142.3947,-36.9784],[142.3582,-36.9731],[142.3759,-36.9657],[142.3787,-36.9477],[142.3751,-36.9271],[142.3581,-36.9266],[142.3583,-36.9034],[142.374,-36.9034],[142.3741,-36.8903],[142.3527,-36.8968],[142.3528,-36.885],[142.3823,-36.8811],[142.3773,-36.869],[142.4315,-36.8889],[142.4315,-36.8687],[142.4417,-36.8688],[142.4558,-36.9167],[142.4804,-36.9168],[142.4802,-36.8977],[142.4933,-36.8977],[142.5113,-36.9155],[142.4981,-36.9166],[142.4978,-36.942],[142.5594,-36.9427],[142.5675,-36.8726],[142.5204,-36.8381],[142.5098,-36.8111],[142.4828,-36.7922],[142.4626,-36.7349],[142.4001,-36.6994],[142.3698,-36.646],[142.3719,-36.6133],[142.389,-36.5899],[142.382,-36.5738],[142.4048,-36.4495],[142.1659,-36.4327],[142.1681,-36.4925],[142.0178,-36.4946],[142.0305,-36.5174],[142.0039,-36.5675],[141.8377,-36.5543],[141.8161,-36.6598],[141.7408,-36.6522],[141.7178,-36.801],[141.7021,-36.7995],[141.7006,-36.8092],[141.7066,-36.8838],[141.6688,-36.8837],[141.6577,-36.9557],[141.7793,-36.9672],[141.7923,-36.9802],[141.7706,-37.027],[141.7808,-37.028],[141.7652,-37.1488],[141.7762,-37.177]]]},"properties":{"lga_code_2024":"23190","lga_name_2024":"Horsham","state_name_2021":"Victoria"},"id":23190},{"type":"Feature","geometry":{"type":"Polygon","coordinates":[[[144.8835,-37.5034],[144.8677,-37.5034],[144.8705,-37.5155],[144.7669,-37.505],[144.7008,-37.4819],[144.6795,-37.4994],[144.6381,-37.4995],[144.6324,-37.5301],[144.743,-37.6608],[144.772,-37.664],[144.777,-37.6768],[144.8048,-37.6695],[144.8063,-37.6831],[144.8205,-37.6843],[144.8106,-37.6988],[144.8594,-37.7124],[144.9049,-37.6939],[144.9721,-37.691],[144.9763,-37.6501],[144.9465,-37.6074],[144.9653,-37.5735],[144.9538,-37.5451],[144.9726,-37.5353],[144.9772,-37.5137],[144.8835,-37.5034]]]},"properties":{"lga_code_2024":"23270","lga_name_2024":"Hume","state_name_2021":"Victoria"},"id":23270},{"type":"Feature","geometry":{"type":"Polygon","coordinates":[[[146.1773,-36.034],[146.1792,-36.0514],[146.1981,-36.0444],[146.2021,-36.0694],[146.2947,-36.0875],[146.2842,-36.1423],[146.5093,-36.1686],[146.5402,-36.1833],[146.5252,-36.2152],[146.5344,-36.2314],[146.5124,-36.2467],[146.5716,-36.2536],[146.558,-36.3287],[146.6333,-36.3015],[146.6043,-36.3812],[146.614,-36.3813],[146.6118,-36.3961],[146.6879,-36.4216],[146.725,-36.4187],[146.7258,-36.4592],[146.8509,-36.4514],[146.8526,-36.4426],[146.8815,-36.4543],[146.9348,-36.4083],[147.0176,-36.3927],[147.0457,-36.3949],[147.0359,-36.4045],[147.0461,-36.4273],[147.0815,-36.4178],[147.1208,-36.425],[147.1254,-36.4479],[147.1454,-36.4507],[147.1666,-36.3593],[147.1972,-36.34],[147.1701,-36.2905],[147.1435,-36.2584],[147.0971,-36.2325],[147.1011,-36.2188],[147.0739,-36.1895],[147.0368,-36.1848],[147.0326,-36.2051],[147.0028,-36.2072],[147.0012,-36.229],[146.9608,-36.2447],[146.9194,-36.2221],[146.8561,-36.2579],[146.8223,-36.2574],[146.8037,-36.2353],[146.8113,-36.2182],[146.7848,-36.2001],[146.7905,-36.1652],[146.7748,-36.1275],[146.7066,-36.1257],[146.7116,-36.046],[146.7321,-36.024],[146.7075,-36.0361],[146.6896,-36.0304],[146.6858,-36.0406],[146.6802,-36.0224],[146.656,-36.0263],[146.6509,-36.0077],[146.6143,-35.9965],[146.6125,-35.9729],[146.5841,-35.975],[146.584,-35.9839],[146.5629,-35.9677],[146.5496,-35.9925],[146.5197,-35.9606],[146.5018,-35.9582],[146.4925,-35.9854],[146.5041,-35.9883],[146.4927,-35.9913],[146.4668,-35.9838],[146.462,-35.965],[146.4424,-35.9762],[146.4261,-35.9639],[146.3991,-36.0072],[146.3806,-36.0129],[146.3876,-36.0356],[146.3692,-36.0508],[146.3389,-36.0264],[146.325,-36.0335],[146.3291,-36.0431],[146.283,-36.0415],[146.2931,-36.0295],[146.2829,-36.011],[146.2729,-36.0266],[146.2572,-36.0121],[146.2197,-36.0369],[146.2101,-36.0385],[146.2118,-36.0285],[146.1993,-36.0375],[146.2009,-36.0274],[146.1881,-36.0416],[146.1773,-36.034]]]},"properties":{"lga_code_2024":"23350","lga_name_2024":"Indigo","state_name_2021":"Victoria"},"id":23350},{"type":"Feature","geometry":{"type":"Polygon","coordinates":[[[145.0825,-37.924],[145.0795,-37.9388],[145.0344,-37.933],[145.0553,-37.9677],[145.0517,-37.9868],[145.0958,-38.0214],[145.1228,-38.085],[145.1487,-38.0834],[145.1563,-38.0674],[145.1335,-38.0254],[145.1459,-37.9836],[145.1296,-37.9616],[145.1413,-37.9313],[145.0825,-37.924]]]},"properties":{"lga_code_2024":"23430","lga_name_2024":"Kingston (Vic.)","state_name_2021":"Victoria"},"id":23430},{"type":"Feature","geometry":{"type":"Polygon","coordinates":[[[145.2932,-37.9649],[145.3039,-37.9334],[145.2945,-37.9003],[145.3242,-37.8995],[145.3045,-37.888],[145.3021,-37.8642],[145.3476,-37.8586],[145.2935,-37.8341],[145.2162,-37.8383],[145.1909,-37.879],[145.2083,-37.899],[145.2064,-37.9312],[145.2292,-37.9521],[145.2332,-37.9419],[145.2796,-37.9476],[145.2932,-37.9649]]]},"properties":{"lga_code_2024":"23670","lga_name_2024":"Knox","state_name_2021":"Victoria"},"id":23670},{"type":"Feature","geometry":{"type":"Polygon","coordinates":[[[146.2302,-38.3217],[146.251,-38.3314],[146.2435,-38.3561],[146.2105,-38.3704],[146.2409,-38.3792],[146.2232,-38.44],[146.2722,-38.4464],[146.2696,-38.4569],[146.2355,-38.4603],[146.2626,-38.471],[146.2548,-38.4961],[146.2918,-38.5001],[146.2905,-38.5279],[146.3133,-38.5196],[146.3444,-38.5363],[146.3682,-38.5333],[146.3803,-38.4975],[146.4239,-38.4825],[146.4247,-38.4723],[146.4828,-38.4559],[146.4892,-38.4393],[146.4915,-38.4471],[146.5652,-38.4293],[146.6023,-38.3343],[146.5977,-38.3105],[146.6219,-38.2929],[146.6324,-38.2584],[146.6569,-38.2404],[146.655,-38.2251],[146.6809,-38.2124],[146.7107,-38.1651],[146.702,-38.1491],[146.6385,-38.1462],[146.6054,-38.1631],[146.5711,-38.1532],[146.6162,-38.0687],[146.6511,-38.0734],[146.6624,-38.0575],[146.6243,-38.0492],[146.6556,-37.9968],[146.6382,-37.9955],[146.6272,-37.9715],[146.5907,-37.9746],[146.567,-38.0307],[146.5695,-38.0581],[146.5348,-38.057],[146.5279,-38.0843],[146.4757,-38.0753],[146.479,-38.1038],[146.4244,-38.0965],[146.4263,-38.1298],[146.395,-38.1388],[146.3613,-38.1071],[146.3286,-38.1198],[146.2904,-38.1105],[146.256,-38.1435],[146.2483,-38.1725],[146.2233,-38.1779],[146.2275,-38.2025],[146.216,-38.2192],[146.2467,-38.2326],[146.2913,-38.2272],[146.2302,-38.3217]]]},"properties":{"lga_code_2024":"23810","lga_name_2024":"Latrobe (Vic.)","state_name_2021":"Victoria"},"id":23810},{"type":"Feature","geometry":{"type":"Polygon","coordinates":[[[143.4757,-35.9831],[143.4822,-36.1017],[143.5116,-36.1013],[143.5037,-36.1369],[143.5135,-36.1733],[143.5367,-36.174],[143.5317,-36.2033],[143.5687,-36.2222],[143.5236,-36.2498],[143.5236,-36.2646],[143.508,-36.265],[143.514,-36.2951],[143.4821,-36.295],[143.4785,-36.3761],[143.4389,-36.3684],[143.4451,-36.446],[143.4305,-36.4695],[143.4122,-36.4677],[143.4068,-36.4999],[143.3152,-36.4769],[143.3339,-36.5124],[143.4212,-36.5571],[143.4385,-36.6146],[143.4863,-36.6257],[143.5012,-36.6753],[143.4607,-36.7325],[143.4632,-36.7551],[143.4956,-36.7554],[143.4954,-36.7409],[143.5685,-36.7418],[143.5738,-36.729],[143.6284,-36.7358],[143.6324,-36.7211],[143.6696,-36.7237],[143.6781,-36.8147],[143.7178,-36.8376],[143.7589,-36.8429],[143.7568,-36.8678],[143.8464,-36.8805],[143.8625,-36.9009],[143.8921,-36.8939],[143.8917,-36.8819],[144.0259,-36.8979],[144.0479,-36.7922],[144.0757,-36.7431],[144.0598,-36.7308],[144.0687,-36.662],[144.1258,-36.662],[144.1259,-36.6473],[144.1405,-36.6473],[144.1404,-36.6184],[144.1847,-36.6185],[144.1626,-36.5656],[144.1705,-36.5244],[144.1993,-36.5245],[144.2097,-36.4875],[144.3438,-36.4871],[144.3318,-36.3277],[144.2817,-36.3277],[144.2816,-36.2626],[144.2669,-36.2259],[144.2891,-36.1667],[144.2892,-36.1292],[144.3187,-36.0966],[144.3039,-36.0613],[144.3165,-36.0442],[144.2799,-36.0133],[144.2769,-35.994],[144.2914,-35.9844],[144.2601,-35.949],[144.2631,-35.9314],[144.1873,-35.9076],[144.185,-35.9467],[143.9226,-35.9528],[143.9185,-35.9374],[143.8617,-35.9349],[143.874,-35.9161],[143.7284,-35.9059],[143.7282,-35.9325],[143.6178,-35.9349],[143.6181,-35.9694],[143.5274,-35.9698],[143.4757,-35.9831]]]},"properties":{"lga_code_2024":"23940","lga_name_2024":"Loddon","state_name_2021":"Victoria"},"id":23940},{"type":"Feature","geometry":{"type":"Polygon","coordinates":[[[144.3793,-37.4388],[144.4264,-37.4589],[144.4705,-37.4288],[144.4592,-37.5464],[144.6716,-37.5677],[144.6324,-37.5301],[144.645,-37.495],[144.6795,-37.4994],[144.7011,-37.4819],[144.7669,-37.505],[144.8705,-37.5155],[144.8677,-37.5034],[144.8836,-37.5048],[144.9051,-37.4685],[144.8918,-37.4609],[144.8951,-37.4244],[144.9212,-37.3633],[144.9178,-37.348],[144.8492,-37.3223],[144.8558,-37.2855],[144.8252,-37.2841],[144.8201,-37.2192],[144.7038,-37.213],[144.7161,-37.2088],[144.7103,-37.1595],[144.7265,-37.1596],[144.7352,-37.1265],[144.7163,-37.118],[144.7154,-37.1003],[144.5739,-37.0991],[144.5419,-37.1136],[144.5273,-37.1773],[144.3673,-37.1573],[144.3805,-37.1753],[144.363,-37.1794],[144.3603,-37.194],[144.3761,-37.2022],[144.344,-37.2262],[144.3104,-37.2928],[144.3957,-37.3316],[144.3928,-37.3581],[144.419,-37.3605],[144.4158,-37.3963],[144.382,-37.3933],[144.3793,-37.4388]]]},"properties":{"lga_code_2024":"24130","lga_name_2024":"Macedon Ranges","state_name_2021":"Victoria"},"id":24130},{"type":"Feature","geometry":{"type":"Polygon","coordinates":[[[145.2135,-37.8118],[145.2172,-37.7909],[145.236,-37.7901],[145.2406,-37.7648],[145.2896,-37.7628],[145.2817,-37.7426],[145.2923,-37.7024],[145.2837,-37.7188],[145.2679,-37.7033],[145.2355,-37.7203],[145.2421,-37.7361],[145.2054,-37.7417],[145.2154,-37.7319],[145.2016,-37.7304],[145.1974,-37.7414],[145.1818,-37.7298],[145.0731,-37.7585],[145.0671,-37.7809],[145.2135,-37.8118]]]},"properties":{"lga_code_2024":"24210","lga_name_2024":"Manningham","state_name_2021":"Victoria"},"id":24210},{"type":"Feature","geometry":{"type":"Polygon","coordinates":[[[146.186,-37.5348],[146.1896,-37.5853],[146.2077,-37.6007],[146.2557,-37.6104],[146.2988,-37.5911],[146.3679,-37.6294],[146.394,-37.604],[146.435,-37.6192],[146.647,-37.1632],[146.3357,-36.953],[146.3038,-36.9483],[146.265,-36.9159],[146.227,-36.9161],[146.1529,-36.8879],[146.1506,-36.8741],[146.1249,-36.8846],[146.1092,-36.8666],[146.0683,-36.8621],[146.0586,-36.9078],[146.0101,-36.8532],[145.9652,-36.8753],[145.9538,-36.9048],[145.9291,-36.9046],[145.9248,-36.9258],[145.8924,-36.8883],[145.8607,-36.8786],[145.8607,-36.9104],[145.7905,-36.9324],[145.7274,-36.9236],[145.6574,-36.9363],[145.6524,-36.9691],[145.6863,-36.9852],[145.6816,-37.0039],[145.6984,-37.0089],[145.7128,-37.0304],[145.7065,-37.0392],[145.7593,-37.0551],[145.7783,-37.0865],[145.8111,-37.1069],[145.8905,-37.1212],[145.8826,-37.1543],[145.8536,-37.1435],[145.8771,-37.1682],[145.8452,-37.1737],[145.8708,-37.1743],[145.8775,-37.1847],[145.8613,-37.1926],[145.901,-37.1942],[145.9257,-37.2193],[145.9649,-37.2311],[145.97,-37.264],[145.9759,-37.2413],[145.998,-37.2403],[146.0021,-37.2286],[146.0165,-37.2397],[146.017,-37.2789],[146.0696,-37.3432],[146.0543,-37.3668],[146.0644,-37.3851],[146.1436,-37.4677],[146.1348,-37.4807],[146.1541,-37.5288],[146.186,-37.5348]],[[146.4212,-37.1024],[146.4588,-37.1131],[146.4658,-37.0997],[146.4906,-37.1022],[146.5139,-37.1195],[146.51,-37.1065],[146.5481,-37.1018],[146.5308,-37.1147],[146.54,-37.1236],[146.5086,-37.1343],[146.5144,-37.1501],[146.4904,-37.1457],[146.4791,-37.1619],[146.432,-37.1649],[146.4141,-37.1465],[146.4346,-37.1365],[146.4396,-37.1194],[146.3955,-37.1108],[146.4212,-37.1024]]]},"properties":{"lga_code_2024":"24250","lga_name_2024":"Mansfield","state_name_2021":"Victoria"},"id":24250},{"type":"Feature","geometry":{"type":"Polygon","coordinates":[[[144.8514,-37.7702],[144.8392,-37.7969],[144.8578,-37.8244],[144.9056,-37.8229],[144.9165,-37.798],[144.8973,-37.7797],[144.9016,-37.7654],[144.8826,-37.7558],[144.8726,-37.7723],[144.8514,-37.7702]]]},"properties":{"lga_code_2024":"24330","lga_name_2024":"Maribyrnong","state_name_2021":"Victoria"},"id":24330},{"type":"Feature","geometry":{"type":"Polygon","coordinates":[[[145.318,-37.8439],[145.2964,-37.7635],[145.2406,-37.7648],[145.236,-37.7901],[145.2172,-37.7909],[145.2133,-37.841],[145.2816,-37.833],[145.318,-37.8439]]]},"properties":{"lga_code_2024":"24410","lga_name_2024":"Maroondah","state_name_2021":"Victoria"},"id":24410},{"type":"Feature","geometry":{"type":"Polygon","coordinates":[[[144.9842,-37.8507],[144.9914,-37.8097],[144.9732,-37.8079],[144.9622,-37.7787],[144.9388,-37.7754],[144.9382,-37.789],[144.9082,-37.7825],[144.9029,-37.7908],[144.9165,-37.7984],[144.8971,-37.8326],[144.9069,-37.8492],[144.903,-37.8395],[144.9126,-37.85],[144.9133,-37.834],[144.9401,-37.8257],[144.9713,-37.8299],[144.9842,-37.8507]]]},"properties":{"lga_code_2024":"24600","lga_name_2024":"Melbourne","state_name_2021":"Victoria"},"id":24600},{"type":"Feature","geometry":{"type":"Polygon","coordinates":[[[144.751,-37.8105],[144.7682,-37.7097],[144.752,-37.7056],[144.7584,-37.6809],[144.7244,-37.6268],[144.6716,-37.5677],[144.5611,-37.5524],[144.5227,-37.6046],[144.5121,-37.6756],[144.5194,-37.7062],[144.4906,-37.7057],[144.4777,-37.781],[144.5774,-37.8069],[144.5888,-37.7931],[144.751,-37.8105]]]},"properties":{"lga_code_2024":"24650","lga_name_2024":"Melton","state_name_2021":"Victoria"},"id":24650},{"type":"Feature","geometry":{"type":"Polygon","coordinates":[[[144.9721,-37.691],[144.9038,-37.6941],[144.8862,-37.7077],[144.9248,-37.729],[144.9371,-37.7778],[144.9885,-37.7764],[144.9825,-37.703],[144.9721,-37.691]]]},"properties":{"lga_code_2024":"24700","lga_name_2024":"Merri-bek","state_name_2021":"Victoria"},"id":24700},{"type":"Feature","geometry":{"type":"Polygon","coordinates":[[[140.9635,-34.3228],[140.9631,-35.7485],[141.4998,-35.7486],[141.4995,-35.4985],[141.9975,-35.4984],[141.9975,-35.4635],[142.1669,-35.4784],[142.1685,-35.4499],[142.2068,-35.4501],[142.1736,-35.3759],[142.1791,-35.354],[142.1991,-35.3537],[142.1813,-35.3319],[142.1951,-35.3132],[142.2439,-35.311],[142.2894,-35.2909],[142.6118,-35.305],[142.6115,-35.1944],[142.7345,-35.1981],[142.743,-35.115],[142.6971,-35.1145],[142.6974,-34.8869],[142.6412,-34.884],[142.6354,-34.8641],[142.5186,-34.8639],[142.517,-34.7548],[142.4996,-34.7391],[142.5189,-34.7029],[142.4997,-34.7031],[142.5137,-34.6922],[142.4973,-34.6766],[142.5159,-34.6637],[142.5057,-34.6569],[142.487,-34.6634],[142.4931,-34.6722],[142.4741,-34.6717],[142.4836,-34.6364],[142.4523,-34.6335],[142.4683,-34.6129],[142.4713,-34.5927],[142.4584,-34.5877],[142.4727,-34.5767],[142.468,-34.5643],[142.4488,-34.5596],[142.4549,-34.5846],[142.4261,-34.5623],[142.4088,-34.5689],[142.4057,-34.5416],[142.3902,-34.5491],[142.3676,-34.53],[142.3999,-34.523],[142.3749,-34.5153],[142.3948,-34.4936],[142.3596,-34.4988],[142.3842,-34.4781],[142.3793,-34.4667],[142.3533,-34.4696],[142.3679,-34.4354],[142.3518,-34.4223],[142.3607,-34.4118],[142.351,-34.3966],[142.3739,-34.3882],[142.3681,-34.3707],[142.3783,-34.3648],[142.3635,-34.3622],[142.3898,-34.3628],[142.3845,-34.3469],[142.3971,-34.3387],[142.3684,-34.3269],[142.3309,-34.3394],[142.2839,-34.3266],[142.284,-34.3108],[142.2989,-34.3057],[142.2861,-34.2965],[142.2359,-34.307],[142.2325,-34.2967],[142.2488,-34.285],[142.249,-34.2651],[142.2323,-34.255],[142.2436,-34.2458],[142.2353,-34.2237],[142.2434,-34.2092],[142.2295,-34.2081],[142.2191,-34.1811],[142.1661,-34.1829],[142.1656,-34.1521],[142.1203,-34.1567],[142.1196,-34.1749],[142.0828,-34.1735],[142.0653,-34.1506],[142.0756,-34.1314],[142.0296,-34.1261],[142.0378,-34.0998],[142.0133,-34.1054],[142.0222,-34.1252],[141.9777,-34.1127],[141.9704,-34.1361],[141.945,-34.1195],[141.933,-34.1382],[141.9226,-34.1146],[141.9007,-34.1112],[141.8847,-34.115],[141.8766,-34.1374],[141.7769,-34.1169],[141.7779,-34.1018],[141.7569,-34.1121],[141.7618,-34.0975],[141.7463,-34.1034],[141.7297,-34.0909],[141.7203,-34.1146],[141.7074,-34.0961],[141.6774,-34.1012],[141.6327,-34.1215],[141.628,-34.1454],[141.6118,-34.139],[141.6185,-34.1563],[141.5845,-34.1514],[141.603,-34.1623],[141.5894,-34.1774],[141.6033,-34.1912],[141.5477,-34.2008],[141.5335,-34.1914],[141.5339,-34.2107],[141.5101,-34.2165],[141.5186,-34.2032],[141.5067,-34.1906],[141.5187,-34.1809],[141.495,-34.1546],[141.4445,-34.168],[141.4339,-34.1459],[141.4074,-34.1464],[141.4082,-34.1279],[141.3881,-34.1347],[141.359,-34.1107],[141.3249,-34.1388],[141.3175,-34.1124],[141.2837,-34.1039],[141.2596,-34.0781],[141.2425,-34.0873],[141.2418,-34.0613],[141.2285,-34.0737],[141.2059,-34.0617],[141.1862,-34.092],[141.1747,-34.0733],[141.1537,-34.0821],[141.1438,-34.0678],[141.1531,-34.0545],[141.1203,-34.0649],[141.0942,-34.0507],[141.0892,-34.0767],[141.0656,-34.0501],[141.0425,-34.0611],[141.0343,-34.0357],[141.0235,-34.0598],[141.0019,-34.0391],[141.0124,-34.0247],[140.9981,-34.0197],[140.9884,-34.0308],[140.9637,-33.9806],[140.9635,-34.3228]]]},"properties":{"lga_code_2024":"24780","lga_name_2024":"Mildura","state_name_2021":"Victoria"},"id":24780},{"type":"Feature","geometry":{"type":"Polygon","coordinates":[[[144.5443,-37.0602],[144.5304,-37.1003],[144.5413,-37.1148],[144.5739,-37.0991],[144.7154,-37.1003],[144.7163,-37.118],[144.7352,-37.1265],[144.7265,-37.1596],[144.7103,-37.1595],[144.7161,-37.2088],[144.7038,-37.213],[144.8124,-37.2139],[144.829,-37.2357],[144.8252,-37.2841],[144.8558,-37.2855],[144.8492,-37.3223],[144.9178,-37.348],[144.8951,-37.4244],[144.8918,-37.4609],[144.9051,-37.4683],[144.8808,-37.5022],[144.9919,-37.5154],[145.0072,-37.5022],[144.987,-37.4999],[145.0008,-37.4424],[145.0729,-37.4506],[145.0678,-37.4386],[145.0808,-37.4398],[145.0793,-37.4263],[145.1111,-37.4018],[145.1413,-37.4282],[145.1546,-37.4129],[145.1865,-37.4222],[145.1856,-37.4438],[145.2002,-37.444],[145.2223,-37.4726],[145.2363,-37.4359],[145.2656,-37.4194],[145.2658,-37.3727],[145.2565,-37.368],[145.2714,-37.3681],[145.2793,-37.3324],[145.262,-37.3297],[145.2519,-37.305],[145.1954,-37.2941],[145.1806,-37.2644],[145.163,-37.2776],[145.1772,-37.2359],[145.1638,-37.2158],[145.1964,-37.2061],[145.202,-37.1872],[145.2194,-37.1911],[145.2411,-37.177],[145.2286,-37.1346],[145.2789,-37.1431],[145.2883,-37.0996],[145.3662,-37.0976],[145.3747,-37.0762],[145.3927,-37.0763],[145.3928,-37.0437],[145.4296,-37.0202],[145.4259,-36.9991],[145.3729,-36.9753],[145.3643,-36.992],[145.34,-36.9835],[145.3229,-37.011],[145.304,-37.016],[145.3085,-37.0078],[145.2862,-36.9942],[145.2923,-36.9522],[145.2642,-36.9467],[145.2348,-36.9099],[145.2098,-36.9444],[145.1269,-36.9416],[145.1213,-36.8939],[145.087,-36.869],[144.987,-36.8361],[144.9332,-36.8355],[144.944,-36.8571],[144.8815,-36.8662],[144.8224,-36.8997],[144.8002,-36.9394],[144.8063,-36.9556],[144.7913,-36.952],[144.7966,-36.9655],[144.766,-36.9736],[144.7535,-36.963],[144.734,-36.9821],[144.7183,-36.9747],[144.6882,-36.9946],[144.6884,-37.011],[144.6505,-37.0153],[144.6322,-37.002],[144.5454,-37.0132],[144.5443,-37.0602]]]},"properties":{"lga_code_2024":"24850","lga_name_2024":"Mitchell","state_name_2021":"Victoria"},"id":24850},{"type":"Feature","geometry":{"type":"Polygon","coordinates":[[[144.8298,-36.1028],[144.8486,-36.1093],[144.8611,-36.0847],[144.8897,-36.094],[144.9039,-36.0778],[144.9392,-36.1135],[144.9601,-36.1069],[144.9814,-36.127],[144.9953,-36.1146],[145.0153,-36.1614],[145.0287,-36.148],[145.0622,-36.1712],[145.0911,-36.1577],[145.1279,-36.1831],[145.1379,-36.154],[145.1729,-36.1654],[145.1825,-36.185],[145.1944,-36.1588],[145.2085,-36.1678],[145.2276,-36.1586],[145.223,-36.1705],[145.2377,-36.1646],[145.2348,-36.1757],[145.2603,-36.1993],[145.6316,-36.1992],[145.6315,-36.2991],[146.0309,-36.299],[146.0369,-36.2551],[146.1314,-36.2551],[146.1311,-36.1868],[146.2367,-36.1906],[146.2465,-36.1769],[146.2288,-36.1671],[146.2413,-36.1333],[146.2045,-36.1258],[146.2152,-36.089],[146.1967,-36.0856],[146.1992,-36.047],[146.1785,-36.0508],[146.1734,-36.0194],[146.1315,-36.0195],[146.1348,-36.0025],[146.1187,-36.018],[146.1124,-36.0068],[146.0915,-36.0095],[146.0922,-36.0213],[146.0322,-35.9947],[145.9721,-36.0157],[145.9457,-35.9838],[145.9537,-35.9616],[145.9274,-35.9738],[145.9258,-35.9646],[145.9029,-35.9689],[145.9027,-35.9525],[145.854,-35.9599],[145.8479,-35.9684],[145.858,-35.9753],[145.8275,-35.9754],[145.81,-35.9914],[145.7769,-35.9724],[145.7782,-35.9602],[145.7461,-35.9642],[145.7168,-35.9506],[145.7263,-35.9423],[145.6973,-35.9365],[145.6982,-35.921],[145.6739,-35.9259],[145.6791,-35.9168],[145.6203,-35.8839],[145.6281,-35.8754],[145.6149,-35.8726],[145.6263,-35.8628],[145.6011,-35.875],[145.5868,-35.8612],[145.5932,-35.8491],[145.558,-35.8282],[145.5628,-35.8134],[145.5388,-35.8218],[145.5356,-35.802],[145.5217,-35.8187],[145.4721,-35.8092],[145.4625,-35.8269],[145.4507,-35.8214],[145.4418,-35.8357],[145.4199,-35.8282],[145.4105,-35.8487],[145.3552,-35.8671],[145.3245,-35.8507],[145.2965,-35.8606],[145.2727,-35.8452],[145.2584,-35.8506],[145.2607,-35.8354],[145.2462,-35.8303],[145.225,-35.8322],[145.2228,-35.8425],[145.1898,-35.8343],[145.1536,-35.8431],[145.1588,-35.8308],[145.1366,-35.8343],[145.1215,-35.8206],[145.0922,-35.8359],[145.09,-35.8255],[145.0496,-35.8337],[145.0192,-35.8566],[145.0006,-35.8493],[144.9709,-35.861],[144.975,-35.8838],[144.9489,-35.9316],[144.9574,-35.9609],[144.931,-35.9685],[144.9236,-35.989],[144.9617,-36.0181],[144.9869,-36.0643],[144.9495,-36.083],[144.9326,-36.067],[144.8633,-36.0592],[144.842,-36.083],[144.8426,-36.0999],[144.8298,-36.1028]]]},"properties":{"lga_code_2024":"24900","lga_name_2024":"Moira","state_name_2021":"Victoria"},"id":24900},{"type":"Feature","geometry":{"type":"Polygon","coordinates":[[[145.2192,-37.9401],[145.2064,-37.9312],[145.1957,-37.8652],[145.0951,-37.8533],[145.0742,-37.9081],[145.0852,-37.9095],[145.0825,-37.924],[145.2192,-37.9401]]]},"properties":{"lga_code_2024":"24970","lga_name_2024":"Monash","state_name_2021":"Victoria"},"id":24970},{"type":"Feature","geometry":{"type":"Polygon","coordinates":[[[144.8885,-37.7108],[144.8461,-37.7474],[144.8522,-37.7728],[144.8726,-37.7723],[144.8847,-37.7559],[144.9018,-37.7656],[144.9027,-37.7897],[144.9136,-37.7794],[144.9404,-37.7876],[144.9248,-37.729],[144.8885,-37.7108]]]},"properties":{"lga_code_2024":"25060","lga_name_2024":"Moonee Valley","state_name_2021":"Victoria"},"id":25060},{"type":"Feature","geometry":{"type":"Polygon","coordinates":[[[143.8827,-37.7142],[143.8986,-37.7238],[143.9034,-37.7517],[143.8835,-37.7781],[143.9163,-37.7925],[143.919,-37.8108],[143.9392,-37.8237],[144.0546,-37.8323],[144.0602,-37.7958],[144.1294,-37.7975],[144.2636,-37.8117],[144.296,-37.8196],[144.2942,-37.8289],[144.3228,-37.8447],[144.3533,-37.8453],[144.362,-37.8108],[144.3991,-37.8152],[144.4064,-37.8009],[144.4218,-37.8466],[144.4441,-37.864],[144.449,-37.8371],[144.4668,-37.8391],[144.4906,-37.7057],[144.5193,-37.7064],[144.5121,-37.6756],[144.5227,-37.6046],[144.5562,-37.5589],[144.4577,-37.5446],[144.4691,-37.5212],[144.4593,-37.4971],[144.4676,-37.4279],[144.4264,-37.4589],[144.4169,-37.4466],[144.3473,-37.4321],[144.3457,-37.4179],[144.3177,-37.4025],[144.2913,-37.437],[144.2347,-37.4165],[144.1981,-37.4201],[144.1963,-37.4088],[144.1072,-37.4286],[144.0786,-37.4627],[144.0423,-37.4638],[144.037,-37.4863],[143.9379,-37.4742],[143.9319,-37.5349],[143.9507,-37.5599],[143.9048,-37.5824],[143.8958,-37.6076],[143.9145,-37.6451],[143.9359,-37.6506],[143.9139,-37.6603],[143.9487,-37.6733],[143.9441,-37.6941],[143.9382,-37.7092],[143.8827,-37.7142]]]},"properties":{"lga_code_2024":"25150","lga_name_2024":"Moorabool","state_name_2021":"Victoria"},"id":25150},{"type":"Feature","geometry":{"type":"MultiPolygon","coordinates":[[[[145.2542,-38.2236],[145.1591,-38.1816],[145.1288,-38.2001],[145.0883,-38.1636],[145.0617,-38.2012],[145.0324,-38.2127],[145.0256,-38.2534],[144.9828,-38.2964],[144.9944,-38.3051],[144.9866,-38.3184],[144.8509,-38.3687],[144.7745,-38.3595],[144.7389,-38.3246],[144.6514,-38.3027],[144.7417,-38.3539],[144.8386,-38.4303],[144.8867,-38.4772],[144.8881,-38.4993],[145.011,-38.4797],[145.0313,-38.4871],[145.0251,-38.4753],[145.0472,-38.4338],[145.0764,-38.4254],[145.0961,-38.4025],[145.1341,-38.3902],[145.2346,-38.4096],[145.2152,-38.3831],[145.184,-38.3746],[145.1964,-38.3666],[145.222,-38.3778],[145.2188,-38.3476],[145.1928,-38.3245],[145.1929,-38.2966],[145.223,-38.3065],[145.2257,-38.2724],[145.2617,-38.2424],[145.2542,-38.2236]]],[[[144.8883,-38.5026],[144.888,-38.503],[144.8886,-38.5028],[144.8883,-38.5026]]],[[[144.8888,-38.5005],[144.8895,-38.5008],[144.8897,-38.5001],[144.8888,-38.5005]]],[[[144.8858,-38.4952],[144.8859,-38.4951],[144.8857,-38.4951],[144.8858,-38.4952]]],[[[144.8858,-38.4947],[144.886,-38.4945],[144.8858,-38.4946],[144.8858,-38.4947]]],[[[144.7399,-38.3561],[144.7401,-38.3557],[144.7399,-38.3559],[144.7399,-38.3561]]],[[[144.7404,-38.356],[144.7411,-38.3559],[144.7407,-38.3558],[144.7404,-38.356]]],[[[144.886,-38.4974],[144.8861,-38.4972],[144.8858,-38.4973],[144.886,-38.4974]]],[[[144.8857,-38.497],[144.8858,-38.4969],[144.8856,-38.4969],[144.8857,-38.497]]],[[[144.8856,-38.4957],[144.8856,-38.4956],[144.8854,-38.4956],[144.8856,-38.4957]]],[[[144.7876,-38.3936],[144.7878,-38.3936],[144.7878,-38.3934],[144.7876,-38.3936]]],[[[144.7403,-38.3585],[144.7403,-38.3584],[144.7402,-38.3585],[144.7403,-38.3585]]],[[[144.8851,-38.4964],[144.8853,-38.496],[144.8847,-38.4959],[144.8851,-38.4964]]],[[[144.8845,-38.496],[144.8848,-38.4956],[144.8845,-38.4957],[144.8845,-38.496]]],[[[144.7401,-38.3573],[144.7404,-38.3572],[144.7401,-38.357],[144.7401,-38.3573]]],[[[144.7407,-38.3584],[144.7407,-38.3582],[144.7405,-38.3582],[144.7407,-38.3584]]],[[[144.7314,-38.3503],[144.7314,-38.3504],[144.7315,-38.3504],[144.7314,-38.3503]]],[[[144.734,-38.3525],[144.7344,-38.3523],[144.7341,-38.3523],[144.734,-38.3525]]],[[[144.7361,-38.3545],[144.7363,-38.3544],[144.7361,-38.3543],[144.7361,-38.3545]]],[[[144.9068,-38.4936],[144.9073,-38.4937],[144.9074,-38.4934],[144.9068,-38.4936]]],[[[144.9061,-38.4934],[144.9069,-38.493],[144.9062,-38.4931],[144.9061,-38.4934]]],[[[144.9072,-38.4929],[144.907,-38.4928],[144.9074,-38.4932],[144.9072,-38.4929]]],[[[144.8944,-38.4936],[144.8945,-38.4933],[144.8943,-38.4933],[144.8944,-38.4936]]]]},"properties":{"lga_code_2024":"25340","lga_name_2024":"Mornington Peninsula","state_name_2021":"Victoria"},"id":25340},{"type":"Feature","geometry":{"type":"Polygon","coordinates":[[[143.9494,-37.1945],[143.9589,-37.2205],[144.0386,-37.2702],[144.042,-37.2561],[144.0636,-37.2495],[144.0743,-37.1477],[144.1904,-37.1661],[144.1851,-37.1954],[144.2766,-37.2091],[144.2922,-37.1636],[144.3745,-37.1732],[144.3673,-37.1573],[144.5273,-37.1773],[144.5267,-37.1508],[144.545,-37.1219],[144.5304,-37.1003],[144.5459,-37.0633],[144.4927,-37.0505],[144.5062,-36.9759],[144.456,-36.9384],[144.4296,-36.9442],[144.4119,-36.9234],[144.3961,-36.9553],[144.3003,-36.9426],[144.2977,-36.957],[144.2405,-36.9506],[144.2283,-36.9224],[143.8917,-36.8819],[143.8921,-36.8939],[143.8664,-36.9013],[143.8465,-36.928],[143.8599,-36.95],[143.8306,-36.9807],[143.8842,-36.9863],[143.8823,-36.9986],[143.8997,-37.0006],[143.8957,-37.0236],[143.9734,-37.0294],[144.0132,-37.0691],[143.9646,-37.1008],[143.9552,-37.1399],[143.9627,-37.1765],[143.9494,-37.1945]]]},"properties":{"lga_code_2024":"25430","lga_name_2024":"Mount Alexander","state_name_2021":"Victoria"},"id":25430},{"type":"Feature","geometry":{"type":"Polygon","coordinates":[[[141.8696,-38.2643],[141.9783,-38.2982],[142.1457,-38.3915],[142.1888,-38.3947],[142.2449,-38.3965],[142.255,-38.3912],[142.2443,-38.378],[142.2615,-38.3646],[142.3536,-38.3501],[142.4224,-38.3724],[142.429,-38.3144],[142.5099,-38.3126],[142.519,-38.3586],[142.5564,-38.3596],[142.5539,-38.3723],[142.5724,-38.3743],[142.5701,-38.3885],[142.621,-38.3886],[142.6204,-38.4081],[142.607,-38.4167],[142.609,-38.4501],[142.7877,-38.5691],[142.8781,-38.6099],[142.8846,-38.6007],[142.87,-38.5678],[142.8327,-38.538],[142.834,-38.5191],[142.8581,-38.5],[142.8996,-38.4868],[142.8474,-38.4807],[142.8798,-38.3062],[142.827,-38.3145],[142.8146,-38.2984],[142.8254,-38.297],[142.8445,-38.1967],[142.8907,-38.1944],[142.8958,-38.1232],[143.0194,-38.136],[142.9921,-38.0798],[143.0262,-38.0581],[143.0134,-38.0458],[143.0343,-38.0361],[143.031,-38.0139],[143.0504,-38.0049],[143.0365,-37.9914],[143.0494,-37.9851],[143.0519,-37.9634],[143.083,-37.9473],[143.0741,-37.929],[143.0978,-37.9071],[143.0821,-37.9059],[143.0739,-37.8861],[143.1012,-37.883],[143.0813,-37.8785],[143.0795,-37.8638],[143.1058,-37.8335],[143.0762,-37.8157],[143.0621,-37.8249],[143.0314,-37.8145],[143.0353,-37.7928],[143.0131,-37.7869],[143.0167,-37.7667],[143.0072,-37.7656],[142.8794,-37.8366],[142.8795,-37.8084],[142.8614,-37.8065],[142.8422,-37.8079],[142.8397,-37.8221],[142.7577,-37.8127],[142.7017,-37.8347],[142.6648,-37.83],[142.6731,-37.8166],[142.5525,-37.8013],[142.5307,-37.843],[142.4667,-37.8349],[142.4501,-37.9184],[142.409,-37.8982],[142.4136,-37.9322],[142.2141,-37.9344],[142.1622,-37.94],[142.1339,-37.9565],[142.0314,-37.9482],[141.96,-37.9732],[141.9153,-37.9639],[141.8847,-37.9425],[141.8264,-37.9357],[141.8171,-37.9433],[141.8347,-38.0101],[141.8198,-38.0393],[141.8694,-38.1131],[141.8694,-38.1447],[141.851,-38.1447],[141.8509,-38.1744],[141.8509,-38.2112],[141.8696,-38.2107],[141.8696,-38.2643]]]},"properties":{"lga_code_2024":"25490","lga_name_2024":"Moyne","state_name_2021":"Victoria"},"id":25490},{"type":"Feature","geometry":{"type":"Polygon","coordinates":[[[145.2223,-37.4726],[145.2567,-37.492],[145.2517,-37.5106],[145.2944,-37.4986],[145.2971,-37.5137],[145.3138,-37.5156],[145.3048,-37.5219],[145.3413,-37.5435],[145.3866,-37.5434],[145.4176,-37.5262],[145.4699,-37.5577],[145.5315,-37.5569],[145.5626,-37.5932],[145.5861,-37.5673],[145.6149,-37.571],[145.6759,-37.6242],[145.7373,-37.594],[145.7382,-37.5666],[145.7554,-37.5748],[145.8092,-37.5644],[145.8263,-37.5281],[145.843,-37.5289],[145.8479,-37.5164],[145.8733,-37.525],[145.8729,-37.4937],[145.8816,-37.4922],[145.8772,-37.5143],[145.8897,-37.5323],[146.186,-37.5348],[146.1541,-37.5288],[146.1348,-37.4807],[146.1436,-37.4677],[146.0644,-37.3851],[146.0543,-37.3668],[146.0696,-37.3432],[146.017,-37.2789],[146.0165,-37.2397],[146.0021,-37.2286],[145.998,-37.2403],[145.9759,-37.2413],[145.97,-37.264],[145.9649,-37.2311],[145.9257,-37.2193],[145.901,-37.1942],[145.8613,-37.1926],[145.8775,-37.1847],[145.8708,-37.1743],[145.8452,-37.1737],[145.8771,-37.1682],[145.8536,-37.1435],[145.8826,-37.1543],[145.8905,-37.1212],[145.8111,-37.1069],[145.7783,-37.0865],[145.7593,-37.0551],[145.7065,-37.0392],[145.7128,-37.0304],[145.6984,-37.0089],[145.6816,-37.0039],[145.6863,-36.9852],[145.6594,-36.9774],[145.6501,-36.946],[145.6258,-36.9379],[145.5823,-36.9617],[145.5318,-36.9591],[145.5289,-36.9938],[145.4994,-36.9921],[145.4894,-37.0232],[145.4277,-37.006],[145.4295,-37.0217],[145.3928,-37.0437],[145.3927,-37.0763],[145.3747,-37.0762],[145.3721,-37.0941],[145.2883,-37.0996],[145.2789,-37.1431],[145.2304,-37.1333],[145.2411,-37.177],[145.2194,-37.1911],[145.202,-37.1872],[145.1964,-37.2061],[145.1638,-37.2158],[145.1772,-37.2359],[145.163,-37.2776],[145.1806,-37.2644],[145.1954,-37.2941],[145.2519,-37.305],[145.262,-37.3297],[145.2793,-37.3324],[145.2714,-37.3681],[145.2565,-37.368],[145.2658,-37.3727],[145.2656,-37.4194],[145.2363,-37.4359],[145.2223,-37.4726]]]},"properties":{"lga_code_2024":"25620","lga_name_2024":"Murrindindi","state_name_2021":"Victoria"},"id":25620},{"type":"Feature","geometry":{"type":"Polygon","coordinates":[[[145.0677,-37.6869],[145.0921,-37.6952],[145.1437,-37.6826],[145.1404,-37.7013],[145.128,-37.7023],[145.1357,-37.7409],[145.1818,-37.7298],[145.1974,-37.7414],[145.2016,-37.7304],[145.2154,-37.7319],[145.2054,-37.7417],[145.2421,-37.7361],[145.2348,-37.721],[145.2679,-37.7033],[145.2727,-37.7161],[145.284,-37.7187],[145.2923,-37.7024],[145.2915,-37.7116],[145.3118,-37.7159],[145.3539,-37.6439],[145.3664,-37.5451],[145.3048,-37.5219],[145.3138,-37.5156],[145.2971,-37.5137],[145.2944,-37.4986],[145.2517,-37.5106],[145.2567,-37.492],[145.2393,-37.4877],[145.2263,-37.5087],[145.2344,-37.5173],[145.1967,-37.5237],[145.2055,-37.5392],[145.1799,-37.5364],[145.1444,-37.5703],[145.1358,-37.6199],[145.1087,-37.6312],[145.1078,-37.6582],[145.0839,-37.6691],[145.1019,-37.6872],[145.0677,-37.6869]]]},"properties":{"lga_code_2024":"25710","lga_name_2024":"Nillumbik","state_name_2021":"Victoria"},"id":25710},{"type":"Feature","geometry":{"type":"Polygon","coordinates":[[[142.4712,-36.7615],[142.5204,-36.8381],[142.5712,-36.8794],[142.5594,-36.8796],[142.5594,-36.9427],[142.4978,-36.942],[142.4981,-36.9166],[142.5113,-36.9155],[142.4933,-36.8977],[142.4802,-36.8977],[142.4804,-36.9168],[142.4558,-36.9167],[142.4417,-36.8688],[142.4315,-36.8687],[142.4315,-36.8889],[142.3773,-36.869],[142.3823,-36.8811],[142.3528,-36.885],[142.3527,-36.8968],[142.3741,-36.8903],[142.374,-36.9034],[142.3583,-36.9034],[142.3581,-36.9266],[142.3751,-36.9271],[142.3787,-36.9477],[142.3759,-36.9657],[142.3582,-36.9731],[142.3947,-36.9784],[142.3515,-36.9803],[142.34,-36.9913],[142.3469,-37.0138],[142.335,-37.0191],[142.3609,-37.0215],[142.3684,-37.009],[142.405,-37.0163],[142.4109,-37.0346],[142.3959,-37.0285],[142.391,-37.0463],[142.4068,-37.046],[142.4069,-37.0583],[142.3746,-37.0586],[142.3447,-37.0816],[142.333,-37.072],[142.3083,-37.086],[142.3082,-37.0985],[142.2884,-37.0887],[142.2712,-37.1074],[142.2351,-37.1072],[142.2348,-37.1382],[142.3588,-37.2255],[142.5125,-37.2939],[142.5989,-37.2929],[142.5808,-37.2727],[142.597,-37.2622],[142.5982,-37.2244],[142.5428,-37.1574],[142.7171,-37.1573],[142.717,-37.1429],[142.7564,-37.1509],[142.7648,-37.1419],[142.7837,-37.1689],[142.8239,-37.1717],[142.8379,-37.1916],[142.8834,-37.1997],[142.954,-37.2078],[142.9613,-37.167],[142.9935,-37.1831],[143.0591,-37.1872],[143.0669,-37.1474],[143.0965,-37.1497],[143.0862,-37.1248],[143.1011,-37.1013],[143.0926,-37.0389],[143.1027,-37.0015],[143.0871,-36.9772],[143.1052,-36.9788],[143.0899,-36.9629],[143.107,-36.9044],[143.1817,-36.8977],[143.2428,-36.9099],[143.2393,-36.9018],[143.3534,-36.9146],[143.3728,-36.934],[143.472,-36.9368],[143.4674,-36.9115],[143.5103,-36.8687],[143.4988,-36.8266],[143.5069,-36.8079],[143.4596,-36.7466],[143.5021,-36.658],[143.4863,-36.6257],[143.4384,-36.6144],[143.4212,-36.5571],[143.3338,-36.5123],[143.2856,-36.4067],[143.1474,-36.4097],[143.1331,-36.4494],[143.0449,-36.4432],[143.0574,-36.4682],[143.0198,-36.4827],[142.7987,-36.4596],[142.7894,-36.4959],[142.7319,-36.4977],[142.7317,-36.5508],[142.8164,-36.5723],[142.8164,-36.5943],[142.7947,-36.6395],[142.7639,-36.6567],[142.7141,-36.721],[142.7315,-36.7614],[142.4712,-36.7615]]]},"properties":{"lga_code_2024":"25810","lga_name_2024":"Northern Grampians","state_name_2021":"Victoria"},"id":25810},{"type":"Feature","geometry":{"type":"Polygon","coordinates":[[[144.9133,-37.8421],[144.9638,-37.8558],[144.985,-37.891],[145.0092,-37.8676],[144.9833,-37.8557],[144.9713,-37.8299],[144.9244,-37.8279],[144.9133,-37.8421]]]},"properties":{"lga_code_2024":"25900","lga_name_2024":"Port Phillip","state_name_2021":"Victoria"},"id":25900},{"type":"Feature","geometry":{"type":"Polygon","coordinates":[[[143.1807,-37.7315],[143.2419,-37.7467],[143.2671,-37.7335],[143.2719,-37.7534],[143.3041,-37.7566],[143.3228,-37.7434],[143.3205,-37.712],[143.3424,-37.7085],[143.3539,-37.6704],[143.4464,-37.6696],[143.4829,-37.646],[143.4948,-37.6609],[143.5358,-37.6667],[143.5365,-37.6483],[143.6516,-37.6471],[143.6686,-37.5384],[143.595,-37.5273],[143.6203,-37.4738],[143.6092,-37.4671],[143.62,-37.465],[143.6656,-37.2343],[143.6364,-37.2308],[143.6406,-37.2083],[143.5823,-37.2017],[143.5854,-37.1846],[143.5498,-37.1761],[143.5519,-37.1587],[143.5829,-37.1319],[143.5781,-37.1151],[143.5627,-37.1165],[143.5653,-37.0957],[143.552,-37.0942],[143.5625,-37.0336],[143.5757,-37.0318],[143.5797,-37.0094],[143.5921,-37.0108],[143.6037,-36.9899],[143.5758,-36.9815],[143.5747,-36.969],[143.5935,-36.9562],[143.582,-36.9451],[143.5425,-36.9492],[143.4097,-36.9278],[143.3737,-36.9341],[143.3534,-36.9146],[143.2393,-36.9018],[143.2428,-36.9099],[143.1817,-36.8977],[143.107,-36.9044],[143.0899,-36.9629],[143.1052,-36.9788],[143.0871,-36.9772],[143.1027,-37.0015],[143.0926,-37.0389],[143.1011,-37.1013],[143.0862,-37.1248],[143.0955,-37.1556],[143.1817,-37.1886],[143.2025,-37.161],[143.2246,-37.1537],[143.2638,-37.1817],[143.2913,-37.28],[143.2338,-37.2861],[143.2256,-37.3154],[143.1943,-37.321],[143.2017,-37.3566],[143.2486,-37.3621],[143.2365,-37.3843],[143.251,-37.3928],[143.1973,-37.4263],[143.1793,-37.5246],[143.193,-37.5265],[143.0898,-37.6514],[143.0609,-37.7182],[143.1807,-37.7315]]]},"properties":{"lga_code_2024":"25990","lga_name_2024":"Pyrenees","state_name_2021":"Victoria"},"id":25990},{"type":"Feature","geometry":{"type":"MultiPolygon","coordinates":[[[[144.6007,-38.2878],[144.6142,-38.2921],[144.6202,-38.2759],[144.6722,-38.2653],[144.6333,-38.2698],[144.6261,-38.2575],[144.6007,-38.2878]]],[[[144.6858,-38.2458],[144.6877,-38.2454],[144.6842,-38.2446],[144.6858,-38.2458]]],[[[144.6378,-38.2672],[144.6389,-38.2674],[144.6385,-38.2667],[144.6378,-38.2672]]],[[[144.6675,-38.2622],[144.702,-38.2431],[144.6788,-38.2506],[144.6781,-38.2379],[144.6632,-38.2519],[144.6675,-38.2622]]],[[[144.6665,-38.2586],[144.6663,-38.2571],[144.6619,-38.2589],[144.6665,-38.2586]]]]},"properties":{"lga_code_2024":"26080","lga_name_2024":"Queenscliffe","state_name_2021":"Victoria"},"id":26080},{"type":"Feature","geometry":{"type":"Polygon","coordinates":[[[145.7295,-38.6451],[145.7936,-38.6881],[145.8695,-38.7761],[145.9212,-38.9096],[146.0063,-38.8779],[145.9966,-38.8523],[146.0114,-38.8242],[146.043,-38.8113],[146.0853,-38.8163],[146.1842,-38.8695],[146.2206,-38.9035],[146.2695,-38.973],[146.2673,-38.9912],[146.249,-38.996],[146.2743,-38.9964],[146.2918,-39.0131],[146.2839,-39.0249],[146.303,-39.0235],[146.3047,-39.0394],[146.3286,-39.0278],[146.314,-39.0318],[146.3264,-39.0411],[146.3169,-39.0523],[146.3523,-39.0589],[146.3407,-39.077],[146.3207,-39.0805],[146.3459,-39.1255],[146.3738,-39.1367],[146.3878,-39.1251],[146.3893,-39.1339],[146.4248,-39.131],[146.4416,-39.0898],[146.4253,-39.0835],[146.4308,-39.0658],[146.4553,-39.0541],[146.4806,-39.0664],[146.4778,-39.0438],[146.4604,-39.0369],[146.4754,-39.0257],[146.4318,-39.011],[146.4457,-39.0037],[146.4361,-38.981],[146.451,-38.9479],[146.4893,-38.9105],[146.4845,-38.8832],[146.4681,-38.8735],[146.4772,-38.7896],[146.438,-38.7789],[146.4207,-38.8038],[146.4149,-38.8521],[146.3687,-38.8601],[146.3237,-38.9033],[146.2991,-38.9063],[146.2866,-38.8664],[146.2703,-38.8601],[146.2639,-38.8234],[146.2728,-38.806],[146.233,-38.809],[146.2185,-38.7718],[146.1856,-38.7434],[146.1926,-38.7287],[146.2107,-38.7379],[146.2107,-38.7285],[146.192,-38.7264],[146.2292,-38.7012],[146.2121,-38.6929],[146.2439,-38.6828],[146.2445,-38.6959],[146.2607,-38.6873],[146.2919,-38.6953],[146.3391,-38.6906],[146.3318,-38.6811],[146.3511,-38.673],[146.381,-38.6856],[146.384,-38.7194],[146.4068,-38.7224],[146.4371,-38.6945],[146.493,-38.6968],[146.4947,-38.6797],[146.5258,-38.6924],[146.5256,-38.6193],[146.4781,-38.614],[146.4631,-38.5985],[146.4277,-38.605],[146.3688,-38.5919],[146.3676,-38.5766],[146.3127,-38.5618],[146.3124,-38.5439],[146.3274,-38.5314],[146.3181,-38.5207],[146.2905,-38.5279],[146.2918,-38.5001],[146.2548,-38.4961],[146.2626,-38.471],[146.2384,-38.468],[146.2372,-38.4529],[146.2693,-38.457],[146.2722,-38.4464],[146.2232,-38.44],[146.2409,-38.3792],[146.2105,-38.3704],[146.2435,-38.3561],[146.2505,-38.3267],[146.2039,-38.3171],[146.1892,-38.3439],[146.1622,-38.3406],[146.1225,-38.3601],[146.0968,-38.3258],[146.064,-38.3106],[146.0542,-38.3236],[146.0115,-38.3328],[145.9675,-38.3121],[145.9654,-38.3236],[145.9407,-38.3308],[145.902,-38.3265],[145.9065,-38.339],[145.8886,-38.3368],[145.885,-38.3168],[145.8277,-38.3205],[145.8309,-38.3035],[145.8005,-38.2644],[145.7596,-38.2649],[145.7613,-38.2775],[145.7354,-38.2746],[145.7327,-38.2894],[145.6124,-38.2856],[145.6057,-38.3325],[145.6446,-38.3424],[145.6655,-38.3672],[145.6948,-38.3761],[145.6884,-38.4645],[145.6763,-38.4635],[145.6738,-38.4807],[145.6958,-38.5022],[145.6987,-38.5363],[145.7184,-38.5382],[145.7211,-38.5244],[145.7619,-38.5385],[145.7571,-38.5662],[145.7757,-38.5679],[145.7682,-38.604],[145.8165,-38.5835],[145.8081,-38.6265],[145.8166,-38.6475],[145.7295,-38.6451]]]},"properties":{"lga_code_2024":"26170","lga_name_2024":"South Gippsland","state_name_2021":"Victoria"},"id":26170},{"type":"Feature","geometry":{"type":"Polygon","coordinates":[[[141.8747,-37.9409],[141.96,-37.9732],[142.0314,-37.9482],[142.1339,-37.9565],[142.1622,-37.94],[142.2141,-37.9344],[142.4136,-37.9322],[142.409,-37.8982],[142.4501,-37.9184],[142.4667,-37.8349],[142.5307,-37.843],[142.5525,-37.8013],[142.6147,-37.8103],[142.5902,-37.7651],[142.6188,-37.6468],[142.5871,-37.627],[142.3535,-37.598],[142.3791,-37.5106],[142.478,-37.4009],[142.5164,-37.2932],[142.4231,-37.2601],[142.4035,-37.2374],[142.3588,-37.2255],[142.241,-37.1499],[142.2086,-37.0881],[142.1875,-37.1128],[142.1145,-37.1121],[142.1091,-37.1627],[142.0923,-37.1709],[142.0797,-37.2236],[141.9998,-37.2243],[141.9892,-37.2124],[141.9128,-37.2024],[141.9117,-37.1898],[141.9356,-37.1708],[141.9255,-37.1251],[141.9103,-37.1135],[141.9089,-37.1348],[141.8405,-37.1525],[141.8402,-37.1681],[141.8115,-37.1681],[141.8109,-37.1773],[141.8008,-37.1667],[141.7753,-37.1803],[141.7416,-37.1747],[141.7246,-37.188],[141.6724,-37.1523],[141.6397,-37.1654],[141.6317,-37.1553],[141.6147,-37.1695],[141.5972,-37.1612],[141.5762,-37.1881],[141.4913,-37.2207],[141.4896,-37.2467],[141.5235,-37.275],[141.5314,-37.2976],[141.4315,-37.2975],[141.4315,-37.3723],[141.4994,-37.3801],[141.4866,-37.4525],[141.5375,-37.4579],[141.5255,-37.4947],[141.5459,-37.5406],[141.5143,-37.5607],[141.5454,-37.5897],[141.5244,-37.6019],[141.5739,-37.6125],[141.5874,-37.6445],[141.6447,-37.6452],[141.6668,-37.677],[141.6873,-37.6805],[141.6918,-37.7018],[141.7237,-37.7163],[141.7169,-37.7577],[141.7338,-37.8066],[141.7322,-37.8954],[141.8313,-37.8926],[141.8287,-37.8683],[141.919,-37.8863],[141.9149,-37.9118],[141.8663,-37.9288],[141.8747,-37.9409]]]},"properties":{"lga_code_2024":"26260","lga_name_2024":"Southern Grampians","state_name_2021":"Victoria"},"id":26260},{"type":"Feature","geometry":{"type":"Polygon","coordinates":[[[145.0782,-37.8872],[145.0882,-37.893],[145.0921,-37.8718],[145.0701,-37.8748],[145.0389,-37.839],[144.9879,-37.8296],[144.9833,-37.8557],[145.0782,-37.8872]]]},"properties":{"lga_code_2024":"26350","lga_name_2024":"Stonnington","state_name_2021":"Victoria"},"id":26350},{"type":"Feature","geometry":{"type":"Polygon","coordinates":[[[144.7947,-36.7507],[144.7848,-36.7805],[144.7985,-36.8326],[144.8509,-36.8795],[144.944,-36.8571],[144.9332,-36.8355],[144.9789,-36.8353],[145.087,-36.869],[145.1213,-36.8939],[145.1269,-36.9416],[145.2098,-36.9444],[145.2348,-36.9099],[145.2642,-36.9467],[145.2923,-36.9522],[145.2862,-36.9942],[145.3093,-37.0172],[145.3396,-36.9836],[145.3625,-36.9926],[145.3729,-36.9753],[145.4462,-37.0165],[145.4894,-37.0232],[145.4994,-36.9921],[145.5289,-36.9938],[145.5318,-36.9591],[145.5823,-36.9617],[145.6082,-36.9408],[145.6533,-36.9455],[145.7045,-36.9244],[145.7905,-36.9324],[145.8663,-36.9023],[145.8563,-36.8854],[145.8724,-36.7999],[145.83,-36.7863],[145.8123,-36.7355],[145.8243,-36.6814],[145.8452,-36.6513],[145.8554,-36.5683],[145.8194,-36.5634],[145.8233,-36.454],[145.7992,-36.4589],[145.7244,-36.4246],[145.7319,-36.499],[145.6316,-36.499],[145.6317,-36.5633],[145.3536,-36.5561],[145.3189,-36.6124],[145.3047,-36.6135],[145.3025,-36.6419],[145.2287,-36.642],[145.205,-36.6548],[145.2223,-36.6707],[145.2217,-36.6872],[145.1857,-36.6863],[145.1784,-36.7006],[145.1685,-36.6753],[145.0874,-36.6755],[145.0435,-36.6507],[145.0426,-36.682],[145.0205,-36.682],[145.0171,-36.6688],[144.9867,-36.6997],[144.9322,-36.6997],[144.9319,-36.7479],[144.7947,-36.7507]]]},"properties":{"lga_code_2024":"26430","lga_name_2024":"Strathbogie","state_name_2021":"Victoria"},"id":26430},{"type":"Feature","geometry":{"type":"Polygon","coordinates":[[[143.9461,-38.5794],[143.9743,-38.5652],[143.9868,-38.5485],[143.9797,-38.5323],[144.0352,-38.4767],[144.1048,-38.4693],[144.1338,-38.4345],[144.184,-38.4287],[144.1806,-38.4189],[144.2,-38.4067],[144.254,-38.3955],[144.2566,-38.3827],[144.3274,-38.3402],[144.3323,-38.3233],[144.3965,-38.2918],[144.4061,-38.2573],[144.2413,-38.2378],[144.2603,-38.1378],[144.1873,-38.1459],[144.1881,-38.1354],[144.1403,-38.1104],[144.1403,-38.1222],[144.1194,-38.1113],[144.1054,-38.1247],[144.106,-38.1005],[144.0272,-38.1232],[143.9973,-38.116],[143.9794,-38.1303],[143.9085,-38.1045],[143.9007,-38.1385],[143.8575,-38.1334],[143.8338,-38.291],[143.8788,-38.2762],[143.8349,-38.5106],[143.8553,-38.524],[143.8519,-38.5447],[143.8245,-38.5666],[143.9461,-38.5794]]]},"properties":{"lga_code_2024":"26490","lga_name_2024":"Surf Coast","state_name_2021":"Victoria"},"id":26490},{"type":"Feature","geometry":{"type":"Polygon","coordinates":[[[143.2882,-35.647],[143.2882,-35.5749],[143.6415,-35.5727],[143.6387,-35.5295],[143.7344,-35.5252],[143.709,-35.4942],[143.8056,-35.5001],[143.8088,-35.4769],[143.7908,-35.4663],[143.819,-35.4385],[143.7629,-35.4231],[143.7638,-35.3922],[143.7092,-35.3925],[143.6852,-35.3683],[143.6404,-35.4011],[143.5971,-35.3511],[143.5651,-35.3422],[143.569,-35.3024],[143.5909,-35.2817],[143.5835,-35.265],[143.5711,-35.2669],[143.5639,-35.2369],[143.581,-35.2192],[143.5639,-35.2026],[143.5292,-35.2199],[143.5183,-35.2116],[143.4715,-35.2193],[143.4495,-35.1891],[143.3878,-35.1854],[143.3906,-35.1451],[143.3608,-35.103],[143.3409,-35.0957],[143.3391,-35.0682],[143.3508,-35.0647],[143.3221,-35.0367],[143.336,-35.0374],[143.3381,-35.0109],[143.3186,-34.993],[143.3172,-34.9534],[143.3427,-34.9329],[143.3213,-34.8887],[143.3421,-34.8813],[143.3526,-34.8582],[143.3452,-34.8535],[143.355,-34.846],[143.3412,-34.8463],[143.3596,-34.8169],[143.3512,-34.7941],[143.3088,-34.7799],[143.2767,-34.7923],[143.273,-34.7764],[143.2521,-34.7728],[143.274,-34.7527],[143.2489,-34.7579],[143.2407,-34.7455],[143.2244,-34.7587],[143.2188,-34.7295],[143.2009,-34.7334],[143.2001,-34.7171],[143.181,-34.7095],[143.1654,-34.7181],[143.1617,-34.6979],[143.1474,-34.7148],[143.118,-34.703],[143.1276,-34.6927],[143.1071,-34.7016],[143.1211,-34.6875],[143.1123,-34.6809],[143.0928,-34.7013],[143.0762,-34.696],[143.0708,-34.6784],[143.0548,-34.6989],[143.0404,-34.6859],[143.0395,-34.7026],[143.0325,-34.6829],[143.0102,-34.6937],[143.0173,-34.6737],[142.9946,-34.6739],[142.9894,-34.6626],[142.9753,-34.6709],[142.9824,-34.6827],[142.9727,-34.6952],[142.9593,-34.665],[142.9489,-34.6697],[142.9238,-34.6479],[142.9015,-34.655],[142.8868,-34.6798],[142.8606,-34.6652],[142.8719,-34.6503],[142.8554,-34.6387],[142.8682,-34.6273],[142.8407,-34.6258],[142.8228,-34.6002],[142.8186,-34.6123],[142.805,-34.6084],[142.8103,-34.5891],[142.7979,-34.5976],[142.7874,-34.59],[142.8101,-34.5609],[142.7902,-34.5465],[142.77,-34.5689],[142.7838,-34.5791],[142.7483,-34.5768],[142.7592,-34.6001],[142.7,-34.5994],[142.704,-34.6135],[142.6895,-34.6183],[142.7088,-34.6227],[142.6892,-34.6525],[142.7108,-34.6758],[142.6841,-34.6709],[142.6789,-34.6808],[142.6911,-34.7014],[142.6845,-34.7141],[142.6994,-34.7245],[142.6786,-34.7223],[142.679,-34.7392],[142.6614,-34.7217],[142.6373,-34.735],[142.6183,-34.7288],[142.6205,-34.7571],[142.6464,-34.7633],[142.6387,-34.7808],[142.6168,-34.7855],[142.5672,-34.7669],[142.5567,-34.7754],[142.5336,-34.7531],[142.517,-34.7548],[142.5186,-34.8639],[142.6354,-34.8641],[142.6412,-34.884],[142.6974,-34.8869],[142.6971,-35.1145],[142.743,-35.115],[142.7345,-35.1981],[142.7938,-35.2475],[142.818,-35.2308],[142.8564,-35.2311],[142.8564,-35.2392],[143.0033,-35.2494],[143.0104,-35.3738],[142.9972,-35.374],[142.9973,-35.491],[143.1313,-35.4909],[143.1236,-35.5148],[143.1371,-35.5453],[143.1981,-35.5516],[143.1872,-35.6074],[143.2003,-35.6546],[143.2882,-35.647]]]},"properties":{"lga_code_2024":"26610","lga_name_2024":"Swan Hill","state_name_2021":"Victoria"},"id":26610},{"type":"Feature","geometry":{"type":"Polygon","coordinates":[[[147.1254,-36.4479],[147.1256,-36.4677],[147.1098,-36.4727],[147.1069,-36.4877],[147.1291,-36.5331],[147.1259,-36.5514],[147.1703,-36.5829],[147.1733,-36.6388],[147.2157,-36.671],[147.3084,-36.6898],[147.3206,-36.7481],[147.3801,-36.7507],[147.4395,-36.8008],[147.464,-36.8017],[147.4714,-36.7831],[147.5265,-36.7711],[147.5419,-36.7376],[147.9602,-36.6124],[148.1345,-36.7437],[148.1307,-36.7347],[148.1889,-36.6884],[148.2207,-36.6258],[148.2144,-36.6106],[148.2028,-36.6121],[148.2176,-36.5985],[148.206,-36.5869],[148.1607,-36.5798],[148.1505,-36.5583],[148.1334,-36.5669],[148.1243,-36.5506],[148.1398,-36.5254],[148.1176,-36.4955],[148.1247,-36.4647],[148.0876,-36.4519],[148.0803,-36.4221],[148.0375,-36.3901],[148.0589,-36.32],[148.035,-36.3106],[148.0439,-36.2995],[148.0261,-36.223],[148.0406,-36.207],[148.0218,-36.1765],[148.0348,-36.163],[148.0229,-36.1535],[148.0377,-36.1408],[148.0044,-36.1401],[147.9906,-36.1211],[147.9992,-36.0987],[147.9802,-36.0866],[147.9997,-36.0462],[147.9874,-36.0523],[147.9743,-36.0385],[147.9337,-36.0476],[147.9115,-36.0266],[147.9126,-35.9953],[147.8829,-36.0018],[147.8509,-35.9816],[147.8175,-35.9797],[147.8062,-35.9651],[147.7768,-35.9686],[147.7187,-35.9455],[147.7084,-35.9285],[147.6468,-35.946],[147.6014,-35.9791],[147.5491,-35.9645],[147.5477,-35.9786],[147.584,-35.9846],[147.5519,-36.0041],[147.5211,-35.9864],[147.5255,-35.9632],[147.4941,-35.9435],[147.4641,-35.9441],[147.4507,-35.9608],[147.3918,-35.9476],[147.3925,-35.9733],[147.3582,-35.9913],[147.3457,-36.0188],[147.3528,-36.0317],[147.3196,-36.0611],[147.2852,-36.0394],[147.2063,-36.0501],[147.1645,-36.0308],[147.1444,-36.0378],[147.1241,-35.9944],[147.0981,-36.0102],[147.1064,-36.0165],[147.0921,-36.0277],[147.1037,-36.0331],[147.0956,-36.0524],[147.0618,-36.0662],[147.0356,-36.1346],[147.1011,-36.2188],[147.0971,-36.2325],[147.1435,-36.2584],[147.1974,-36.339],[147.1666,-36.3593],[147.1454,-36.4507],[147.1254,-36.4479]]]},"properties":{"lga_code_2024":"26670","lga_name_2024":"Towong","state_name_2021":"Victoria"},"id":26670},{"type":"Feature","geometry":{"type":"Polygon","coordinates":[[[146.2788,-36.9249],[146.647,-37.1632],[146.6388,-37.1273],[146.674,-37.1133],[146.6723,-36.9828],[146.6546,-36.9701],[146.6436,-36.9352],[146.6439,-36.8698],[146.6257,-36.8566],[146.6426,-36.8128],[146.5665,-36.7411],[146.6309,-36.6828],[146.6155,-36.6531],[146.622,-36.6313],[146.6705,-36.569],[146.6582,-36.5529],[146.6702,-36.5357],[146.6616,-36.5238],[146.6343,-36.5225],[146.6475,-36.5116],[146.6434,-36.4996],[146.7194,-36.4771],[146.725,-36.4187],[146.6879,-36.4216],[146.6118,-36.3961],[146.614,-36.3813],[146.6043,-36.3812],[146.635,-36.3034],[146.558,-36.3287],[146.5716,-36.2536],[146.5124,-36.2467],[146.5357,-36.2283],[146.5252,-36.2152],[146.5402,-36.1833],[146.5233,-36.1715],[146.2842,-36.1423],[146.2947,-36.0875],[146.2021,-36.0694],[146.1961,-36.0846],[146.2164,-36.0973],[146.2045,-36.1258],[146.2413,-36.1333],[146.2288,-36.1671],[146.2465,-36.1769],[146.2367,-36.1906],[146.1311,-36.1868],[146.1315,-36.2832],[146.1471,-36.2992],[146.181,-36.2975],[146.1811,-36.3376],[146.197,-36.3341],[146.2052,-36.3645],[146.2195,-36.3572],[146.2042,-36.4107],[146.2246,-36.449],[146.1759,-36.4728],[146.2097,-36.5027],[146.1952,-36.523],[146.1949,-36.5876],[146.2255,-36.5996],[146.2143,-36.648],[146.2356,-36.6976],[146.2311,-36.7166],[146.2549,-36.7428],[146.2397,-36.7772],[146.2512,-36.84],[146.2429,-36.8696],[146.259,-36.8873],[146.2553,-36.9059],[146.2788,-36.9249]]]},"properties":{"lga_code_2024":"26700","lga_name_2024":"Wangaratta","state_name_2021":"Victoria"},"id":26700},{"type":"Feature","geometry":{"type":"Polygon","coordinates":[[[142.4224,-38.3724],[142.4717,-38.4043],[142.4956,-38.3948],[142.609,-38.4501],[142.607,-38.4167],[142.6204,-38.4081],[142.621,-38.3886],[142.5701,-38.3885],[142.5724,-38.3743],[142.5539,-38.3723],[142.5564,-38.3596],[142.519,-38.3586],[142.5099,-38.3126],[142.429,-38.3144],[142.4224,-38.3724]]]},"properties":{"lga_code_2024":"26730","lga_name_2024":"Warrnambool","state_name_2021":"Victoria"},"id":26730},{"type":"Feature","geometry":{"type":"MultiPolygon","coordinates":[[[[146.6515,-37.12],[146.6386,-37.1281],[146.6472,-37.163],[146.4358,-37.618],[146.4523,-37.6149],[146.516,-37.678],[146.5023,-37.6908],[146.4733,-37.9947],[146.5147,-37.9836],[146.5241,-37.9637],[146.5639,-37.984],[146.6272,-37.9715],[146.6382,-37.9955],[146.6556,-37.9968],[146.6243,-38.0492],[146.6624,-38.0575],[146.6511,-38.0734],[146.6162,-38.0687],[146.5713,-38.1535],[146.6054,-38.1631],[146.6385,-38.1462],[146.702,-38.1491],[146.7107,-38.1651],[146.6809,-38.2124],[146.655,-38.2251],[146.6569,-38.2404],[146.6324,-38.2584],[146.6219,-38.2929],[146.5977,-38.3105],[146.6023,-38.3343],[146.5652,-38.4293],[146.4915,-38.4471],[146.4892,-38.4393],[146.4828,-38.4559],[146.3803,-38.4975],[146.3669,-38.5135],[146.3705,-38.5319],[146.326,-38.5292],[146.3112,-38.5509],[146.3127,-38.5618],[146.3676,-38.5766],[146.3688,-38.5919],[146.4277,-38.605],[146.4631,-38.5985],[146.4781,-38.614],[146.5256,-38.6193],[146.5215,-38.689],[146.5412,-38.6854],[146.5512,-38.7038],[146.5528,-38.6893],[146.5667,-38.6911],[146.5465,-38.6845],[146.572,-38.6777],[146.5768,-38.6921],[146.5803,-38.6795],[146.5827,-38.6985],[146.5937,-38.6848],[146.5844,-38.6771],[146.641,-38.6689],[146.6531,-38.643],[146.6705,-38.662],[146.6576,-38.6715],[146.6977,-38.6753],[146.7164,-38.6609],[146.713,-38.6478],[146.7422,-38.6649],[146.7859,-38.6462],[146.7949,-38.6254],[146.7847,-38.6228],[146.7994,-38.6287],[146.8254,-38.6097],[146.842,-38.6164],[146.844,-38.6048],[146.8987,-38.6122],[146.9255,-38.5942],[146.8835,-38.6344],[147.4763,-38.1517],[147.7047,-37.9992],[147.6994,-37.9813],[147.7227,-37.9695],[147.7121,-37.9542],[147.661,-37.9764],[147.6512,-37.9953],[147.6129,-38.0118],[147.6115,-38.025],[147.5693,-38.0542],[147.5253,-38.0528],[147.5003,-38.073],[147.4547,-38.0787],[147.4692,-38.0541],[147.4636,-38.013],[147.409,-38.0034],[147.4089,-37.9814],[147.3814,-37.9801],[147.3616,-37.9178],[147.2726,-37.9167],[147.2874,-37.9019],[147.277,-37.8987],[147.2866,-37.8769],[147.2747,-37.8799],[147.2647,-37.8614],[147.2813,-37.7746],[147.2334,-37.7694],[147.2621,-37.7522],[147.212,-37.7456],[147.2137,-37.7314],[147.1984,-37.7261],[147.2221,-37.6327],[147.1962,-37.6264],[147.1894,-37.6059],[147.2187,-37.5749],[147.2619,-37.5758],[147.2849,-37.5563],[147.3292,-37.5617],[147.3502,-37.5373],[147.402,-37.5412],[147.3895,-37.4626],[147.4059,-37.4551],[147.3994,-37.4376],[147.4172,-37.4249],[147.4062,-37.4101],[147.4177,-37.3948],[147.4378,-37.3981],[147.4603,-37.2761],[147.4284,-37.2671],[147.4175,-37.2353],[147.4255,-37.2201],[147.3865,-37.2103],[147.337,-37.2755],[146.8263,-37.2038],[146.7634,-37.146],[146.7176,-37.1588],[146.6515,-37.12]]],[[[146.6798,-38.955],[146.6843,-38.9538],[146.6808,-38.9526],[146.6798,-38.955]]],[[[146.7051,-38.9517],[146.707,-38.9496],[146.7038,-38.9493],[146.7051,-38.9517]]],[[[146.6763,-38.9418],[146.679,-38.9408],[146.6737,-38.9377],[146.6763,-38.9418]]],[[[146.6621,-38.9221],[146.6606,-38.9269],[146.6653,-38.926],[146.6621,-38.9221]]],[[[146.6219,-38.7502],[146.6426,-38.7472],[146.6405,-38.7442],[146.6219,-38.7502]]],[[[146.5766,-38.7074],[146.5768,-38.7069],[146.5764,-38.7072],[146.5766,-38.7074]]],[[[146.5733,-38.7009],[146.5712,-38.7048],[146.5744,-38.7042],[146.5733,-38.7009]]],[[[146.5419,-38.7461],[146.5392,-38.7477],[146.5418,-38.7472],[146.5419,-38.7461]]],[[[146.5444,-38.7438],[146.5534,-38.7411],[146.5459,-38.7397],[146.5444,-38.7438]]],[[[146.4639,-38.736],[146.4641,-38.7378],[146.466,-38.7368],[146.4639,-38.736]]],[[[146.5263,-38.7416],[146.5285,-38.7409],[146.527,-38.7401],[146.5263,-38.7416]]],[[[146.54,-38.7461],[146.5405,-38.7461],[146.5413,-38.7451],[146.54,-38.7461]]],[[[146.5288,-38.7129],[146.5317,-38.7159],[146.5365,-38.7164],[146.5288,-38.7129]]],[[[146.4629,-38.7137],[146.4461,-38.7123],[146.4387,-38.7278],[146.5019,-38.7163],[146.4629,-38.7137]]],[[[146.5099,-38.7243],[146.5168,-38.7211],[146.5096,-38.7217],[146.5099,-38.7243]]],[[[146.5678,-38.7423],[146.5461,-38.7577],[146.5009,-38.763],[146.5416,-38.7277],[146.5082,-38.7372],[146.5096,-38.7185],[146.4646,-38.7391],[146.4948,-38.7748],[146.5453,-38.7909],[146.5976,-38.7595],[146.6677,-38.7478],[146.6226,-38.7582],[146.6029,-38.7442],[146.5843,-38.7479],[146.592,-38.7425],[146.5804,-38.735],[146.5678,-38.7423]]],[[[146.6297,-38.7241],[146.6526,-38.7272],[146.6693,-38.7183],[146.6297,-38.7241]]],[[[146.6924,-38.7088],[146.7,-38.7096],[146.6948,-38.707],[146.6924,-38.7088]]],[[[146.565,-38.7141],[146.5676,-38.7159],[146.5724,-38.715],[146.565,-38.7141]]],[[[146.6892,-38.7105],[146.6886,-38.7089],[146.6869,-38.711],[146.6892,-38.7105]]],[[[146.6196,-38.702],[146.5853,-38.7157],[146.6028,-38.7269],[146.601,-38.7165],[146.6263,-38.7246],[146.6776,-38.7083],[146.6196,-38.702]]],[[[146.7078,-38.71],[146.6794,-38.7271],[146.7322,-38.6963],[146.7078,-38.71]]],[[[146.5517,-38.704],[146.5617,-38.7051],[146.5537,-38.7024],[146.5517,-38.704]]],[[[146.5675,-38.6972],[146.5631,-38.6972],[146.5712,-38.6983],[146.5675,-38.6972]]],[[[146.7014,-38.7027],[146.7044,-38.7022],[146.7027,-38.7015],[146.7014,-38.7027]]],[[[146.69,-38.697],[146.6881,-38.6966],[146.6869,-38.6988],[146.69,-38.697]]],[[[146.5771,-38.6988],[146.5777,-38.7011],[146.5783,-38.6997],[146.5771,-38.6988]]],[[[146.6872,-38.7],[146.69,-38.7008],[146.6875,-38.6993],[146.6872,-38.7]]],[[[146.5791,-38.7021],[146.5798,-38.7027],[146.5807,-38.7021],[146.5791,-38.7021]]],[[[146.7633,-38.6591],[146.7744,-38.6598],[146.7561,-38.6546],[146.7633,-38.6591]],[[146.7776,-38.658],[146.783,-38.6581],[146.7729,-38.658],[146.7776,-38.658]]],[[[146.6534,-38.6615],[146.658,-38.6588],[146.6555,-38.6587],[146.6534,-38.6615]]],[[[146.8202,-38.6648],[146.8286,-38.661],[146.8275,-38.6606],[146.8202,-38.6648]]],[[[146.7482,-38.6636],[146.7468,-38.664],[146.7498,-38.6642],[146.7482,-38.6636]]],[[[146.8136,-38.6767],[146.7529,-38.6897],[146.8263,-38.6842],[146.8136,-38.6767]]],[[[146.7241,-38.6773],[146.7395,-38.6729],[146.7278,-38.6612],[146.7099,-38.6766],[146.7241,-38.6773]]],[[[146.6966,-38.6873],[146.7157,-38.6871],[146.7082,-38.6767],[146.6966,-38.6873]]],[[[146.8154,-38.6591],[146.7941,-38.6568],[146.786,-38.6691],[146.8154,-38.6591]]],[[[146.6688,-38.6826],[146.6834,-38.6897],[146.6854,-38.6779],[146.6688,-38.6826]]],[[[146.626,-38.6921],[146.6218,-38.6948],[146.6341,-38.6972],[146.626,-38.6921]]],[[[146.6087,-38.6844],[146.5985,-38.6857],[146.607,-38.6864],[146.6087,-38.6844]]],[[[146.7407,-38.6671],[146.7381,-38.6689],[146.7481,-38.669],[146.7407,-38.6671]]],[[[146.7316,-38.667],[146.7372,-38.667],[146.729,-38.6617],[146.7316,-38.667]]],[[[146.7456,-38.678],[146.7449,-38.6746],[146.7397,-38.6791],[146.7456,-38.678]],[[146.7581,-38.6749],[146.7536,-38.6755],[146.7625,-38.6731],[146.7581,-38.6749]]],[[[146.8032,-38.6661],[146.8094,-38.6661],[146.8217,-38.66],[146.8032,-38.6661]]],[[[146.6512,-38.6729],[146.6556,-38.6729],[146.6549,-38.6695],[146.6512,-38.6729]]],[[[146.594,-38.6886],[146.5877,-38.6906],[146.5893,-38.692],[146.594,-38.6886]]],[[[146.7249,-38.6845],[146.719,-38.6852],[146.722,-38.6862],[146.7249,-38.6845]]],[[[146.6422,-38.6863],[146.6449,-38.6878],[146.6511,-38.6835],[146.6422,-38.6863]]],[[[146.651,-38.6862],[146.6576,-38.6859],[146.6524,-38.6854],[146.651,-38.6862]]],[[[146.7279,-38.6846],[146.7296,-38.6861],[146.7328,-38.6851],[146.7279,-38.6846]]],[[[146.7569,-38.6723],[146.7609,-38.6701],[146.7589,-38.6701],[146.7569,-38.6723]]],[[[146.6806,-38.6731],[146.6845,-38.6749],[146.6819,-38.6729],[146.6806,-38.6731]]],[[[146.7275,-38.6788],[146.7299,-38.6785],[146.7294,-38.6769],[146.7275,-38.6788]]],[[[146.7513,-38.6746],[146.7484,-38.6766],[146.7507,-38.6763],[146.7513,-38.6746]]],[[[146.6267,-38.68],[146.6292,-38.6801],[146.631,-38.6789],[146.6267,-38.68]]],[[[146.6076,-38.6802],[146.6059,-38.6812],[146.6079,-38.6817],[146.6076,-38.6802]]],[[[146.7959,-38.667],[146.7998,-38.6662],[146.7978,-38.6659],[146.7959,-38.667]]],[[[146.6887,-38.6867],[146.6899,-38.6851],[146.6889,-38.6853],[146.6887,-38.6867]]],[[[146.7935,-38.6667],[146.7946,-38.6671],[146.7951,-38.6665],[146.7935,-38.6667]]],[[[146.5698,-38.6911],[146.5711,-38.6907],[146.5709,-38.6898],[146.5698,-38.6911]]],[[[146.6883,-38.6815],[146.6917,-38.6807],[146.6885,-38.6812],[146.6883,-38.6815]]],[[[146.7457,-38.6724],[146.7457,-38.6732],[146.7471,-38.6716],[146.7457,-38.6724]]],[[[146.8229,-38.6779],[146.8239,-38.6801],[146.8229,-38.6775],[146.8229,-38.6779]]],[[[146.7335,-38.6782],[146.7349,-38.6781],[146.7343,-38.6777],[146.7335,-38.6782]]],[[[146.8025,-38.6761],[146.8043,-38.6768],[146.804,-38.6763],[146.8025,-38.6761]]],[[[146.8106,-38.6667],[146.8114,-38.6673],[146.8109,-38.6664],[146.8106,-38.6667]]],[[[146.6855,-38.6859],[146.6859,-38.6862],[146.686,-38.6851],[146.6855,-38.6859]],[[146.7087,-38.6762],[146.7077,-38.6763],[146.7104,-38.6758],[146.7087,-38.6762]]],[[[146.7328,-38.6823],[146.7337,-38.6821],[146.7338,-38.6817],[146.7328,-38.6823]]],[[[146.8127,-38.6675],[146.8132,-38.6676],[146.8125,-38.6673],[146.8127,-38.6675]]],[[[146.8789,-38.6104],[146.8816,-38.6105],[146.8803,-38.6098],[146.8789,-38.6104]]],[[[146.8521,-38.6343],[146.8782,-38.6265],[146.8801,-38.6155],[146.8191,-38.6132],[146.7911,-38.633],[146.7943,-38.6456],[146.8199,-38.6506],[146.8521,-38.6343]]],[[[146.843,-38.6633],[146.8284,-38.6795],[146.879,-38.6381],[146.8355,-38.6542],[146.8576,-38.652],[146.843,-38.6633]],[[146.8741,-38.6319],[146.8722,-38.6322],[146.8787,-38.6284],[146.8741,-38.6319]]],[[[146.8529,-38.6363],[146.8533,-38.6356],[146.8528,-38.6359],[146.8529,-38.6363]]]]},"properties":{"lga_code_2024":"26810","lga_name_2024":"Wellington","state_name_2021":"Victoria"},"id":26810},{"type":"Feature","geometry":{"type":"Polygon","coordinates":[[[140.9689,-36.669],[140.9732,-37.3582],[141.0464,-37.4019],[141.0973,-37.4499],[141.1682,-37.4199],[141.2638,-37.4301],[141.2805,-37.3945],[141.2485,-37.3692],[141.2209,-37.3646],[141.221,-37.3487],[141.4315,-37.3723],[141.4315,-37.2975],[141.5314,-37.2976],[141.5235,-37.275],[141.4896,-37.2467],[141.4917,-37.2202],[141.5762,-37.1881],[141.5972,-37.1612],[141.6147,-37.1695],[141.6317,-37.1553],[141.6397,-37.1654],[141.6724,-37.1523],[141.7056,-37.1844],[141.7527,-37.1732],[141.776,-37.18],[141.7652,-37.1488],[141.7808,-37.028],[141.7706,-37.027],[141.7923,-36.9802],[141.7793,-36.9672],[141.6577,-36.9557],[141.6688,-36.8837],[141.7066,-36.8838],[141.7006,-36.8092],[141.7021,-36.7995],[141.7178,-36.801],[141.7408,-36.6522],[141.8161,-36.6598],[141.8377,-36.5543],[141.7287,-36.5445],[141.7268,-36.5577],[141.4736,-36.5311],[141.4842,-36.3915],[141.4972,-36.3722],[141.3791,-36.3597],[141.4003,-36.2278],[141.4115,-36.2289],[141.4037,-36.2063],[141.2266,-36.1877],[141.2544,-35.9968],[141.3794,-36.0048],[141.374,-35.9437],[141.3354,-35.9051],[141.3305,-35.7485],[140.9631,-35.7485],[140.9689,-36.669]]]},"properties":{"lga_code_2024":"26890","lga_name_2024":"West Wimmera","state_name_2021":"Victoria"},"id":26890}]}