{"type":"FeatureCollection","features":[{"type":"Feature","geometry":{"type":"Polygon","coordinates":[[[143.5077,-19.4839],[143.5355,-19.4718],[143.5653,-19.4856],[143.619,-19.5599],[143.6541,-19.5875],[143.6775,-19.5972],[143.7342,-19.59],[143.8518,-19.637],[144.0039,-19.6213],[144.0542,-19.5706],[144.1036,-19.5797],[144.1393,-19.5656],[144.2264,-19.6187],[144.2551,-19.5855],[144.2957,-19.5665],[144.3025,-19.4974],[144.3449,-19.5015],[144.3517,-19.4239],[144.4681,-19.4474],[144.4746,-19.3707],[144.5915,-19.3797],[144.5986,-19.3178],[144.6178,-19.3196],[144.6335,-19.2853],[144.7508,-19.1807],[144.772,-19.2056],[144.8324,-19.1609],[144.7944,-19.1622],[144.7743,-19.148],[144.6979,-18.9959],[144.7074,-18.9359],[144.7903,-18.871],[144.7454,-18.818],[144.8084,-18.7696],[144.8059,-18.7523],[144.792,-18.7332],[144.7775,-18.7407],[144.7452,-18.7219],[144.7417,-18.7027],[144.7871,-18.6613],[144.7641,-18.6385],[144.6516,-18.6266],[144.687,-18.3137],[144.7408,-18.3186],[144.752,-18.2161],[144.734,-18.1756],[144.6036,-18.0469],[144.5036,-18.0377],[144.4718,-18.0121],[144.4559,-18.0553],[144.3954,-17.9851],[144.3613,-17.9737],[144.3416,-17.9453],[144.3219,-17.9472],[144.31,-17.9686],[144.1425,-17.9544],[143.9706,-17.756],[143.9764,-17.6808],[143.8333,-17.6702],[143.7602,-17.6386],[143.7313,-17.6545],[143.6899,-17.6329],[143.6785,-17.6101],[143.6422,-17.6422],[143.5893,-17.6155],[143.5731,-17.647],[143.5235,-17.6555],[143.4977,-17.6243],[143.4575,-17.6116],[143.3815,-17.5506],[143.3421,-17.5538],[143.3286,-17.5238],[143.2982,-17.5296],[143.255,-17.5128],[143.2135,-17.5166],[143.2051,-17.5529],[143.1721,-17.5605],[143.1092,-17.5648],[143.0733,-17.5439],[143.0551,-17.5559],[143.0191,-17.5372],[143.0069,-17.5501],[142.9806,-17.545],[142.9716,-17.5838],[142.7926,-17.6475],[142.677,-17.6359],[142.6474,-17.6511],[142.5934,-17.6427],[142.5099,-17.6622],[142.4199,-17.6025],[142.3678,-17.5076],[142.3061,-17.4885],[142.2844,-17.4999],[142.268,-17.4915],[142.2442,-17.7129],[142.3823,-17.8714],[142.4824,-17.8756],[142.4983,-17.8935],[142.474,-17.9137],[142.6255,-18.0811],[142.4638,-18.2226],[142.4681,-18.2436],[142.492,-18.2601],[142.4858,-18.3186],[142.5235,-18.3539],[142.5142,-18.4042],[142.5537,-18.4312],[142.5847,-18.4319],[142.6342,-18.4585],[142.6479,-18.4992],[142.6374,-18.525],[142.6874,-18.5284],[142.7471,-18.5139],[142.7855,-18.5506],[142.7781,-18.5838],[142.8062,-18.5647],[142.8523,-18.5859],[142.858,-18.6184],[142.833,-18.6387],[142.8441,-18.6558],[142.837,-18.6691],[142.892,-18.7201],[142.9006,-18.7501],[142.878,-18.8092],[142.9098,-18.8535],[142.9159,-18.8845],[142.9723,-18.9314],[143.1018,-18.9205],[143.1414,-18.9359],[143.1662,-18.99],[143.2131,-19.0162],[143.2214,-19.0505],[143.2629,-19.0574],[143.2626,-19.0805],[143.2911,-19.1306],[143.2869,-19.1572],[143.3114,-19.1604],[143.3258,-19.193],[143.3676,-19.1834],[143.3861,-19.2005],[143.4056,-19.2494],[143.3781,-19.2882],[143.4178,-19.3282],[143.4522,-19.4185],[143.4512,-19.4474],[143.4831,-19.4837],[143.5077,-19.4839]]]},"properties":{"lga_code_2024":"33100","lga_name_2024":"Etheridge","state_name_2021":"Queensland"},"id":33100},{"type":"Feature","geometry":{"type":"Polygon","coordinates":[[[143.6822,-19.597],[143.6413,-20.0286],[143.6096,-20.0256],[143.597,-20.1455],[143.6257,-20.1479],[143.7109,-20.2292],[143.74,-20.2061],[143.7901,-20.2632],[143.7098,-20.3249],[143.7862,-20.4156],[143.7041,-20.4818],[143.6293,-20.4824],[143.5147,-20.5432],[143.4762,-20.6062],[143.5408,-20.6176],[143.5286,-20.7357],[143.4989,-20.7825],[143.4476,-20.7776],[143.4347,-20.8285],[143.3382,-20.8205],[143.2982,-21.1473],[143.2609,-21.1439],[143.2366,-21.3112],[143.3595,-21.322],[143.3288,-21.6119],[143.6493,-21.6412],[143.6308,-21.7974],[144.0446,-21.8303],[144.0388,-21.8947],[144.1885,-21.9084],[144.1803,-21.9896],[144.2634,-21.9974],[144.2685,-22.0479],[144.4172,-22.0617],[144.3978,-22.1571],[144.5018,-22.1651],[144.5005,-22.1857],[144.7398,-22.2117],[144.7523,-22.0948],[144.7964,-22.0984],[144.8009,-22.0454],[144.943,-22.0591],[144.9563,-21.9303],[145.0822,-21.9426],[145.0752,-21.8914],[145.153,-21.8989],[145.1661,-21.7849],[145.2548,-21.7938],[145.262,-21.8287],[145.4182,-21.8462],[145.4347,-21.6921],[145.5294,-21.7019],[145.5396,-21.5748],[145.4529,-21.5662],[145.4648,-21.4614],[145.3582,-21.4538],[145.3563,-21.4675],[145.3295,-21.4682],[145.262,-21.4582],[145.2904,-21.4144],[145.2496,-21.315],[145.2559,-21.2806],[145.2433,-21.2773],[145.2563,-21.1745],[145.2211,-21.1718],[145.2177,-21.1217],[145.1811,-21.0913],[145.173,-21.0618],[145.2196,-21.0653],[145.2274,-20.9748],[145.1637,-20.9703],[145.1894,-20.6338],[145.0973,-20.6278],[145.0101,-20.5368],[144.9983,-20.4916],[144.9712,-20.4682],[144.9224,-20.4623],[144.9093,-20.4381],[144.9326,-20.4124],[144.9055,-20.4073],[144.9088,-20.3726],[144.8204,-20.3325],[144.8323,-20.2932],[144.8208,-20.2456],[144.84,-20.2052],[144.7719,-20.129],[144.7756,-20.0666],[144.6636,-20.0583],[144.6669,-20.0284],[144.6221,-19.9693],[144.6204,-19.9919],[144.5799,-19.9876],[144.5588,-19.953],[144.4915,-19.9535],[144.4783,-19.9749],[144.4309,-19.9763],[144.3957,-19.9346],[144.4256,-19.6109],[144.3551,-19.5823],[144.2852,-19.5733],[144.2551,-19.5855],[144.2264,-19.6187],[144.147,-19.5657],[144.1036,-19.5797],[144.0542,-19.5706],[144.0039,-19.6213],[143.8518,-19.637],[143.7152,-19.5854],[143.6822,-19.597]]]},"properties":{"lga_code_2024":"33200","lga_name_2024":"Flinders (Qld)","state_name_2021":"Queensland"},"id":33200},{"type":"Feature","geometry":{"type":"MultiPolygon","coordinates":[[[[152.5479,-25.2049],[152.5182,-25.2212],[152.4949,-25.2095],[152.4506,-25.2283],[152.4154,-25.2908],[152.4061,-25.3345],[152.3346,-25.3825],[152.32,-25.4075],[152.2991,-25.4081],[152.2725,-25.4322],[152.2604,-25.4619],[152.2764,-25.4906],[152.2698,-25.5219],[152.2149,-25.5129],[152.1794,-25.5231],[152.1644,-25.5746],[152.1113,-25.5984],[152.1153,-25.6235],[152.0907,-25.6363],[152.0441,-25.6151],[152.0381,-25.6428],[152.0112,-25.665],[152.0139,-25.7089],[151.9812,-25.7128],[151.9801,-25.7299],[151.9953,-25.7368],[152.0081,-25.7826],[152.0391,-25.7906],[152.0287,-25.8502],[152.0492,-25.8519],[152.0438,-25.8761],[152.0688,-25.8847],[152.1135,-25.8571],[152.1231,-25.8858],[152.1335,-25.8732],[152.1698,-25.8876],[152.331,-25.907],[152.3457,-25.8631],[152.381,-25.8747],[152.3869,-25.8632],[152.4117,-25.866],[152.4209,-25.883],[152.4748,-25.9054],[152.5455,-25.9128],[152.5521,-25.9331],[152.5682,-25.922],[152.5668,-25.943],[152.6006,-25.9476],[152.6211,-25.9814],[152.6551,-25.9862],[152.6739,-25.9624],[152.6724,-25.938],[152.6884,-25.9403],[152.7079,-25.9166],[152.7362,-25.9113],[152.7519,-25.8868],[152.7145,-25.8399],[152.9911,-25.8819],[153.0166,-25.8655],[153.0261,-25.8514],[153.0202,-25.8288],[152.9886,-25.8043],[152.9833,-25.8245],[152.9783,-25.8095],[152.9367,-25.815],[152.9401,-25.7954],[152.972,-25.7941],[152.9733,-25.7623],[152.9362,-25.7598],[152.9369,-25.7681],[152.9375,-25.7444],[152.9072,-25.728],[152.9202,-25.7063],[152.8782,-25.6837],[152.8837,-25.6737],[152.9115,-25.6748],[152.8964,-25.6581],[152.8921,-25.618],[152.8749,-25.6094],[152.8779,-25.5613],[152.8619,-25.5534],[152.9026,-25.5416],[152.8973,-25.5339],[152.91,-25.5294],[152.8966,-25.4989],[152.9466,-25.4612],[152.9563,-25.4336],[152.9342,-25.4319],[152.928,-25.4479],[152.8852,-25.4619],[152.8485,-25.4983],[152.8237,-25.494],[152.8507,-25.4849],[152.8716,-25.4435],[152.9082,-25.4293],[152.8899,-25.427],[152.8965,-25.4189],[152.9244,-25.4308],[152.9014,-25.314],[152.9145,-25.2933],[152.8996,-25.2809],[152.8344,-25.2763],[152.8278,-25.2478],[152.8139,-25.2435],[152.8062,-25.2644],[152.7224,-25.2696],[152.6442,-25.2339],[152.6497,-25.2272],[152.615,-25.1833],[152.557,-25.1821],[152.5479,-25.2049]]],[[[153.0486,-25.3265],[153.0477,-25.3596],[152.9863,-25.4495],[152.9887,-25.5121],[152.951,-25.5519],[152.9595,-25.5608],[152.9502,-25.5756],[152.9587,-25.5737],[152.9425,-25.5859],[152.9527,-25.5944],[152.9642,-25.5767],[152.9553,-25.5955],[152.9747,-25.6247],[152.9699,-25.6402],[153.011,-25.7622],[153.0318,-25.7882],[153.0603,-25.7974],[153.0775,-25.7926],[153.0893,-25.7581],[153.0777,-25.6732],[153.1095,-25.5554],[153.3603,-25.0066],[153.3507,-24.9634],[153.3248,-24.9638],[153.2998,-24.9459],[153.2679,-24.8864],[153.2646,-24.6971],[153.188,-24.734],[153.1208,-24.8086],[153.1195,-24.8175],[153.1441,-24.8168],[153.1759,-24.8384],[153.2245,-24.9091],[153.2292,-24.9809],[153.1626,-25.0813],[153.0768,-25.1529],[153.0295,-25.1763],[152.9937,-25.2177],[152.9954,-25.2303],[153.0387,-25.2232],[153.049,-25.2396],[153.0525,-25.2592],[153.04,-25.2767],[153.0486,-25.3265]]],[[[152.914,-25.5259],[152.9451,-25.5141],[152.9521,-25.4824],[152.9093,-25.4999],[152.914,-25.5259]]],[[[152.9842,-25.3099],[152.943,-25.2729],[152.9935,-25.3359],[152.9842,-25.3099]]],[[[152.9462,-25.5816],[152.9485,-25.5569],[152.938,-25.5628],[152.9462,-25.5816]]],[[[152.8881,-25.5819],[152.8999,-25.5974],[152.899,-25.5784],[152.8881,-25.5819]]],[[[152.9551,-25.6329],[152.9613,-25.6163],[152.9528,-25.6162],[152.9551,-25.6329]]],[[[152.5636,-25.1785],[152.5873,-25.1805],[152.5743,-25.1728],[152.5636,-25.1785]]],[[[152.9612,-25.4914],[152.97,-25.4815],[152.9657,-25.4736],[152.9612,-25.4914]]],[[[152.9368,-25.6014],[152.9308,-25.5864],[152.938,-25.6113],[152.9368,-25.6014]]],[[[152.8892,-25.5699],[152.9038,-25.5717],[152.8985,-25.5601],[152.8892,-25.5699]]],[[[152.9254,-25.5899],[152.921,-25.5742],[152.9242,-25.5981],[152.9254,-25.5899]]],[[[152.9532,-25.6053],[152.9563,-25.6132],[152.9627,-25.6042],[152.9532,-25.6053]]],[[[152.8795,-25.563],[152.874,-25.5701],[152.8835,-25.5754],[152.8795,-25.563]]],[[[152.9085,-25.5485],[152.9021,-25.5567],[152.9067,-25.5638],[152.9085,-25.5485]]],[[[152.8848,-25.5553],[152.8944,-25.558],[152.8979,-25.5503],[152.8848,-25.5553]]],[[[152.9558,-25.5071],[152.9529,-25.5133],[152.9663,-25.5008],[152.9558,-25.5071]]],[[[152.9235,-25.6118],[152.9218,-25.6169],[152.9289,-25.6242],[152.9235,-25.6118]]],[[[152.9412,-25.5555],[152.946,-25.56],[152.9496,-25.5484],[152.9412,-25.5555]]],[[[152.8713,-25.4459],[152.8727,-25.451],[152.881,-25.4472],[152.8713,-25.4459]]],[[[152.8567,-25.4872],[152.8631,-25.4706],[152.8579,-25.4768],[152.8567,-25.4872]]],[[[152.9205,-25.5674],[152.9184,-25.5571],[152.915,-25.5629],[152.9205,-25.5674]]],[[[152.9807,-25.8005],[152.9768,-25.8034],[152.9874,-25.8017],[152.9807,-25.8005]]],[[[152.8353,-25.4901],[152.845,-25.4909],[152.8475,-25.4874],[152.8353,-25.4901]]],[[[152.8863,-25.5663],[152.8931,-25.5602],[152.8866,-25.561],[152.8863,-25.5663]]],[[[152.8469,-25.4913],[152.8547,-25.4883],[152.856,-25.4827],[152.8469,-25.4913]]],[[[152.9565,-25.5385],[152.9418,-25.5468],[152.9559,-25.541],[152.9565,-25.5385]]],[[[152.8744,-25.5592],[152.8788,-25.5601],[152.8819,-25.5558],[152.8744,-25.5592]]],[[[152.9171,-25.4889],[152.9227,-25.4857],[152.9244,-25.4819],[152.9171,-25.4889]]],[[[152.9113,-25.6019],[152.9131,-25.6028],[152.9138,-25.596],[152.9113,-25.6019]]],[[[153.0167,-25.3147],[153.0239,-25.3237],[153.0163,-25.3132],[153.0167,-25.3147]]],[[[152.8776,-25.5817],[152.8795,-25.5836],[152.8795,-25.5764],[152.8776,-25.5817]]],[[[152.9377,-25.5616],[152.9409,-25.5574],[152.9403,-25.5551],[152.9377,-25.5616]]],[[[152.8805,-25.5818],[152.8824,-25.576],[152.8801,-25.5763],[152.8805,-25.5818]]],[[[152.8827,-25.5592],[152.8791,-25.5618],[152.8837,-25.5613],[152.8827,-25.5592]]],[[[152.8861,-25.5866],[152.8853,-25.5931],[152.887,-25.5918],[152.8861,-25.5866]]],[[[152.9126,-25.6033],[152.91,-25.602],[152.9113,-25.6064],[152.9126,-25.6033]]],[[[152.9522,-25.601],[152.9546,-25.5979],[152.9517,-25.5982],[152.9522,-25.601]]],[[[152.9499,-25.5605],[152.9541,-25.559],[152.95,-25.5556],[152.9499,-25.5605]]],[[[152.8813,-25.5891],[152.8831,-25.5915],[152.8821,-25.5846],[152.8813,-25.5891]]],[[[152.9158,-25.5704],[152.9167,-25.5683],[152.9135,-25.5684],[152.9158,-25.5704]]],[[[152.9013,-25.5487],[152.8978,-25.5497],[152.8988,-25.5517],[152.9013,-25.5487]]],[[[152.8841,-25.5732],[152.8858,-25.5725],[152.8851,-25.5696],[152.8841,-25.5732]]],[[[152.9022,-25.5739],[152.8994,-25.5747],[152.9041,-25.5737],[152.9022,-25.5739]]],[[[152.8923,-25.5977],[152.894,-25.597],[152.8914,-25.5951],[152.8923,-25.5977]]],[[[152.9374,-25.5554],[152.9398,-25.5532],[152.9374,-25.5531],[152.9374,-25.5554]]],[[[152.9081,-25.5777],[152.907,-25.5762],[152.9058,-25.5793],[152.9081,-25.5777]]],[[[152.9105,-25.4219],[152.9073,-25.4211],[152.9098,-25.4231],[152.9105,-25.4219]]],[[[152.9164,-25.5557],[152.9163,-25.5572],[152.9196,-25.556],[152.9164,-25.5557]]],[[[152.8677,-25.4578],[152.8695,-25.455],[152.8691,-25.4538],[152.8677,-25.4578]]],[[[152.9039,-25.5614],[152.9046,-25.5639],[152.9058,-25.5637],[152.9039,-25.5614]]],[[[152.9057,-25.5802],[152.9052,-25.5826],[152.907,-25.5817],[152.9057,-25.5802]]],[[[152.9087,-25.6061],[152.908,-25.6079],[152.9094,-25.609],[152.9087,-25.6061]]],[[[152.8827,-25.5548],[152.885,-25.5524],[152.8832,-25.5534],[152.8827,-25.5548]]],[[[152.889,-25.5788],[152.8917,-25.5768],[152.8901,-25.5767],[152.889,-25.5788]]],[[[152.9393,-25.3769],[152.9417,-25.3769],[152.9403,-25.3756],[152.9393,-25.3769]]],[[[152.9143,-25.493],[152.9138,-25.4935],[152.9174,-25.4912],[152.9143,-25.493]]],[[[152.8888,-25.5765],[152.8902,-25.5745],[152.8891,-25.5747],[152.8888,-25.5765]]],[[[152.954,-25.5097],[152.9553,-25.5086],[152.9549,-25.5068],[152.954,-25.5097]]],[[[152.9421,-25.3727],[152.9405,-25.3747],[152.9409,-25.3753],[152.9421,-25.3727]]],[[[153.0068,-25.3568],[153.0042,-25.3531],[153.0057,-25.3558],[153.0068,-25.3568]]],[[[152.9026,-25.4237],[152.9048,-25.4234],[152.9036,-25.4224],[152.9026,-25.4237]]],[[[152.9103,-25.606],[152.9094,-25.605],[152.9113,-25.6075],[152.9103,-25.606]]],[[[152.9515,-25.5501],[152.9549,-25.5472],[152.9521,-25.549],[152.9515,-25.5501]]],[[[152.8395,-25.4866],[152.8425,-25.4867],[152.8391,-25.4864],[152.8395,-25.4866]]],[[[152.9257,-25.2885],[152.9272,-25.2874],[152.9256,-25.2878],[152.9257,-25.2885]]],[[[152.8634,-25.4777],[152.864,-25.4756],[152.8632,-25.4765],[152.8634,-25.4777]]],[[[152.9485,-25.4801],[152.9499,-25.4795],[152.9498,-25.4786],[152.9485,-25.4801]]],[[[152.8772,-25.593],[152.8786,-25.5934],[152.8792,-25.5922],[152.8772,-25.593]]],[[[152.9482,-25.4559],[152.9487,-25.4564],[152.9494,-25.4549],[152.9482,-25.4559]]],[[[152.9152,-25.5848],[152.916,-25.5851],[152.916,-25.5837],[152.9152,-25.5848]]],[[[152.9044,-25.5419],[152.9035,-25.5418],[152.9035,-25.5427],[152.9044,-25.5419]]],[[[152.8983,-25.424],[152.8969,-25.4242],[152.8986,-25.4245],[152.8983,-25.424]]],[[[152.9413,-25.3683],[152.942,-25.3684],[152.9424,-25.3672],[152.9413,-25.3683]]],[[[152.9152,-25.4867],[152.9157,-25.4865],[152.9164,-25.4851],[152.9152,-25.4867]]],[[[152.9071,-25.5367],[152.9075,-25.5372],[152.9083,-25.5362],[152.9071,-25.5367]]],[[[152.8846,-25.5603],[152.8849,-25.5597],[152.8842,-25.5593],[152.8846,-25.5603]]],[[[152.881,-25.5941],[152.8807,-25.5928],[152.8805,-25.5935],[152.881,-25.5941]]],[[[152.9037,-25.5016],[152.9041,-25.5018],[152.9043,-25.501],[152.9037,-25.5016]]],[[[152.9077,-25.5694],[152.9082,-25.569],[152.9077,-25.5686],[152.9077,-25.5694]]],[[[152.9987,-25.3467],[152.9996,-25.3476],[152.9988,-25.3461],[152.9987,-25.3467]]],[[[152.908,-25.5806],[152.9081,-25.58],[152.9074,-25.5798],[152.908,-25.5806]]],[[[152.9039,-25.5404],[152.9043,-25.5394],[152.9039,-25.5397],[152.9039,-25.5404]]],[[[152.9488,-25.452],[152.9493,-25.4514],[152.9489,-25.4514],[152.9488,-25.452]]],[[[152.8857,-25.5524],[152.8869,-25.5516],[152.8858,-25.5521],[152.8857,-25.5524]]],[[[152.9069,-25.4205],[152.9074,-25.4207],[152.908,-25.4205],[152.9069,-25.4205]]],[[[152.8784,-25.5627],[152.8782,-25.5625],[152.878,-25.5632],[152.8784,-25.5627]]],[[[152.8656,-25.5524],[152.8665,-25.5523],[152.8654,-25.5523],[152.8656,-25.5524]]],[[[152.9012,-25.5763],[152.9018,-25.5762],[152.9011,-25.5761],[152.9012,-25.5763]]],[[[152.9003,-25.5758],[152.9011,-25.5756],[152.9003,-25.5756],[152.9003,-25.5758]]],[[[152.909,-25.4231],[152.9094,-25.423],[152.909,-25.4229],[152.909,-25.4231]]],[[[152.9228,-25.5742],[152.9225,-25.5738],[152.9225,-25.5741],[152.9228,-25.5742]]],[[[152.9444,-25.4548],[152.9444,-25.4544],[152.9442,-25.4543],[152.9444,-25.4548]]],[[[152.9221,-25.6185],[152.9223,-25.6183],[152.9221,-25.618],[152.9221,-25.6185]]],[[[152.8991,-25.4246],[152.899,-25.4242],[152.8987,-25.424],[152.8991,-25.4246]]],[[[152.9052,-25.5392],[152.9048,-25.5389],[152.9047,-25.539],[152.9052,-25.5392]]],[[[152.9027,-25.4229],[152.9029,-25.4227],[152.9025,-25.4228],[152.9027,-25.4229]]],[[[152.9363,-25.7436],[152.9365,-25.7436],[152.9364,-25.7435],[152.9363,-25.7436]]]]},"properties":{"lga_code_2024":"33220","lga_name_2024":"Fraser Coast","state_name_2021":"Queensland"},"id":33220},{"type":"Feature","geometry":{"type":"MultiPolygon","coordinates":[[[[152.046,-24.5268],[152.0576,-24.512],[152.0059,-24.4337],[151.9434,-24.2401],[151.9062,-24.2078],[151.8863,-24.1494],[151.869,-24.1896],[151.879,-24.1937],[151.8491,-24.2185],[151.8758,-24.1715],[151.8359,-24.1769],[151.7931,-24.1263],[151.7715,-24.1295],[151.7867,-24.1177],[151.7646,-24.0152],[151.7384,-24.0033],[151.7449,-24.032],[151.7253,-24.0498],[151.7322,-24.0619],[151.7158,-24.0873],[151.7208,-24.069],[151.7028,-24.0564],[151.7115,-24.0524],[151.7046,-24.0398],[151.7303,-24.0225],[151.6443,-23.9774],[151.6106,-23.9793],[151.6044,-24.0088],[151.6302,-24.0131],[151.6382,-23.9969],[151.6329,-24.0113],[151.6468,-24.0276],[151.6376,-24.0329],[151.6775,-24.0496],[151.6857,-24.0673],[151.6647,-24.0605],[151.6825,-24.1041],[151.6755,-24.0885],[151.6712,-24.0986],[151.652,-24.0736],[151.645,-24.0804],[151.6347,-24.0558],[151.6104,-24.0425],[151.5827,-24.0499],[151.5737,-24.0357],[151.5553,-24.07],[151.5801,-24.0871],[151.5605,-24.0736],[151.5636,-24.1114],[151.5528,-24.0817],[151.5454,-24.1133],[151.5477,-24.0894],[151.5247,-24.0889],[151.5173,-24.0703],[151.5268,-24.0603],[151.5011,-24.045],[151.5439,-24.0293],[151.4405,-23.992],[151.4416,-24.0158],[151.4748,-24.0336],[151.4795,-24.0607],[151.4938,-24.067],[151.4658,-24.072],[151.4435,-24.026],[151.4404,-24.0773],[151.4246,-24.046],[151.4354,-24.0264],[151.427,-23.9877],[151.3548,-23.9358],[151.3186,-23.8739],[151.3232,-23.8548],[151.2807,-23.8556],[151.2745,-23.8363],[151.233,-23.8155],[151.1928,-23.827],[151.173,-23.8159],[151.1645,-23.7956],[151.1842,-23.7931],[151.1699,-23.7856],[151.1653,-23.7634],[151.1547,-23.7792],[151.1442,-23.77],[151.1594,-23.7476],[151.1511,-23.7284],[151.1327,-23.7073],[151.1096,-23.7041],[151.1346,-23.6984],[151.1218,-23.6714],[151.0458,-23.6279],[151.017,-23.5657],[150.9754,-23.5554],[150.968,-23.6051],[150.9301,-23.6232],[150.9325,-23.6097],[150.9586,-23.6004],[150.957,-23.5503],[150.9346,-23.544],[150.8685,-23.5768],[150.8592,-23.6162],[150.8357,-23.6048],[150.8245,-23.6142],[150.84,-23.632],[150.8199,-23.6365],[150.8368,-23.6392],[150.8403,-23.6521],[150.8303,-23.6451],[150.8186,-23.6596],[150.8263,-23.6682],[150.8336,-23.659],[150.8344,-23.6724],[150.8172,-23.6723],[150.8288,-23.6817],[150.8201,-23.6851],[150.7987,-23.6771],[150.8184,-23.7034],[150.7988,-23.7088],[150.7693,-23.7585],[150.7553,-23.769],[150.7182,-23.7582],[150.7101,-23.7758],[150.6816,-23.7817],[150.6787,-23.7974],[150.6515,-23.808],[150.659,-23.8245],[150.6461,-23.8386],[150.6001,-23.8356],[150.6202,-23.9052],[150.642,-23.9292],[150.6771,-23.9393],[150.7022,-23.9875],[150.6976,-24.0425],[150.7206,-24.0752],[150.7228,-24.1375],[150.7821,-24.1451],[150.8142,-24.1799],[150.7994,-24.2546],[150.7769,-24.2738],[150.7909,-24.2869],[150.7702,-24.3538],[150.7819,-24.3714],[150.8323,-24.371],[150.8621,-24.3538],[150.8489,-24.3815],[150.8684,-24.4023],[150.8616,-24.4098],[150.9134,-24.4229],[150.9384,-24.4025],[150.9657,-24.4676],[150.9787,-24.4714],[150.9931,-24.4097],[151.005,-24.3946],[151.0296,-24.3922],[151.0451,-24.3949],[151.0574,-24.4276],[151.0932,-24.4435],[151.1137,-24.4745],[151.1379,-24.4556],[151.1534,-24.4606],[151.1692,-24.479],[151.154,-24.5128],[151.1575,-24.547],[151.2293,-24.5277],[151.2185,-24.5755],[151.2302,-24.6279],[151.2077,-24.6246],[151.1964,-24.6433],[151.2201,-24.6339],[151.2536,-24.666],[151.2746,-24.6539],[151.3023,-24.6682],[151.3153,-24.6473],[151.3453,-24.6463],[151.3712,-24.6092],[151.4068,-24.6154],[151.4107,-24.5966],[151.4419,-24.5777],[151.4334,-24.5635],[151.457,-24.5706],[151.4775,-24.536],[151.5082,-24.5817],[151.5048,-24.5936],[151.5423,-24.6174],[151.5416,-24.6456],[151.5146,-24.6698],[151.5312,-24.6963],[151.5653,-24.7105],[151.5953,-24.6998],[151.639,-24.7304],[151.6771,-24.6954],[151.7453,-24.7718],[151.7508,-24.7358],[151.7889,-24.7407],[151.8416,-24.7792],[151.8428,-24.7921],[151.8842,-24.7687],[151.8926,-24.7426],[151.9232,-24.7387],[151.9286,-24.7088],[151.9622,-24.7029],[151.9606,-24.6765],[151.9908,-24.6809],[151.9864,-24.6555],[151.9961,-24.6443],[151.9593,-24.6409],[151.9584,-24.6163],[151.9857,-24.6113],[151.9887,-24.5914],[151.9593,-24.587],[151.9987,-24.5156],[152.046,-24.5268]]],[[[151.0499,-23.4315],[151.0504,-23.4256],[151.0488,-23.4271],[151.0499,-23.4315]]],[[[151.1551,-23.4054],[151.163,-23.3967],[151.1451,-23.3985],[151.1551,-23.4054]]],[[[151.277,-23.5338],[151.2779,-23.5317],[151.2755,-23.5329],[151.277,-23.5338]]],[[[151.2717,-23.5371],[151.272,-23.5348],[151.2704,-23.535],[151.2717,-23.5371]]],[[[151.1857,-23.4965],[151.1739,-23.4985],[151.207,-23.5046],[151.1857,-23.4965]]],[[[151.0985,-23.4833],[151.1031,-23.4817],[151.1,-23.4812],[151.0985,-23.4833]]],[[[151.1044,-23.4805],[151.0995,-23.4766],[151.101,-23.4791],[151.1044,-23.4805]]],[[[151.3166,-23.7648],[151.3193,-23.7652],[151.3177,-23.764],[151.3166,-23.7648]]],[[[151.2731,-23.7634],[151.2648,-23.7781],[151.2853,-23.7974],[151.2903,-23.7617],[151.3153,-23.7592],[151.3,-23.7422],[151.2866,-23.6841],[151.2722,-23.6629],[151.2484,-23.6569],[151.2256,-23.6095],[151.2352,-23.4837],[151.2174,-23.5184],[151.1834,-23.5413],[151.1935,-23.5275],[151.1826,-23.5209],[151.2024,-23.5121],[151.1551,-23.5113],[151.0868,-23.4799],[151.0727,-23.4884],[151.0809,-23.4666],[151.057,-23.4477],[151.0171,-23.4523],[151.0121,-23.4753],[150.9777,-23.4883],[151.0325,-23.5704],[151.0477,-23.6229],[151.1297,-23.6692],[151.1999,-23.7832],[151.222,-23.7994],[151.2451,-23.7942],[151.2447,-23.7683],[151.2454,-23.7798],[151.2612,-23.7729],[151.2539,-23.7548],[151.2745,-23.7523],[151.2625,-23.7588],[151.264,-23.7766],[151.2731,-23.7634]]],[[[151.2561,-23.7872],[151.2623,-23.7923],[151.2587,-23.7804],[151.2561,-23.7872]]],[[[151.2549,-23.8094],[151.2572,-23.8067],[151.2555,-23.8027],[151.2549,-23.8094]]],[[[151.2631,-23.7982],[151.265,-23.8017],[151.264,-23.796],[151.2631,-23.7982]]],[[[151.2274,-23.802],[151.2304,-23.8018],[151.2293,-23.799],[151.2274,-23.802]]],[[[151.2454,-23.8128],[151.2472,-23.8116],[151.2451,-23.8079],[151.2454,-23.8128]]],[[[151.2417,-23.8039],[151.243,-23.8039],[151.2412,-23.8021],[151.2417,-23.8039]]],[[[151.2268,-23.8144],[151.2262,-23.8131],[151.2251,-23.8133],[151.2268,-23.8144]],[[151.2845,-23.8054],[151.286,-23.8188],[151.2821,-23.8013],[151.2845,-23.8054]]],[[[151.3364,-23.8304],[151.3377,-23.836],[151.3419,-23.826],[151.3364,-23.8304]]],[[[151.2163,-23.8186],[151.2186,-23.8205],[151.2228,-23.8176],[151.2163,-23.8186]]],[[[151.3642,-23.8587],[151.374,-23.8811],[151.3941,-23.8653],[151.3325,-23.754],[151.328,-23.798],[151.3398,-23.8061],[151.3366,-23.8249],[151.3607,-23.8241],[151.3642,-23.8475],[151.3707,-23.8427],[151.3642,-23.8587]]],[[[151.3359,-23.8387],[151.3385,-23.84],[151.3372,-23.8381],[151.3359,-23.8387]]],[[[151.3823,-23.8776],[151.3824,-23.8777],[151.3826,-23.8774],[151.3823,-23.8776]]],[[[152.3002,-23.8015],[152.3018,-23.8008],[152.2998,-23.7997],[152.3002,-23.8015]]],[[[151.7258,-23.5373],[151.7203,-23.5385],[151.7318,-23.5394],[151.7258,-23.5373]]],[[[152.0906,-23.5082],[152.0918,-23.5055],[152.0897,-23.5063],[152.0906,-23.5082]]],[[[151.7711,-23.5029],[151.7727,-23.5021],[151.7704,-23.5018],[151.7711,-23.5029]]],[[[151.9156,-23.4414],[151.9103,-23.4421],[151.9193,-23.4429],[151.9156,-23.4414]]],[[[151.9557,-23.3335],[151.9584,-23.3333],[151.9599,-23.3313],[151.9557,-23.3335]]],[[[151.9147,-23.3057],[151.9171,-23.3042],[151.9148,-23.3041],[151.9147,-23.3057]]],[[[151.7067,-23.3011],[151.7171,-23.2948],[151.7007,-23.2952],[151.7067,-23.3011]]],[[[151.7751,-23.249],[151.7826,-23.2458],[151.7803,-23.2449],[151.7751,-23.249]]],[[[152.713,-24.1179],[152.7182,-24.1165],[152.7173,-24.1089],[152.713,-24.1179]]],[[[152.3897,-23.9091],[152.3938,-23.9092],[152.3954,-23.9052],[152.3897,-23.9091]]],[[[152.3664,-23.8641],[152.367,-23.8631],[152.3657,-23.8624],[152.3664,-23.8641]]],[[[152.373,-23.8572],[152.3807,-23.8526],[152.379,-23.8518],[152.373,-23.8572]]],[[[152.2874,-23.8071],[152.2887,-23.8087],[152.2926,-23.8053],[152.2874,-23.8071]]],[[[152.3684,-23.858],[152.3693,-23.8575],[152.3681,-23.8564],[152.3684,-23.858]]],[[[151.5371,-24.0832],[151.5477,-24.0784],[151.5417,-24.0747],[151.5371,-24.0832]]],[[[151.6522,-24.0469],[151.6641,-24.0482],[151.6605,-24.0429],[151.6522,-24.0469]]],[[[151.6559,-24.0432],[151.6528,-24.0363],[151.6442,-24.0367],[151.6559,-24.0432]]],[[[151.6343,-24.0251],[151.6348,-24.0228],[151.6241,-24.0221],[151.6343,-24.0251]]],[[[151.6628,-24.0522],[151.6661,-24.0507],[151.665,-24.0497],[151.6628,-24.0522]]],[[[151.7277,-24.0453],[151.7254,-24.0455],[151.7233,-24.0488],[151.7277,-24.0453]]],[[[151.6737,-24.0544],[151.6734,-24.0549],[151.677,-24.0561],[151.6737,-24.0544]]],[[[151.7277,-24.0618],[151.7291,-24.0612],[151.7274,-24.0603],[151.7277,-24.0618]]],[[[151.6259,-24.0166],[151.6261,-24.0143],[151.6251,-24.016],[151.6259,-24.0166]]],[[[151.7369,-24.0337],[151.7367,-24.0321],[151.7356,-24.0331],[151.7369,-24.0337]]],[[[151.6703,-24.0547],[151.67,-24.0535],[151.6686,-24.0538],[151.6703,-24.0547]]],[[[151.7326,-24.0183],[151.7333,-24.017],[151.7323,-24.0167],[151.7326,-24.0183]]],[[[151.871,-24.1684],[151.8763,-24.1679],[151.8799,-24.1627],[151.871,-24.1684]]],[[[151.4685,-24.0628],[151.4714,-24.0627],[151.4696,-24.0606],[151.4685,-24.0628]]],[[[151.4696,-24.0663],[151.4679,-24.0652],[151.4684,-24.0672],[151.4696,-24.0663]]],[[[151.4611,-24.0582],[151.4587,-24.0567],[151.458,-24.0585],[151.4611,-24.0582]]],[[[151.4612,-24.0618],[151.4613,-24.0604],[151.4598,-24.0601],[151.4612,-24.0618]]],[[[151.434,-24.0519],[151.4347,-24.0362],[151.4268,-24.0439],[151.434,-24.0519]],[[151.4697,-24.0451],[151.4752,-24.0537],[151.4644,-24.0373],[151.4697,-24.0451]]],[[[151.4573,-24.0501],[151.4607,-24.0565],[151.4598,-24.0394],[151.4573,-24.0501]]],[[[151.43,-24.0509],[151.4325,-24.0528],[151.4314,-24.0508],[151.43,-24.0509]]]]},"properties":{"lga_code_2024":"33360","lga_name_2024":"Gladstone","state_name_2021":"Queensland"},"id":33360},{"type":"Feature","geometry":{"type":"MultiPolygon","coordinates":[[[[153.2925,-27.692],[153.2339,-27.6943],[153.2335,-27.711],[153.2127,-27.7153],[153.2326,-27.7238],[153.2012,-27.74],[153.193,-27.78],[153.1689,-27.8012],[153.1889,-27.8551],[153.1807,-27.8951],[153.2155,-27.9028],[153.2066,-27.9492],[153.2252,-27.9561],[153.2251,-27.9817],[153.2008,-27.9816],[153.2205,-27.9944],[153.2178,-28.0082],[153.2389,-28.0112],[153.2134,-28.0803],[153.2324,-28.0853],[153.2299,-28.1],[153.2008,-28.1192],[153.1839,-28.1925],[153.1935,-28.1916],[153.2078,-28.2536],[153.2316,-28.2651],[153.2439,-28.2473],[153.2796,-28.2335],[153.3647,-28.2474],[153.4769,-28.1569],[153.5346,-28.1776],[153.5522,-28.1644],[153.5143,-28.161],[153.4504,-28.0836],[153.4315,-28.0029],[153.4337,-27.9352],[153.4213,-27.9409],[153.4186,-27.9847],[153.4281,-27.9897],[153.4152,-27.9996],[153.4214,-27.9741],[153.4006,-27.8723],[153.3792,-27.8739],[153.3825,-27.8907],[153.3585,-27.8933],[153.3488,-27.9193],[153.3432,-27.9101],[153.3424,-27.8949],[153.3523,-27.9021],[153.3511,-27.89],[153.3808,-27.8891],[153.3816,-27.8599],[153.3664,-27.8513],[153.3846,-27.874],[153.4019,-27.8638],[153.3948,-27.8404],[153.3791,-27.8428],[153.3859,-27.8272],[153.3687,-27.8017],[153.3499,-27.8002],[153.3815,-27.8013],[153.3916,-27.794],[153.3843,-27.7844],[153.4266,-27.7785],[153.4393,-27.7358],[153.4123,-27.7409],[153.3925,-27.7078],[153.3565,-27.7117],[153.3481,-27.6951],[153.3037,-27.7145],[153.2925,-27.692]]],[[[153.4404,-27.7405],[153.4488,-27.7379],[153.4454,-27.7344],[153.4404,-27.7405]]],[[[153.3055,-27.7141],[153.3095,-27.7129],[153.302,-27.7122],[153.3055,-27.7141]]],[[[153.319,-27.7077],[153.311,-27.7104],[153.3166,-27.7092],[153.319,-27.7077]]],[[[153.4153,-27.8657],[153.4156,-27.8677],[153.4161,-27.8666],[153.4153,-27.8657]]],[[[153.4153,-27.8992],[153.4147,-27.8989],[153.4145,-27.8997],[153.4153,-27.8992]]],[[[153.4133,-27.813],[153.419,-27.8106],[153.4175,-27.8073],[153.4133,-27.813]]],[[[153.4209,-27.8083],[153.4221,-27.8042],[153.4205,-27.8058],[153.4209,-27.8083]]],[[[153.414,-27.8027],[153.4144,-27.8017],[153.4136,-27.8021],[153.414,-27.8027]]],[[[153.4169,-27.8798],[153.4217,-27.8791],[153.4158,-27.869],[153.4169,-27.8798]]],[[[153.4163,-27.7918],[153.416,-27.7952],[153.4248,-27.7838],[153.4163,-27.7918]]],[[[153.4142,-27.8099],[153.4219,-27.7941],[153.4137,-27.8038],[153.4142,-27.8099]]],[[[153.438,-27.7694],[153.4361,-27.7688],[153.4339,-27.7712],[153.438,-27.7694]]],[[[153.4288,-27.7805],[153.4297,-27.7822],[153.4312,-27.7807],[153.4288,-27.7805]]],[[[153.4152,-27.7971],[153.4161,-27.798],[153.4171,-27.7966],[153.4152,-27.7971]]],[[[153.4148,-27.8005],[153.4164,-27.7984],[153.415,-27.7985],[153.4148,-27.8005]]],[[[153.4359,-27.7722],[153.4367,-27.7712],[153.4358,-27.7715],[153.4359,-27.7722]]],[[[153.4156,-27.7863],[153.4163,-27.7857],[153.4156,-27.7856],[153.4156,-27.7863]]],[[[153.4049,-27.8673],[153.4009,-27.8819],[153.4105,-27.8721],[153.4049,-27.8673]]],[[[153.3955,-27.833],[153.3819,-27.8363],[153.3956,-27.84],[153.3955,-27.833]]],[[[153.4179,-27.9353],[153.4115,-27.9315],[153.4162,-27.9401],[153.4179,-27.9353]]],[[[153.4132,-27.9048],[153.4095,-27.8989],[153.4127,-27.9077],[153.4132,-27.9048]]],[[[153.401,-27.8879],[153.4037,-27.8868],[153.4007,-27.8835],[153.401,-27.8879]]],[[[153.4001,-27.8581],[153.4032,-27.863],[153.4022,-27.8591],[153.4001,-27.8581]]],[[[153.4098,-27.8497],[153.4084,-27.8482],[153.4092,-27.8514],[153.4098,-27.8497]]],[[[153.4074,-27.8508],[153.408,-27.8503],[153.4073,-27.8479],[153.4074,-27.8508]]],[[[153.4114,-27.8995],[153.4119,-27.8998],[153.4115,-27.8991],[153.4114,-27.8995]]],[[[153.4026,-27.8646],[153.4029,-27.8641],[153.4026,-27.8642],[153.4026,-27.8646]]],[[[153.3965,-27.8311],[153.3966,-27.8309],[153.3963,-27.8307],[153.3965,-27.8311]]],[[[153.4193,-27.8827],[153.4178,-27.9203],[153.4302,-27.9336],[153.4397,-27.7511],[153.4308,-27.7963],[153.4065,-27.834],[153.4193,-27.8827]]],[[[153.3861,-27.786],[153.3919,-27.7946],[153.3732,-27.8116],[153.384,-27.8204],[153.4116,-27.7909],[153.3861,-27.786]]],[[[153.3883,-27.8212],[153.3822,-27.8232],[153.3967,-27.829],[153.3883,-27.8212]]],[[[153.3993,-27.8193],[153.402,-27.8213],[153.4079,-27.8096],[153.3993,-27.8193]]],[[[153.3734,-27.8021],[153.3732,-27.8073],[153.3813,-27.8017],[153.3734,-27.8021]]],[[[153.3835,-27.8307],[153.3921,-27.832],[153.3868,-27.8288],[153.3835,-27.8307]]],[[[153.3562,-27.7988],[153.3613,-27.8001],[153.3632,-27.7983],[153.3562,-27.7988]]],[[[153.3842,-27.7996],[153.387,-27.7987],[153.3842,-27.796],[153.3842,-27.7996]]],[[[153.4017,-27.8276],[153.404,-27.8267],[153.402,-27.8249],[153.4017,-27.8276]]],[[[153.3933,-27.8285],[153.3916,-27.83],[153.3928,-27.8311],[153.3933,-27.8285]]],[[[153.4007,-27.8293],[153.3989,-27.827],[153.3986,-27.8283],[153.4007,-27.8293]]],[[[153.4036,-27.8214],[153.4045,-27.8205],[153.4045,-27.8188],[153.4036,-27.8214]]],[[[153.3996,-27.8243],[153.4012,-27.8249],[153.3995,-27.8236],[153.3996,-27.8243]]],[[[153.4004,-27.8231],[153.4016,-27.823],[153.4001,-27.8223],[153.4004,-27.8231]]],[[[153.3851,-27.8249],[153.3844,-27.825],[153.3849,-27.826],[153.3851,-27.8249]]],[[[153.4094,-27.8122],[153.4102,-27.8107],[153.41,-27.8101],[153.4094,-27.8122]]],[[[153.4025,-27.8291],[153.403,-27.8287],[153.4023,-27.8287],[153.4025,-27.8291]]]]},"properties":{"lga_code_2024":"33430","lga_name_2024":"Gold Coast","state_name_2021":"Queensland"},"id":33430},{"type":"Feature","geometry":{"type":"Polygon","coordinates":[[[150.4838,-28.6623],[150.5307,-28.6553],[150.5393,-28.66],[150.5275,-28.6693],[150.551,-28.6716],[150.5527,-28.6536],[150.5806,-28.6558],[150.6322,-28.6771],[150.6734,-28.6505],[150.6814,-28.6617],[150.7513,-28.6342],[150.8186,-28.6576],[150.8741,-28.6944],[150.9074,-28.6885],[150.9306,-28.7051],[150.9384,-28.7312],[151.0099,-28.7409],[151.0282,-28.762],[151.0186,-28.7731],[151.0241,-28.7935],[151.0427,-28.8016],[151.0444,-28.8439],[151.1033,-28.8366],[151.1319,-28.8601],[151.1996,-28.8843],[151.215,-28.9043],[151.2346,-28.9048],[151.2423,-28.9234],[151.2742,-28.9379],[151.2841,-29.0068],[151.2717,-29.0304],[151.2905,-29.0511],[151.2751,-29.0764],[151.2805,-29.1022],[151.318,-29.1381],[151.3156,-29.1661],[151.3384,-29.1793],[151.3941,-29.178],[151.5028,-29.0699],[151.4901,-29.0566],[151.5051,-29.0097],[151.4581,-28.9988],[151.4435,-29.0252],[151.4473,-29.0595],[151.4339,-29.068],[151.3991,-29.0536],[151.3843,-29.0621],[151.3609,-29.0469],[151.3509,-29.0286],[151.3782,-28.9923],[151.3902,-28.8406],[151.4181,-28.8161],[151.4191,-28.7941],[151.4784,-28.7448],[151.4738,-28.7314],[151.5256,-28.6787],[151.5459,-28.6244],[151.5619,-28.6206],[151.5818,-28.5862],[151.5996,-28.5852],[151.5951,-28.5516],[151.6402,-28.5242],[151.6393,-28.4529],[151.696,-28.4051],[151.6934,-28.3516],[151.7101,-28.3378],[151.691,-28.3101],[151.6524,-28.3021],[151.6297,-28.2742],[151.5456,-28.2877],[151.5309,-28.2783],[151.509,-28.2585],[151.5032,-28.2335],[151.4822,-28.2215],[151.4807,-28.1894],[151.4412,-28.1518],[151.3969,-28.1674],[151.3668,-28.1562],[151.3401,-28.1782],[151.3093,-28.1723],[151.2733,-28.1923],[151.1946,-28.1755],[151.1706,-28.1819],[151.1732,-28.167],[151.1255,-28.1764],[151.0467,-28.1671],[151.0376,-28.1412],[151.0557,-28.094],[150.8364,-28.0651],[150.8256,-28.0542],[150.8321,-28.0305],[150.8052,-28.0148],[150.7951,-27.9925],[150.7509,-27.9698],[150.742,-27.9756],[150.735,-27.9485],[150.6464,-27.8951],[150.6448,-27.8507],[150.6212,-27.811],[150.575,-27.7793],[150.5137,-27.766],[150.489,-27.7879],[150.4582,-27.7603],[150.4392,-27.7683],[150.41,-27.7465],[150.3831,-27.7643],[150.3869,-27.7833],[150.3351,-27.7614],[150.3264,-27.8087],[150.2742,-27.8028],[150.2767,-27.8516],[150.2461,-27.8518],[150.2483,-27.9077],[150.2233,-27.8943],[150.1567,-27.9226],[150.1363,-27.9105],[150.1169,-27.9633],[150.0695,-27.9582],[150.0659,-27.9855],[149.9318,-27.9672],[149.7865,-28.0063],[149.632,-27.9871],[149.6274,-28.0145],[149.4576,-27.9929],[149.4454,-28.0715],[149.4308,-28.07],[149.4055,-28.2286],[149.0416,-28.1859],[148.9587,-28.2884],[148.9196,-28.6569],[148.9872,-28.6635],[148.9748,-28.7591],[148.9912,-28.7604],[148.9817,-28.8203],[149.0563,-28.8997],[149.0805,-28.842],[149.0968,-28.8316],[149.1279,-28.8355],[149.1435,-28.8223],[149.1396,-28.8067],[149.1792,-28.803],[149.1886,-28.7751],[149.2246,-28.7647],[149.2453,-28.739],[149.2693,-28.7433],[149.2968,-28.7097],[149.3184,-28.7139],[149.3586,-28.6841],[149.3875,-28.6962],[149.4233,-28.6551],[149.4525,-28.5949],[149.5037,-28.5743],[149.5872,-28.5734],[149.611,-28.6011],[149.6254,-28.5936],[149.6618,-28.6104],[149.6732,-28.6239],[149.6667,-28.6321],[149.704,-28.6339],[149.704,-28.6167],[149.7212,-28.6094],[149.745,-28.6187],[149.8117,-28.6061],[149.8194,-28.6168],[149.8314,-28.6038],[149.8621,-28.6024],[149.8996,-28.6222],[149.9173,-28.6081],[149.9772,-28.6136],[150.0154,-28.5805],[150.08,-28.5843],[150.0922,-28.5641],[150.1385,-28.5654],[150.1525,-28.5502],[150.1687,-28.5506],[150.1705,-28.5635],[150.1826,-28.5565],[150.1864,-28.573],[150.2126,-28.5743],[150.2299,-28.5557],[150.2914,-28.5373],[150.3279,-28.5711],[150.3506,-28.5751],[150.3701,-28.6211],[150.4153,-28.6346],[150.4144,-28.652],[150.4589,-28.669],[150.4838,-28.6623]]]},"properties":{"lga_code_2024":"33610","lga_name_2024":"Goondiwindi","state_name_2021":"Queensland"},"id":33610},{"type":"Feature","geometry":{"type":"MultiPolygon","coordinates":[[[[152.1677,-26.4754],[152.2136,-26.5131],[152.2781,-26.4528],[152.316,-26.4809],[152.3644,-26.4631],[152.3901,-26.4761],[152.4428,-26.4602],[152.4361,-26.5376],[152.4496,-26.5309],[152.4402,-26.5569],[152.457,-26.5809],[152.5198,-26.5883],[152.5115,-26.5674],[152.6805,-26.5977],[152.7122,-26.5462],[152.7284,-26.537],[152.7545,-26.5497],[152.7692,-26.5343],[152.7621,-26.5106],[152.7439,-26.5027],[152.7656,-26.4825],[152.7576,-26.4684],[152.7886,-26.473],[152.7969,-26.4158],[152.769,-26.3939],[152.7652,-26.3623],[152.7709,-26.3439],[152.7926,-26.3514],[152.8309,-26.2161],[152.85,-26.2184],[152.853,-26.1985],[152.8764,-26.2013],[152.8913,-26.2185],[152.9228,-26.2093],[152.9226,-26.1987],[152.9651,-26.1803],[152.9738,-26.1371],[153.0963,-26.1548],[153.1915,-25.9307],[153.162,-25.9498],[153.1199,-25.9336],[153.0859,-25.8887],[153.0722,-25.8118],[153.0455,-25.8083],[153.0708,-25.8196],[153.0543,-25.827],[153.0465,-25.8494],[153.0661,-25.8856],[153.0583,-25.9144],[153.0514,-25.8982],[153.0373,-25.9123],[153.0246,-25.9078],[153.0277,-25.9223],[153.0568,-25.9296],[153.0322,-25.9461],[153.0423,-25.9511],[153.0391,-25.9696],[153.024,-25.959],[153.0312,-25.978],[153.0148,-25.9769],[153.0267,-25.988],[153.0165,-25.9973],[152.9991,-25.969],[153.0088,-25.956],[152.998,-25.9541],[153.0313,-25.934],[153.0034,-25.935],[153.0157,-25.9309],[153.0067,-25.9177],[153.0164,-25.9038],[153.0014,-25.9073],[153.0038,-25.8992],[153.0299,-25.889],[153.0223,-25.8664],[153.0053,-25.8867],[153.0104,-25.8774],[152.7145,-25.8399],[152.7519,-25.8868],[152.7362,-25.9113],[152.7079,-25.9166],[152.6884,-25.9403],[152.6724,-25.938],[152.6739,-25.9624],[152.6551,-25.9862],[152.6211,-25.9814],[152.6006,-25.9476],[152.5668,-25.943],[152.5682,-25.922],[152.5521,-25.9331],[152.5455,-25.9128],[152.4748,-25.9054],[152.4209,-25.883],[152.4117,-25.866],[152.3869,-25.8632],[152.381,-25.8747],[152.3457,-25.8631],[152.331,-25.907],[152.1698,-25.8876],[152.1335,-25.8732],[152.1231,-25.8858],[152.1135,-25.8571],[152.0589,-25.8863],[152.0432,-25.875],[152.0492,-25.8519],[152.0287,-25.8502],[152.0391,-25.7906],[151.9977,-25.7709],[151.9704,-25.8306],[151.9286,-25.8676],[151.9034,-25.8703],[151.8738,-25.8134],[151.8132,-25.785],[151.8104,-25.7625],[151.792,-25.7576],[151.7755,-25.7776],[151.7799,-25.7894],[151.7568,-25.803],[151.7746,-25.8145],[151.7674,-25.857],[151.7855,-25.9154],[151.7543,-25.9468],[151.8145,-25.9561],[151.8115,-26.0207],[151.832,-26.0231],[151.8343,-26.0075],[151.939,-26.0205],[151.9477,-26.0431],[151.9354,-26.0547],[151.9353,-26.0922],[151.9846,-26.0989],[151.9522,-26.1168],[151.9751,-26.1334],[151.9761,-26.1736],[152.0106,-26.1989],[152.0089,-26.2286],[152.0614,-26.243],[152.0797,-26.2876],[152.0638,-26.3426],[152.0507,-26.3541],[152.0092,-26.3493],[152.0039,-26.3751],[152.0688,-26.3831],[152.0727,-26.3592],[152.1211,-26.3773],[152.1219,-26.3935],[152.1672,-26.4167],[152.1677,-26.4754]]],[[[153.0486,-25.8354],[153.0501,-25.8249],[153.0448,-25.8427],[153.0486,-25.8354]]],[[[153.0368,-25.8355],[153.0395,-25.835],[153.0373,-25.8334],[153.0368,-25.8355]]],[[[153.042,-25.844],[153.0436,-25.8439],[153.0422,-25.8414],[153.042,-25.844]]],[[[153.0513,-25.8367],[153.0514,-25.8362],[153.0512,-25.8361],[153.0513,-25.8367]]],[[[153.0421,-25.845],[153.0421,-25.8452],[153.0423,-25.8454],[153.0421,-25.845]]],[[[153.0521,-25.8854],[153.0463,-25.8803],[153.0473,-25.8842],[153.0521,-25.8854]]],[[[153.0469,-25.872],[153.0499,-25.8732],[153.0487,-25.8704],[153.0469,-25.872]]],[[[153.0613,-25.8839],[153.0634,-25.8859],[153.0635,-25.8839],[153.0613,-25.8839]]],[[[153.035,-25.9049],[153.0369,-25.9035],[153.035,-25.9034],[153.035,-25.9049]]],[[[153.0505,-25.8657],[153.051,-25.8654],[153.0499,-25.8647],[153.0505,-25.8657]]],[[[153.0541,-25.8698],[153.0557,-25.871],[153.055,-25.8701],[153.0541,-25.8698]]],[[[152.9996,-25.9692],[153.0037,-25.9679],[152.9998,-25.9677],[152.9996,-25.9692]]],[[[153.0305,-25.9385],[153.0314,-25.9389],[153.0317,-25.9381],[153.0305,-25.9385]]],[[[153.0031,-25.9559],[153.0037,-25.9559],[153.0034,-25.9555],[153.0031,-25.9559]]],[[[153.024,-25.9418],[153.0239,-25.9423],[153.0251,-25.9416],[153.024,-25.9418]]],[[[153.0254,-25.942],[153.025,-25.9426],[153.0255,-25.9426],[153.0254,-25.942]],[[153.0255,-25.9414],[153.0255,-25.9418],[153.0254,-25.9412],[153.0255,-25.9414]]]]},"properties":{"lga_code_2024":"33620","lga_name_2024":"Gympie","state_name_2021":"Queensland"},"id":33620},{"type":"Feature","geometry":{"type":"MultiPolygon","coordinates":[[[[146.1671,-18.9355],[146.1974,-18.9442],[146.2086,-18.9191],[146.2622,-18.9518],[146.2874,-18.9525],[146.2905,-18.9348],[146.3237,-18.9285],[146.2838,-18.8805],[146.2754,-18.8242],[146.3018,-18.7051],[146.3385,-18.6303],[146.3383,-18.6217],[146.3193,-18.6457],[146.3389,-18.6068],[146.3375,-18.5258],[146.2299,-18.4896],[146.1875,-18.5333],[146.1674,-18.5157],[146.1217,-18.5079],[146.1203,-18.4744],[146.0916,-18.4485],[146.1007,-18.4166],[146.0856,-18.4012],[146.0355,-18.3877],[145.9618,-18.3944],[145.9473,-18.3643],[145.8796,-18.4075],[145.8256,-18.407],[145.8086,-18.3777],[145.7924,-18.4034],[145.7585,-18.3948],[145.7692,-18.4094],[145.7558,-18.4081],[145.755,-18.4385],[145.7378,-18.4528],[145.779,-18.492],[145.7601,-18.5147],[145.7721,-18.5237],[145.7908,-18.5008],[145.8442,-18.5934],[145.8324,-18.5987],[145.7956,-18.5773],[145.7922,-18.6065],[145.8164,-18.6173],[145.7922,-18.7607],[145.802,-18.7782],[145.7752,-18.8172],[145.7975,-18.8314],[145.7966,-18.843],[145.8333,-18.848],[145.8521,-18.8687],[145.8658,-18.8626],[145.8647,-18.8758],[145.9354,-18.8828],[145.9378,-18.8598],[145.9518,-18.8612],[145.9658,-18.8795],[145.9982,-18.8741],[146.0024,-18.9034],[146.0206,-18.9185],[146.064,-18.9051],[146.1103,-18.933],[146.1542,-18.9229],[146.1671,-18.9355]]],[[[146.4854,-18.6167],[146.5001,-18.6336],[146.487,-18.6501],[146.4913,-18.6674],[146.5081,-18.6228],[146.4843,-18.5674],[146.4813,-18.5854],[146.4947,-18.5989],[146.4854,-18.6167]]],[[[146.5039,-18.5464],[146.4913,-18.5381],[146.4881,-18.5581],[146.5004,-18.5633],[146.5039,-18.5464]]]]},"properties":{"lga_code_2024":"33800","lga_name_2024":"Hinchinbrook","state_name_2021":"Queensland"},"id":33800},{"type":"Feature","geometry":{"type":"Polygon","coordinates":[[[145.2387,-15.4434],[145.2521,-15.4107],[145.2882,-15.376],[145.2981,-15.3423],[145.2864,-15.3165],[145.3316,-15.2783],[145.3571,-15.2772],[145.3395,-15.2266],[145.3159,-15.2594],[145.267,-15.2558],[145.2393,-15.1985],[145.2338,-15.1407],[145.289,-15.0435],[145.3553,-14.9874],[145.352,-14.953],[145.3405,-14.9455],[145.2976,-14.9636],[145.2809,-14.9549],[145.2193,-14.8809],[145.2301,-14.832],[145.1804,-14.8436],[145.1408,-14.8321],[145.129,-14.9809],[145.1692,-14.9852],[145.1612,-15.059],[145.1365,-15.0568],[145.1385,-15.0934],[145.1613,-15.0815],[145.1623,-15.1175],[145.1875,-15.1252],[145.1721,-15.1446],[145.129,-15.1516],[145.0889,-15.1526],[145.0863,-15.1394],[145.0802,-15.2598],[145.031,-15.2688],[145.0388,-15.3143],[145.061,-15.3118],[145.0579,-15.3438],[145.0409,-15.3422],[145.0312,-15.3708],[145.0433,-15.3945],[145.0501,-15.3803],[145.0651,-15.3816],[145.0637,-15.397],[145.0805,-15.3984],[145.1206,-15.3946],[145.1237,-15.36],[145.1488,-15.3621],[145.151,-15.4053],[145.1018,-15.4031],[145.1004,-15.4183],[145.1552,-15.4149],[145.1721,-15.4313],[145.1848,-15.4235],[145.1774,-15.4169],[145.198,-15.4251],[145.2148,-15.4149],[145.2387,-15.4434]],[[145.1721,-15.3948],[145.1889,-15.385],[145.2007,-15.4075],[145.1551,-15.4057],[145.1511,-15.3821],[145.1721,-15.3948]]]},"properties":{"lga_code_2024":"33830","lga_name_2024":"Hope Vale","state_name_2021":"Queensland"},"id":33830},{"type":"Feature","geometry":{"type":"Polygon","coordinates":[[[152.7302,-27.4956],[152.721,-27.4924],[152.727,-27.5063],[152.7063,-27.5067],[152.6702,-27.5393],[152.6513,-27.533],[152.6481,-27.5509],[152.5703,-27.5451],[152.5648,-27.5693],[152.5138,-27.5663],[152.4579,-27.6628],[152.4395,-27.6499],[152.4133,-27.6574],[152.4174,-27.6737],[152.3906,-27.6978],[152.4135,-27.7009],[152.4051,-27.7491],[152.3892,-27.7698],[152.4071,-27.8055],[152.3828,-27.8072],[152.3995,-27.8201],[152.4024,-27.8637],[152.4193,-27.8655],[152.4285,-27.8405],[152.4434,-27.8448],[152.4512,-27.802],[152.4623,-27.8026],[152.4674,-27.7831],[152.4945,-27.7834],[152.499,-27.7583],[152.5193,-27.7612],[152.5296,-27.7169],[152.5807,-27.7191],[152.6058,-27.725],[152.6076,-27.7371],[152.656,-27.7383],[152.6675,-27.75],[152.7578,-27.7673],[152.7607,-27.7853],[152.8025,-27.7984],[152.7958,-27.8154],[152.8141,-27.8262],[152.8274,-27.8096],[152.8219,-27.785],[152.8033,-27.7856],[152.8114,-27.7549],[152.8733,-27.7534],[152.8907,-27.7036],[152.9234,-27.7077],[152.9247,-27.6577],[152.9417,-27.6265],[152.9341,-27.6139],[152.8961,-27.602],[152.8746,-27.5792],[152.8569,-27.5969],[152.8525,-27.5419],[152.8417,-27.5309],[152.8303,-27.5354],[152.8412,-27.5448],[152.8201,-27.5559],[152.7851,-27.5503],[152.7426,-27.5662],[152.748,-27.5272],[152.763,-27.5212],[152.7302,-27.4956]]]},"properties":{"lga_code_2024":"33960","lga_name_2024":"Ipswich","state_name_2021":"Queensland"},"id":33960},{"type":"Feature","geometry":{"type":"MultiPolygon","coordinates":[[[[146.9039,-21.4692],[146.8667,-21.5099],[146.8701,-21.5267],[146.8347,-21.5744],[146.8339,-21.6432],[146.651,-21.6093],[146.6567,-21.5825],[146.4923,-21.5665],[146.4839,-21.6803],[146.396,-21.6632],[146.3407,-21.5701],[146.3467,-21.5181],[146.1505,-21.5001],[146.1323,-21.514],[146.0934,-21.5099],[146.0692,-21.8088],[146.1267,-21.8136],[146.1185,-21.9009],[146.2114,-21.9085],[146.2014,-22.0076],[146.0721,-21.9972],[146.067,-22.0265],[146.0395,-22.0233],[146.0315,-22.1048],[146.0741,-22.1234],[146.0521,-22.3385],[146.1221,-22.3474],[146.1089,-22.4457],[146.2755,-22.4627],[146.2693,-22.5086],[146.3296,-22.4948],[146.383,-22.5209],[146.4286,-22.4879],[146.4518,-22.4993],[146.4393,-22.5489],[146.4242,-22.5474],[146.4014,-22.7555],[146.5484,-22.7689],[146.5248,-22.804],[146.5601,-22.8784],[146.5784,-22.8896],[146.6461,-22.8832],[146.6842,-22.9458],[146.7529,-22.9843],[146.7876,-23.0371],[146.7789,-23.0907],[146.7891,-23.1273],[146.8145,-23.1536],[146.8642,-23.1749],[146.8845,-23.2203],[146.8777,-23.2692],[146.8546,-23.3047],[146.9327,-23.3155],[146.9397,-23.2604],[146.9763,-23.2633],[147.0791,-23.2798],[147.0749,-23.3069],[147.1587,-23.3263],[147.1619,-23.3397],[147.2866,-23.3512],[147.2831,-23.3307],[147.2951,-23.3224],[147.28,-23.2989],[147.2875,-23.2791],[147.2608,-23.2447],[147.2608,-23.2101],[147.2865,-23.1934],[147.3399,-23.1826],[147.354,-23.1904],[147.3946,-23.1473],[147.4785,-23.0915],[147.4837,-23.0467],[147.52,-23.0284],[147.4971,-23.0009],[147.5042,-22.9858],[147.553,-23.0092],[147.5554,-22.9764],[147.5823,-22.963],[147.6016,-22.8948],[147.618,-22.8939],[147.6206,-22.9121],[147.6405,-22.9263],[147.6639,-22.9127],[147.6943,-22.9147],[147.7028,-22.8858],[147.755,-22.8561],[147.7941,-22.8005],[147.8951,-22.7617],[147.9128,-22.7188],[147.9853,-22.7045],[148.0131,-22.6543],[148.023,-22.6931],[148.0608,-22.7099],[148.0639,-22.7395],[148.1097,-22.767],[148.1435,-22.7649],[148.1761,-22.7903],[148.2308,-22.7774],[148.2391,-22.7398],[148.3431,-22.7254],[148.3738,-22.7673],[148.3714,-22.7906],[148.2751,-22.8756],[148.3251,-22.9498],[148.4581,-22.8675],[148.5419,-22.8773],[148.5402,-22.9234],[148.5527,-22.9418],[148.5426,-22.9594],[148.5544,-22.9747],[148.5809,-22.9717],[148.585,-23.0005],[148.5997,-23.0029],[148.5878,-23.0715],[148.5623,-23.1159],[148.6244,-23.149],[148.5652,-23.222],[148.5825,-23.2339],[148.5122,-23.289],[148.5027,-23.3303],[148.5503,-23.3468],[148.5705,-23.3793],[148.5504,-23.4069],[148.573,-23.469],[148.5227,-23.5054],[148.5269,-23.5525],[148.5693,-23.5529],[148.5804,-23.5313],[148.5926,-23.5433],[148.6169,-23.5374],[148.6341,-23.5097],[148.635,-23.4766],[148.6542,-23.4761],[148.7047,-23.4367],[148.6724,-23.4211],[148.7125,-23.3864],[148.7046,-23.3658],[148.7134,-23.3526],[148.736,-23.3479],[148.7586,-23.3812],[148.7754,-23.374],[148.7807,-23.3512],[148.8257,-23.3795],[148.8656,-23.3561],[148.869,-23.3191],[148.8453,-23.2893],[148.8558,-23.2659],[148.8792,-23.2478],[148.9251,-23.262],[148.9257,-23.2456],[148.9481,-23.2406],[148.9534,-23.2078],[148.9854,-23.1945],[149.0063,-23.1667],[149.0057,-23.1502],[148.9873,-23.1438],[148.9905,-23.1297],[148.9735,-23.1251],[148.9762,-23.0945],[149.0254,-23.0814],[149.0443,-23.0588],[149.1251,-23.0627],[149.1992,-23.0499],[149.2372,-22.976],[149.2872,-22.956],[149.2854,-22.9418],[149.3302,-22.8986],[149.3296,-22.8757],[149.3686,-22.8779],[149.4132,-22.8575],[149.4347,-22.8279],[149.427,-22.7716],[149.4485,-22.7408],[149.4351,-22.7298],[149.432,-22.7016],[149.4087,-22.6947],[149.4038,-22.6809],[149.3907,-22.6853],[149.377,-22.6589],[149.3885,-22.616],[149.4244,-22.6473],[149.4587,-22.6315],[149.4634,-22.5967],[149.4925,-22.621],[149.5181,-22.6232],[149.5657,-22.5935],[149.6254,-22.5977],[149.6268,-22.5821],[149.6395,-22.5848],[149.631,-22.5442],[149.6574,-22.5046],[149.7521,-22.4364],[149.7469,-22.387],[149.7667,-22.3713],[149.7311,-22.3478],[149.7105,-22.3697],[149.6842,-22.3451],[149.6583,-22.3549],[149.6294,-22.2972],[149.5973,-22.2815],[149.5988,-22.2539],[149.5741,-22.2332],[149.5544,-22.1873],[149.5669,-22.1719],[149.5171,-22.0753],[149.5234,-22.0271],[149.4901,-21.9895],[149.4654,-21.9257],[149.4717,-21.8385],[149.4559,-21.8301],[149.4584,-21.8175],[149.4343,-21.8181],[149.4308,-21.7459],[149.4217,-21.7724],[149.4252,-21.7434],[149.4565,-21.7299],[149.4358,-21.7219],[149.4797,-21.7429],[149.4706,-21.7084],[149.4493,-21.7132],[149.4582,-21.708],[149.4448,-21.6879],[149.4559,-21.6796],[149.4404,-21.6313],[149.3848,-21.6248],[149.3833,-21.6496],[149.3616,-21.6494],[149.3549,-21.6782],[149.2859,-21.7016],[149.2632,-21.7403],[149.2234,-21.7483],[149.2202,-21.7384],[149.1742,-21.7708],[149.1337,-21.744],[149.0658,-21.7329],[149.0595,-21.7636],[149.0361,-21.7713],[149.0268,-21.742],[148.9941,-21.7192],[148.9984,-21.6799],[149.0189,-21.6606],[149.0109,-21.6364],[149.0262,-21.6269],[149.0392,-21.6386],[149.0493,-21.6236],[149.0581,-21.5539],[149.048,-21.546],[149.0864,-21.4904],[149.0927,-21.4449],[149.0755,-21.3901],[149.032,-21.3538],[148.9719,-21.3681],[148.9507,-21.3854],[148.914,-21.3791],[148.9022,-21.4053],[148.7848,-21.3863],[148.7629,-21.3948],[148.7002,-21.3439],[148.6863,-21.3768],[148.6727,-21.3662],[148.6355,-21.3655],[148.6163,-21.3787],[148.6086,-21.3642],[148.5479,-21.3678],[148.5174,-21.3099],[148.4703,-21.2739],[148.4289,-21.2991],[148.4081,-21.2792],[148.3873,-21.28],[148.3705,-21.2574],[148.3472,-21.2573],[148.308,-21.222],[148.3121,-21.1671],[148.2921,-21.1517],[148.3287,-21.1144],[148.3066,-21.0917],[148.2968,-21.056],[148.2739,-21.0474],[148.2258,-20.9827],[148.2374,-20.9539],[148.2271,-20.9308],[148.1353,-20.9978],[148.1033,-20.9999],[148.0919,-21.0193],[148.0677,-21.0264],[148.0286,-20.9853],[148.0095,-20.9887],[148.029,-21.0368],[148.016,-21.0656],[148.0261,-21.101],[148.0946,-21.2107],[148.0726,-21.2426],[148.0272,-21.2699],[147.9857,-21.2894],[147.9451,-21.2906],[147.8806,-21.2636],[147.8699,-21.2705],[147.8633,-21.2549],[147.8426,-21.2631],[147.8434,-21.2315],[147.815,-21.2285],[147.8096,-21.1947],[147.7639,-21.1896],[147.7637,-21.2066],[147.7809,-21.2007],[147.7784,-21.2292],[147.8011,-21.2312],[147.8073,-21.2852],[147.8248,-21.2948],[147.8252,-21.3121],[147.7478,-21.3799],[147.7358,-21.3993],[147.7461,-21.4203],[147.7226,-21.4286],[147.6998,-21.4739],[147.6573,-21.4901],[147.6343,-21.5946],[147.6113,-21.5991],[147.5828,-21.6428],[147.5096,-21.6538],[147.4853,-21.6762],[147.4398,-21.6901],[147.3908,-21.6864],[147.3105,-21.6469],[147.2157,-21.6714],[147.1798,-21.6315],[147.1599,-21.5715],[147.1392,-21.5558],[147.0325,-21.5226],[146.9312,-21.5134],[146.9039,-21.4692]]],[[[150.4347,-21.772],[150.4387,-21.7723],[150.4317,-21.7714],[150.4347,-21.772]]],[[[150.442,-21.7662],[150.442,-21.7655],[150.4409,-21.7656],[150.442,-21.7662]]],[[[150.4371,-21.7642],[150.4414,-21.7634],[150.4388,-21.762],[150.4371,-21.7642]]],[[[150.4301,-21.7611],[150.4285,-21.7605],[150.4298,-21.7625],[150.4301,-21.7611]]],[[[150.426,-21.7577],[150.4269,-21.756],[150.425,-21.7557],[150.426,-21.7577]]],[[[150.4285,-21.7567],[150.4291,-21.7548],[150.4279,-21.755],[150.4285,-21.7567]]],[[[149.775,-22.3601],[149.7779,-22.3584],[149.7753,-22.3581],[149.775,-22.3601]]],[[[150.4133,-21.7533],[150.4131,-21.7524],[150.4122,-21.7524],[150.4133,-21.7533]]],[[[150.3561,-21.6731],[150.3566,-21.6729],[150.3555,-21.6727],[150.3561,-21.6731]]],[[[150.2538,-21.5231],[150.2765,-21.5166],[150.2454,-21.5167],[150.2538,-21.5231]]],[[[150.3081,-21.4714],[150.3076,-21.4704],[150.3072,-21.4709],[150.3081,-21.4714]]],[[[150.309,-21.47],[150.3104,-21.4689],[150.3097,-21.4672],[150.309,-21.47]]],[[[150.1496,-21.5202],[150.1529,-21.5293],[150.1556,-21.5262],[150.1496,-21.5202]]],[[[150.1526,-21.5329],[150.1533,-21.5314],[150.1522,-21.5318],[150.1526,-21.5329]]],[[[150.2714,-21.4895],[150.2805,-21.4834],[150.2665,-21.4768],[150.2714,-21.4895]]],[[[150.2568,-21.488],[150.2583,-21.4852],[150.2543,-21.4872],[150.2568,-21.488]]],[[[149.7564,-22.413],[149.7634,-22.4057],[149.7567,-22.4003],[149.7564,-22.413]]],[[[149.7579,-22.3986],[149.7673,-22.3911],[149.7576,-22.3918],[149.7579,-22.3986]]],[[[149.9165,-21.4968],[149.9064,-21.4965],[149.9171,-21.5066],[149.9165,-21.4968]]],[[[149.824,-21.3744],[149.839,-21.3821],[149.8279,-21.3709],[149.824,-21.3744]]],[[[149.8407,-21.445],[149.8553,-21.4477],[149.8477,-21.4411],[149.8407,-21.445]]],[[[149.8887,-21.5003],[149.8965,-21.4988],[149.8911,-21.4853],[149.8887,-21.5003]]],[[[149.8792,-21.4677],[149.8885,-21.4686],[149.8781,-21.4637],[149.8792,-21.4677]]],[[[149.9079,-21.4812],[149.9132,-21.4864],[149.9075,-21.4781],[149.9079,-21.4812]]],[[[149.8712,-21.4579],[149.8754,-21.4608],[149.8704,-21.4541],[149.8712,-21.4579]]],[[[149.9207,-21.4939],[149.9212,-21.4889],[149.9173,-21.4884],[149.9207,-21.4939]]],[[[149.7182,-21.5104],[149.7198,-21.5129],[149.7189,-21.5075],[149.7182,-21.5104]]],[[[149.826,-21.3693],[149.8263,-21.3664],[149.825,-21.3678],[149.826,-21.3693]]],[[[149.8204,-21.436],[149.8207,-21.434],[149.8198,-21.4337],[149.8204,-21.436]]],[[[150.2478,-21.6764],[150.2534,-21.6678],[150.2834,-21.6792],[150.302,-21.6649],[150.2909,-21.6438],[150.2639,-21.6412],[150.2475,-21.6189],[150.2478,-21.6764]]],[[[150.3585,-21.7335],[150.362,-21.7177],[150.3398,-21.7413],[150.2995,-21.7455],[150.332,-21.7717],[150.3482,-21.764],[150.3457,-21.743],[150.3585,-21.7335]]],[[[149.8012,-21.5938],[149.7811,-21.6131],[149.8188,-21.6068],[149.8012,-21.5938]]],[[[150.3389,-21.6696],[150.3505,-21.667],[150.3258,-21.6586],[150.3389,-21.6696]]],[[[149.8348,-21.6622],[149.8425,-21.6598],[149.8343,-21.6466],[149.8348,-21.6622]]],[[[149.7926,-21.8378],[149.8039,-21.8309],[149.7935,-21.8303],[149.7926,-21.8378]]],[[[149.8193,-21.8241],[149.8228,-21.837],[149.825,-21.8347],[149.8193,-21.8241]]],[[[149.862,-21.6029],[149.8701,-21.6063],[149.8628,-21.5997],[149.862,-21.6029]]],[[[149.7767,-21.6709],[149.7762,-21.675],[149.7816,-21.679],[149.7767,-21.6709]]],[[[149.7971,-21.85],[149.7996,-21.8517],[149.7987,-21.8422],[149.7971,-21.85]]],[[[150.2199,-21.6538],[150.2169,-21.6571],[150.2253,-21.6534],[150.2199,-21.6538]]],[[[150.3372,-21.6526],[150.3409,-21.6533],[150.3418,-21.6489],[150.3372,-21.6526]]],[[[149.7862,-21.8164],[149.7898,-21.8176],[149.7851,-21.8141],[149.7862,-21.8164]]],[[[149.8264,-21.6061],[149.8273,-21.6034],[149.8253,-21.6028],[149.8264,-21.6061]]],[[[149.7698,-21.6009],[149.7728,-21.6002],[149.7699,-21.5994],[149.7698,-21.6009]]],[[[149.8114,-21.5762],[149.8123,-21.5737],[149.8115,-21.5721],[149.8114,-21.5762]]],[[[150.2267,-21.6522],[150.2274,-21.649],[150.2265,-21.6494],[150.2267,-21.6522]]],[[[150.2892,-21.7489],[150.2902,-21.7479],[150.2881,-21.7471],[150.2892,-21.7489]]],[[[150.2958,-21.6733],[150.2969,-21.6714],[150.295,-21.672],[150.2958,-21.6733]]],[[[149.8084,-21.6285],[149.8102,-21.628],[149.8098,-21.6271],[149.8084,-21.6285]]],[[[149.8053,-21.8401],[149.8069,-21.8389],[149.8051,-21.8383],[149.8053,-21.8401]]],[[[149.7995,-21.8265],[149.7989,-21.8237],[149.7987,-21.8255],[149.7995,-21.8265]]],[[[150.2749,-21.6841],[150.2759,-21.683],[150.2745,-21.6832],[150.2749,-21.6841]]],[[[150.3433,-21.6757],[150.3441,-21.6749],[150.3428,-21.6747],[150.3433,-21.6757]]],[[[150.2857,-21.681],[150.2854,-21.6799],[150.2845,-21.6801],[150.2857,-21.681]]],[[[150.2301,-21.6524],[150.2306,-21.6514],[150.2294,-21.6517],[150.2301,-21.6524]]],[[[150.3155,-21.7352],[150.3157,-21.7345],[150.3146,-21.7343],[150.3155,-21.7352]]],[[[150.2246,-21.6583],[150.2246,-21.6574],[150.2237,-21.6574],[150.2246,-21.6583]]],[[[150.2868,-21.6786],[150.2874,-21.6778],[150.2865,-21.6781],[150.2868,-21.6786]]],[[[150.2945,-21.674],[150.2947,-21.6729],[150.294,-21.6732],[150.2945,-21.674]]],[[[150.2871,-21.6845],[150.2872,-21.6837],[150.2867,-21.6839],[150.2871,-21.6845]]],[[[150.2879,-21.6831],[150.2882,-21.6824],[150.2876,-21.6826],[150.2879,-21.6831]]],[[[149.6673,-21.7268],[149.6744,-21.7284],[149.6629,-21.7184],[149.6673,-21.7268]]],[[[149.6616,-21.4734],[149.665,-21.4711],[149.6622,-21.4704],[149.6616,-21.4734]]],[[[149.6368,-21.6766],[149.6388,-21.6728],[149.637,-21.6731],[149.6368,-21.6766]]],[[[149.6695,-21.7184],[149.6721,-21.7165],[149.6699,-21.7162],[149.6695,-21.7184]]],[[[149.4796,-21.8334],[149.4984,-21.8332],[149.4975,-21.8214],[149.4696,-21.8211],[149.4796,-21.8334]]],[[[149.561,-21.9882],[149.5825,-21.9744],[149.578,-21.9686],[149.561,-21.9882]]],[[[149.6578,-21.9784],[149.6647,-21.975],[149.6558,-21.9658],[149.6578,-21.9784]]],[[[149.5735,-22.1256],[149.5885,-22.1392],[149.5782,-22.1197],[149.5735,-22.1256]]],[[[149.6539,-21.9298],[149.6425,-21.9319],[149.6513,-21.9365],[149.6539,-21.9298]]],[[[149.614,-22.0548],[149.6158,-22.0539],[149.6125,-22.0513],[149.614,-22.0548]]],[[[149.5953,-22.1434],[149.5966,-22.1423],[149.5944,-22.1417],[149.5953,-22.1434]]],[[[149.659,-21.9848],[149.6574,-21.9846],[149.6596,-21.9879],[149.659,-21.9848]]],[[[149.5987,-21.9586],[149.5995,-21.9575],[149.5979,-21.9568],[149.5987,-21.9586]]],[[[149.5774,-21.9578],[149.5787,-21.9572],[149.5778,-21.9561],[149.5774,-21.9578]]],[[[149.6604,-21.9512],[149.6617,-21.9496],[149.6599,-21.9503],[149.6604,-21.9512]]],[[[149.6688,-21.9858],[149.6696,-21.9861],[149.6678,-21.9844],[149.6688,-21.9858]]],[[[149.6525,-21.9591],[149.6534,-21.9586],[149.6529,-21.9575],[149.6525,-21.9591]]],[[[149.6596,-21.9592],[149.6602,-21.9577],[149.6591,-21.9573],[149.6596,-21.9592]]],[[[149.6603,-21.9469],[149.6596,-21.9453],[149.6594,-21.9463],[149.6603,-21.9469]]],[[[149.6587,-21.9548],[149.6586,-21.9534],[149.658,-21.9541],[149.6587,-21.9548]]]]},"properties":{"lga_code_2024":"33980","lga_name_2024":"Isaac","state_name_2021":"Queensland"},"id":33980},{"type":"Feature","geometry":{"type":"Polygon","coordinates":[[[141.4848,-15.4992],[141.4994,-15.4852],[141.5093,-15.4937],[141.4926,-15.5153],[141.5028,-15.5058],[141.5045,-15.5207],[141.5218,-15.5268],[141.5223,-15.5107],[141.5501,-15.5112],[141.5608,-15.5187],[141.5563,-15.5381],[141.5837,-15.5187],[141.6274,-15.544],[141.9726,-15.5691],[141.9953,-15.4535],[141.9399,-15.3919],[141.967,-15.3558],[142.0245,-15.3788],[142.1258,-15.1003],[142.1342,-14.9856],[142.0594,-15.0678],[141.9529,-15.0942],[141.9339,-15.1136],[141.8438,-15.1249],[141.7897,-15.1462],[141.7242,-15.1391],[141.7245,-15.1177],[141.7101,-15.1182],[141.7185,-15.1077],[141.6948,-15.0986],[141.6739,-15.11],[141.6449,-15.0706],[141.6297,-15.1053],[141.6373,-15.145],[141.5756,-15.2054],[141.5696,-15.2922],[141.4848,-15.4992]]]},"properties":{"lga_code_2024":"34420","lga_name_2024":"Kowanyama","state_name_2021":"Queensland"},"id":34420},{"type":"Feature","geometry":{"type":"MultiPolygon","coordinates":[[[[150.7906,-23.506],[150.85,-23.5069],[150.8714,-23.4809],[150.8101,-23.4068],[150.791,-23.3576],[150.7923,-23.322],[150.7756,-23.3232],[150.7593,-23.3004],[150.7899,-23.3096],[150.825,-23.2802],[150.8298,-23.2551],[150.8193,-23.2215],[150.7987,-23.2278],[150.7891,-23.2085],[150.7942,-23.1625],[150.7748,-23.1652],[150.7497,-23.1294],[150.7715,-23.0559],[150.7774,-22.9619],[150.8,-22.9331],[150.787,-22.9222],[150.7897,-22.8657],[150.7969,-22.8253],[150.8108,-22.8178],[150.8123,-22.7492],[150.8352,-22.6842],[150.8056,-22.6732],[150.8037,-22.6468],[150.7784,-22.641],[150.779,-22.5783],[150.7906,-22.555],[150.7799,-22.5398],[150.7893,-22.5368],[150.7696,-22.5218],[150.7528,-22.5307],[150.7741,-22.5524],[150.7628,-22.552],[150.7536,-22.5895],[150.7451,-22.5831],[150.7406,-22.5973],[150.753,-22.6046],[150.7413,-22.6038],[150.7516,-22.6216],[150.7393,-22.6273],[150.7589,-22.6267],[150.7484,-22.6359],[150.7361,-22.6236],[150.7333,-22.6414],[150.7073,-22.6362],[150.6941,-22.6064],[150.7146,-22.6334],[150.7322,-22.6234],[150.719,-22.6002],[150.7248,-22.5632],[150.6917,-22.5536],[150.6796,-22.5735],[150.6889,-22.5447],[150.667,-22.5225],[150.6738,-22.501],[150.6443,-22.4743],[150.6743,-22.4947],[150.6783,-22.4732],[150.6975,-22.5061],[150.7239,-22.5186],[150.731,-22.4851],[150.7585,-22.4684],[150.7533,-22.4463],[150.6932,-22.4306],[150.687,-22.3771],[150.6692,-22.3472],[150.6505,-22.369],[150.6723,-22.4025],[150.6614,-22.4195],[150.6663,-22.4541],[150.6503,-22.439],[150.6553,-22.4221],[150.6273,-22.4417],[150.6463,-22.424],[150.628,-22.421],[150.6578,-22.4142],[150.6439,-22.3913],[150.6307,-22.3994],[150.6109,-22.3889],[150.6425,-22.3796],[150.6172,-22.3498],[150.6407,-22.3634],[150.6458,-22.3455],[150.6259,-22.3277],[150.6041,-22.3351],[150.5624,-22.3164],[150.5398,-22.3507],[150.53,-22.4024],[150.5564,-22.4306],[150.5399,-22.427],[150.5386,-22.4424],[150.59,-22.4641],[150.5331,-22.45],[150.5563,-22.477],[150.5871,-22.4858],[150.593,-22.4758],[150.6019,-22.4861],[150.5874,-22.4875],[150.6078,-22.5008],[150.5742,-22.4821],[150.5525,-22.484],[150.5853,-22.5552],[150.5976,-22.5594],[150.5884,-22.5591],[150.5918,-22.5748],[150.5515,-22.5665],[150.5599,-22.6034],[150.5474,-22.576],[150.5374,-22.5902],[150.5486,-22.6171],[150.538,-22.5984],[150.5298,-22.6023],[150.5441,-22.5736],[150.5304,-22.5813],[150.5148,-22.5574],[150.5379,-22.5724],[150.5448,-22.5614],[150.4918,-22.5214],[150.4976,-22.5602],[150.4839,-22.5343],[150.4507,-22.5227],[150.4487,-22.5347],[150.4393,-22.5124],[150.405,-22.4983],[150.3839,-22.4654],[150.301,-22.4213],[150.3005,-22.3977],[150.2171,-22.3939],[150.2058,-22.3691],[150.1774,-22.3605],[150.1922,-22.3252],[150.1574,-22.305],[150.1516,-22.2598],[150.1102,-22.233],[150.0816,-22.1519],[150.0656,-22.1529],[150.06,-22.1319],[150.0442,-22.1255],[150.0285,-22.1457],[149.9975,-22.1456],[149.9559,-22.1853],[149.9175,-22.2761],[149.9149,-22.3212],[149.9291,-22.3235],[149.9269,-22.3448],[149.9129,-22.3427],[150.0028,-22.5301],[150.0105,-22.582],[150.0467,-22.6611],[149.9914,-22.6018],[149.9628,-22.5395],[149.8883,-22.4928],[149.8499,-22.4162],[149.809,-22.3816],[149.7843,-22.3803],[149.7716,-22.4204],[149.6601,-22.5012],[149.631,-22.5442],[149.6395,-22.5848],[149.6268,-22.5821],[149.6254,-22.5977],[149.5657,-22.5935],[149.5181,-22.6232],[149.4925,-22.621],[149.4634,-22.5967],[149.4587,-22.6315],[149.4244,-22.6473],[149.3885,-22.616],[149.377,-22.6589],[149.3907,-22.6853],[149.4038,-22.6809],[149.4087,-22.6947],[149.432,-22.7016],[149.4351,-22.7298],[149.4485,-22.7408],[149.427,-22.7716],[149.4347,-22.8279],[149.4132,-22.8575],[149.3682,-22.8769],[149.4145,-22.9166],[149.4221,-22.9573],[149.4113,-22.99],[149.4292,-23.0204],[149.4858,-23.0578],[149.4915,-23.0909],[149.4816,-23.1132],[149.5029,-23.1241],[149.617,-23.0934],[149.6369,-23.0743],[149.6726,-23.0821],[149.7266,-23.0576],[149.7196,-23.0415],[149.7312,-23.0259],[149.7785,-23.0145],[149.8232,-22.9809],[149.8356,-22.9991],[149.8506,-22.9868],[149.8797,-22.9882],[149.9285,-23.0105],[149.9255,-23.0568],[149.9958,-23.0872],[150.0241,-23.0734],[150.0331,-23.0444],[150.0648,-23.035],[150.0781,-23.0476],[150.0672,-23.0853],[150.1349,-23.0963],[150.134,-23.1223],[150.1624,-23.1456],[150.2158,-23.1083],[150.2977,-23.138],[150.3844,-23.1427],[150.3931,-23.1581],[150.3838,-23.1785],[150.4016,-23.1918],[150.3421,-23.2461],[150.3663,-23.2666],[150.3971,-23.241],[150.422,-23.2455],[150.4523,-23.3154],[150.4499,-23.3398],[150.4797,-23.3175],[150.47,-23.3009],[150.5114,-23.2807],[150.5299,-23.2884],[150.5585,-23.2768],[150.5775,-23.257],[150.6131,-23.3423],[150.6043,-23.3514],[150.5843,-23.3418],[150.5876,-23.3718],[150.5711,-23.3991],[150.625,-23.4565],[150.6351,-23.4846],[150.6617,-23.4912],[150.6366,-23.5156],[150.6811,-23.4981],[150.7057,-23.5058],[150.727,-23.4914],[150.7906,-23.506]]],[[[150.8165,-23.5195],[150.822,-23.5219],[150.8157,-23.5179],[150.8165,-23.5195]]],[[[150.9382,-23.347],[150.9395,-23.3425],[150.9335,-23.3408],[150.9382,-23.347]]],[[[150.8843,-23.2779],[150.8935,-23.281],[150.886,-23.2752],[150.8843,-23.2779]]],[[[150.9703,-23.2169],[150.9734,-23.2091],[150.9649,-23.2148],[150.9703,-23.2169]]],[[[151.0864,-23.1537],[151.0846,-23.155],[151.086,-23.1552],[151.0864,-23.1537]]],[[[150.9003,-23.0946],[150.907,-23.0895],[150.9016,-23.0899],[150.9003,-23.0946]]],[[[150.9537,-23.0652],[150.9543,-23.0627],[150.9525,-23.0634],[150.9537,-23.0652]]],[[[150.8882,-23.0504],[150.8897,-23.0484],[150.8859,-23.0475],[150.8882,-23.0504]]],[[[150.9943,-22.7317],[150.9988,-22.7344],[150.9925,-22.7264],[150.9943,-22.7317]]],[[[149.8884,-22.2681],[149.8919,-22.2636],[149.887,-22.2648],[149.8884,-22.2681]]],[[[150.3588,-22.1901],[150.36,-22.1898],[150.3586,-22.1869],[150.3588,-22.1901]]],[[[149.8492,-22.1492],[149.8528,-22.1462],[149.8495,-22.1465],[149.8492,-22.1492]]],[[[150.6697,-22.094],[150.6769,-22.0909],[150.6702,-22.0827],[150.6697,-22.094]]],[[[149.9883,-22.0586],[149.9894,-22.0525],[149.9864,-22.0564],[149.9883,-22.0586]]],[[[150.0979,-22.0466],[150.0976,-22.0454],[150.0973,-22.0457],[150.0979,-22.0466]]],[[[150.4493,-22.0397],[150.452,-22.0366],[150.4508,-22.0316],[150.4493,-22.0397]]],[[[149.8405,-22.0347],[149.8436,-22.0345],[149.8443,-22.0326],[149.8405,-22.0347]]],[[[150.6485,-22.0284],[150.6495,-22.0274],[150.6481,-22.0265],[150.6485,-22.0284]]],[[[149.8308,-22.0257],[149.8314,-22.0242],[149.8277,-22.0244],[149.8308,-22.0257]]],[[[149.8247,-22.017],[149.8247,-22.0143],[149.8239,-22.0148],[149.8247,-22.017]]],[[[150.6461,-22.0038],[150.6435,-22.0095],[150.6478,-22.0092],[150.6461,-22.0038]]],[[[150.6682,-21.9915],[150.6711,-21.9926],[150.6681,-21.9884],[150.6682,-21.9915]]],[[[149.8048,-21.9866],[149.8195,-21.9957],[149.8094,-21.9823],[149.8048,-21.9866]]],[[[149.8778,-21.9815],[149.8794,-21.9807],[149.8783,-21.9793],[149.8778,-21.9815]]],[[[150.3817,-21.9733],[150.383,-21.9717],[150.3803,-21.9709],[150.3817,-21.9733]]],[[[149.894,-21.9714],[149.8952,-21.9709],[149.8932,-21.9696],[149.894,-21.9714]]],[[[150.1344,-21.9571],[150.1334,-21.9536],[150.1324,-21.9545],[150.1344,-21.9571]]],[[[150.7027,-21.9528],[150.7028,-21.951],[150.7011,-21.9508],[150.7027,-21.9528]]],[[[150.1205,-21.9495],[150.1196,-21.9473],[150.1179,-21.9471],[150.1205,-21.9495]]],[[[150.6912,-21.9422],[150.6924,-21.9401],[150.6911,-21.9406],[150.6912,-21.9422]]],[[[150.0992,-21.9399],[150.0995,-21.9392],[150.0986,-21.9393],[150.0992,-21.9399]]],[[[150.6915,-21.9395],[150.6917,-21.9377],[150.691,-21.939],[150.6915,-21.9395]]],[[[150.111,-21.9321],[150.1186,-21.9152],[150.1083,-21.9222],[150.111,-21.9321]]],[[[149.9715,-22.0378],[149.9746,-22.034],[149.9693,-22.0362],[149.9715,-22.0378]]],[[[150.098,-22.032],[150.0985,-22.0313],[150.0978,-22.0309],[150.098,-22.032]]],[[[150.101,-22.0285],[150.1013,-22.0282],[150.1005,-22.0277],[150.101,-22.0285]]],[[[150.1271,-21.9517],[150.1273,-21.9492],[150.1253,-21.9511],[150.1271,-21.9517]]],[[[150.1245,-21.942],[150.1276,-21.9364],[150.12,-21.9389],[150.1245,-21.942]]],[[[150.2217,-21.9203],[150.2221,-21.9188],[150.2209,-21.918],[150.2217,-21.9203]]],[[[150.8537,-23.534],[150.8653,-23.5279],[150.8379,-23.5212],[150.8537,-23.534]]],[[[150.8281,-23.5242],[150.8374,-23.5276],[150.8311,-23.5197],[150.8281,-23.5242]]],[[[150.8145,-23.356],[150.8123,-23.3584],[150.8176,-23.3575],[150.8145,-23.356]]],[[[151.0784,-23.1541],[151.069,-23.1611],[151.0794,-23.1634],[151.0784,-23.1541]]],[[[150.8986,-23.1001],[150.9012,-23.0983],[150.8973,-23.098],[150.8986,-23.1001]]],[[[150.9066,-23.0852],[150.9144,-23.0797],[150.8921,-23.0545],[150.8846,-23.0774],[150.9066,-23.0852]]],[[[150.8808,-23.0474],[150.8812,-23.0464],[150.8789,-23.0463],[150.8808,-23.0474]]],[[[150.9629,-22.6548],[150.9599,-22.6555],[150.9586,-22.658],[150.9629,-22.6548]]],[[[150.2397,-22.3099],[150.2402,-22.3094],[150.2396,-22.3091],[150.2397,-22.3099]]],[[[150.3028,-22.3085],[150.3029,-22.3075],[150.3017,-22.3078],[150.3028,-22.3085]]],[[[150.2299,-22.2874],[150.2284,-22.2848],[150.2285,-22.2869],[150.2299,-22.2874]]],[[[150.5393,-22.2668],[150.5422,-22.2663],[150.5392,-22.2653],[150.5393,-22.2668]]],[[[150.3351,-22.2307],[150.3347,-22.2296],[150.3344,-22.2303],[150.3351,-22.2307]]],[[[150.3702,-22.2151],[150.3702,-22.2162],[150.3709,-22.2164],[150.3702,-22.2151]]],[[[150.3732,-22.2073],[150.3742,-22.2072],[150.373,-22.2049],[150.3732,-22.2073]]],[[[150.359,-22.1946],[150.3618,-22.1943],[150.3588,-22.1932],[150.359,-22.1946]]],[[[150.2935,-22.0274],[150.303,-22.0241],[150.2896,-22.0241],[150.2935,-22.0274]]],[[[150.3834,-22.0127],[150.388,-22.0156],[150.383,-22.0094],[150.3834,-22.0127]]],[[[149.8461,-22.0077],[149.8618,-22.0131],[149.881,-21.9943],[149.8461,-22.0077]]],[[[150.3761,-22.0093],[150.3796,-22.0076],[150.3789,-22.0056],[150.3761,-22.0093]]],[[[150.1639,-22.0129],[150.1643,-22.0114],[150.1632,-22.0107],[150.1639,-22.0129]]],[[[150.5861,-21.9835],[150.5872,-21.9805],[150.5857,-21.981],[150.5861,-21.9835]]],[[[150.143,-21.9821],[150.1421,-21.9834],[150.1428,-21.9833],[150.143,-21.9821]]],[[[150.1885,-21.9836],[150.1895,-21.9825],[150.1885,-21.9828],[150.1885,-21.9836]]],[[[150.6842,-21.9604],[150.6774,-21.9654],[150.6904,-21.9672],[150.6983,-21.9534],[150.6861,-21.9459],[150.6842,-21.9604]]],[[[150.1989,-21.9654],[150.1976,-21.9659],[150.1992,-21.9669],[150.1989,-21.9654]]],[[[150.3617,-22.0176],[150.3739,-22.0234],[150.3669,-22.0114],[150.3617,-22.0176]]],[[[150.8518,-23.5132],[150.8645,-23.517],[150.8718,-23.5059],[150.8518,-23.5132]]],[[[150.8773,-23.0376],[150.8786,-23.0374],[150.8783,-23.0357],[150.8773,-23.0376]]],[[[150.8449,-22.6836],[150.8405,-22.6862],[150.8482,-22.6852],[150.8449,-22.6836]]],[[[149.8685,-22.1482],[149.8692,-22.1438],[149.8625,-22.1453],[149.8685,-22.1482]]],[[[150.1253,-21.9943],[150.1396,-21.9984],[150.1297,-21.9875],[150.1253,-21.9943]]],[[[150.3791,-21.9997],[150.3755,-21.9993],[150.3844,-22.0031],[150.3791,-21.9997]]],[[[149.8937,-21.9966],[149.894,-21.995],[149.8924,-21.996],[149.8937,-21.9966]]],[[[150.1428,-21.9939],[150.1428,-21.9925],[150.1419,-21.9933],[150.1428,-21.9939]]],[[[150.1549,-21.985],[150.1543,-21.9826],[150.1532,-21.9841],[150.1549,-21.985]]],[[[150.1414,-21.9793],[150.1499,-21.9611],[150.1414,-21.9575],[150.1414,-21.9793]]],[[[150.1946,-21.9789],[150.1942,-21.978],[150.1938,-21.9784],[150.1946,-21.9789]]],[[[150.8689,-23.2458],[150.8705,-23.2452],[150.8708,-23.2437],[150.8689,-23.2458]]],[[[149.9136,-22.3054],[149.9196,-22.3072],[149.9163,-22.3028],[149.9136,-22.3054]]],[[[150.4557,-22.3112],[150.4544,-22.3079],[150.45,-22.3057],[150.4557,-22.3112]]],[[[150.2283,-22.3087],[150.2299,-22.3081],[150.2291,-22.3059],[150.2283,-22.3087]]],[[[149.9153,-22.3119],[149.9185,-22.3112],[149.9188,-22.3102],[149.9153,-22.3119]]],[[[150.9247,-23.3022],[150.9233,-23.3034],[150.9243,-23.3055],[150.9247,-23.3022]]],[[[150.9234,-23.3019],[150.9243,-23.3008],[150.9202,-23.3005],[150.9234,-23.3019]]],[[[150.4963,-22.553],[150.5003,-22.5503],[150.497,-22.5405],[150.4963,-22.553]]],[[[150.0148,-22.6255],[150.0193,-22.6227],[150.0141,-22.6176],[150.0148,-22.6255]]],[[[150.7382,-22.6114],[150.7347,-22.6072],[150.7376,-22.6171],[150.7382,-22.6114]]],[[[150.797,-22.562],[150.7969,-22.5645],[150.7996,-22.5647],[150.797,-22.562]]],[[[150.0099,-22.6168],[150.0118,-22.6143],[150.0091,-22.6145],[150.0099,-22.6168]]],[[[150.0125,-22.6265],[150.0144,-22.6286],[150.0126,-22.6232],[150.0125,-22.6265]]],[[[150.6807,-22.5709],[150.6828,-22.5717],[150.6788,-22.5659],[150.6807,-22.5709]]],[[[150.6886,-22.5589],[150.6906,-22.5567],[150.689,-22.5572],[150.6886,-22.5589]]],[[[150.6792,-22.5642],[150.6806,-22.5622],[150.6794,-22.5624],[150.6792,-22.5642]]],[[[150.7374,-22.6095],[150.7374,-22.6078],[150.7361,-22.6066],[150.7374,-22.6095]]],[[[150.7108,-22.6262],[150.7118,-22.6259],[150.7109,-22.6248],[150.7108,-22.6262]]],[[[150.8495,-23.3175],[150.8507,-23.3161],[150.8479,-23.3148],[150.8495,-23.3175]]],[[[150.9397,-23.1978],[150.9776,-23.1833],[150.9881,-23.1923],[150.9943,-23.1776],[150.9755,-23.1712],[150.9762,-23.1493],[150.9511,-23.1712],[150.9328,-23.1677],[150.9397,-23.1978]]],[[[150.9701,-23.1975],[150.9722,-23.2016],[150.9721,-23.1971],[150.9701,-23.1975]]],[[[149.9076,-22.4779],[149.9085,-22.4695],[149.8984,-22.4625],[149.9076,-22.4779]]],[[[149.965,-22.4772],[149.9741,-22.4916],[149.9664,-22.4735],[149.965,-22.4772]]],[[[150.7462,-22.4119],[150.7492,-22.4132],[150.7447,-22.4088],[150.7462,-22.4119]]],[[[150.4436,-22.5153],[150.4493,-22.517],[150.4433,-22.5129],[150.4436,-22.5153]]],[[[150.7345,-22.4404],[150.7364,-22.4377],[150.7358,-22.4357],[150.7345,-22.4404]]],[[[150.7748,-22.4817],[150.7757,-22.4806],[150.7727,-22.4771],[150.7748,-22.4817]]],[[[150.7412,-22.4034],[150.74,-22.4044],[150.7431,-22.4063],[150.7412,-22.4034]]],[[[150.4376,-22.5122],[150.4387,-22.5104],[150.4373,-22.5085],[150.4376,-22.5122]]],[[[150.7613,-22.4697],[150.7623,-22.4682],[150.7596,-22.468],[150.7613,-22.4697]]],[[[150.7291,-22.4329],[150.7305,-22.4303],[150.7276,-22.4323],[150.7291,-22.4329]]],[[[150.7572,-22.479],[150.7582,-22.4783],[150.7562,-22.4762],[150.7572,-22.479]]],[[[150.4479,-22.5214],[150.4487,-22.5201],[150.4468,-22.5186],[150.4479,-22.5214]]],[[[150.4042,-22.4946],[150.4065,-22.4932],[150.4058,-22.4929],[150.4042,-22.4946]]],[[[150.7641,-22.4489],[150.7634,-22.4476],[150.7623,-22.4479],[150.7641,-22.4489]]],[[[150.77,-22.5181],[150.7721,-22.5176],[150.7706,-22.517],[150.77,-22.5181]]],[[[150.7311,-22.4272],[150.7319,-22.4259],[150.7305,-22.4263],[150.7311,-22.4272]]],[[[150.4493,-22.5226],[150.4506,-22.5211],[150.449,-22.522],[150.4493,-22.5226]]],[[[150.4464,-22.5211],[150.446,-22.5195],[150.4448,-22.5181],[150.4464,-22.5211]]],[[[150.7525,-22.4545],[150.7523,-22.4536],[150.7516,-22.4539],[150.7525,-22.4545]]],[[[150.452,-22.5212],[150.4522,-22.5205],[150.4517,-22.5205],[150.452,-22.5212]]],[[[150.4215,-22.2945],[150.4314,-22.2718],[150.4634,-22.2592],[150.4541,-22.2342],[150.464,-22.2252],[150.4398,-22.2327],[150.4306,-22.2521],[150.4426,-22.2546],[150.4155,-22.2796],[150.4215,-22.2945]]],[[[149.9139,-22.2298],[149.8986,-22.2603],[149.9113,-22.2536],[149.9139,-22.2298]]],[[[149.8793,-22.2523],[149.8929,-22.2515],[149.8806,-22.2343],[149.8793,-22.2523]]],[[[150.2973,-22.2424],[150.3036,-22.2497],[150.3233,-22.2357],[150.2973,-22.2424]]],[[[149.9197,-22.2005],[149.9317,-22.1873],[149.9266,-22.1748],[149.9197,-22.2005]]],[[[149.88,-22.2592],[149.8951,-22.2582],[149.8781,-22.2542],[149.88,-22.2592]]],[[[149.8915,-22.2428],[149.9007,-22.236],[149.8889,-22.2367],[149.8915,-22.2428]]],[[[150.2721,-22.2262],[150.2609,-22.2273],[150.2715,-22.2314],[150.2721,-22.2262]]],[[[149.9301,-22.1605],[149.9354,-22.1662],[149.9311,-22.1559],[149.9301,-22.1605]]],[[[149.9387,-22.2244],[149.9406,-22.2128],[149.9367,-22.2175],[149.9387,-22.2244]]],[[[149.9371,-22.1416],[149.943,-22.1378],[149.942,-22.1344],[149.9371,-22.1416]]],[[[149.8729,-22.2079],[149.8773,-22.2041],[149.8709,-22.2042],[149.8729,-22.2079]]],[[[149.8743,-22.2319],[149.8758,-22.2307],[149.8688,-22.2298],[149.8743,-22.2319]]],[[[149.9327,-22.2058],[149.9334,-22.2008],[149.9316,-22.2023],[149.9327,-22.2058]]],[[[149.9402,-22.2298],[149.9421,-22.2282],[149.9412,-22.2254],[149.9402,-22.2298]]],[[[149.9294,-22.2603],[149.9299,-22.2562],[149.9283,-22.2592],[149.9294,-22.2603]]],[[[150.4397,-22.2065],[150.4397,-22.2051],[150.4377,-22.2055],[150.4397,-22.2065]]],[[[150.3322,-22.2281],[150.3323,-22.2258],[150.3308,-22.2271],[150.3322,-22.2281]]],[[[150.425,-22.2497],[150.427,-22.249],[150.4248,-22.2489],[150.425,-22.2497]]],[[[150.3342,-22.2274],[150.3346,-22.227],[150.3335,-22.2258],[150.3342,-22.2274]]],[[[150.4735,-22.2055],[150.4727,-22.2065],[150.4734,-22.2063],[150.4735,-22.2055]]],[[[150.0899,-22.1779],[150.0895,-22.1771],[150.0893,-22.1775],[150.0899,-22.1779]]],[[[150.2886,-22.2359],[150.2884,-22.2365],[150.289,-22.2365],[150.2886,-22.2359]]],[[[150.0588,-22.1318],[150.0587,-22.131],[150.0583,-22.1314],[150.0588,-22.1318]]],[[[150.0941,-22.1867],[150.0941,-22.1862],[150.0933,-22.1864],[150.0941,-22.1867]]],[[[150.1854,-21.9788],[150.1515,-21.9714],[150.1687,-22.0041],[150.1854,-21.9788]]],[[[150.1555,-21.9709],[150.1557,-21.9685],[150.1545,-21.9692],[150.1555,-21.9709]]],[[[150.9247,-23.1695],[150.9144,-23.1615],[150.9195,-23.1686],[150.9247,-23.1695]]],[[[150.9061,-23.1547],[150.9078,-23.1512],[150.9005,-23.151],[150.9061,-23.1547]]],[[[150.4721,-22.2859],[150.4629,-22.3008],[150.4726,-22.2949],[150.486,-22.311],[150.5,-22.3031],[150.4785,-22.3207],[150.49,-22.3251],[150.4757,-22.3352],[150.4856,-22.35],[150.523,-22.3335],[150.5165,-22.3258],[150.5275,-22.3166],[150.5425,-22.3211],[150.5443,-22.2995],[150.5545,-22.3051],[150.5608,-22.295],[150.5349,-22.2754],[150.5197,-22.225],[150.4894,-22.2067],[150.4702,-22.2216],[150.4958,-22.2352],[150.486,-22.2438],[150.4923,-22.2555],[150.4783,-22.2554],[150.5005,-22.2696],[150.4755,-22.2611],[150.4722,-22.2767],[150.4828,-22.2787],[150.4721,-22.2859]]],[[[150.2516,-22.3648],[150.2619,-22.3711],[150.2827,-22.3518],[150.2516,-22.3648]]],[[[150.5184,-22.3734],[150.5287,-22.374],[150.5209,-22.3665],[150.5184,-22.3734]]],[[[150.4499,-22.3197],[150.4501,-22.3146],[150.443,-22.3118],[150.4499,-22.3197]]],[[[150.6606,-22.3395],[150.6626,-22.3347],[150.6574,-22.3296],[150.6606,-22.3395]]],[[[150.202,-22.323],[150.2066,-22.3178],[150.2018,-22.3176],[150.202,-22.323]]],[[[150.5147,-22.3788],[150.5062,-22.3803],[150.5164,-22.3827],[150.5147,-22.3788]]],[[[150.5355,-22.4225],[150.5335,-22.4229],[150.537,-22.4279],[150.5355,-22.4225]]],[[[150.465,-22.3354],[150.4629,-22.3399],[150.465,-22.3389],[150.465,-22.3354]]],[[[150.5374,-22.4312],[150.5376,-22.4288],[150.5363,-22.4297],[150.5374,-22.4312]]],[[[150.7181,-22.3402],[150.7192,-22.3382],[150.7175,-22.3391],[150.7181,-22.3402]]],[[[150.3132,-22.3286],[150.3143,-22.3283],[150.3129,-22.3269],[150.3132,-22.3286]]],[[[150.2594,-22.3417],[150.26,-22.3412],[150.2589,-22.3406],[150.2594,-22.3417]]],[[[150.5322,-22.3842],[150.5325,-22.3831],[150.5314,-22.3834],[150.5322,-22.3842]]],[[[150.3255,-22.4281],[150.325,-22.4273],[150.3241,-22.4273],[150.3255,-22.4281]]],[[[150.6276,-22.3279],[150.6281,-22.3275],[150.6275,-22.3269],[150.6276,-22.3279]]],[[[150.6591,-22.3432],[150.6594,-22.3427],[150.6587,-22.3423],[150.6591,-22.3432]]],[[[150.4496,-22.3238],[150.4497,-22.3233],[150.449,-22.3233],[150.4496,-22.3238]]],[[[150.6673,-22.3455],[150.6674,-22.3449],[150.667,-22.3449],[150.6673,-22.3455]]],[[[150.5285,-22.376],[150.5288,-22.3757],[150.5282,-22.3752],[150.5285,-22.376]]],[[[150.7149,-22.3391],[150.7146,-22.3382],[150.7144,-22.3385],[150.7149,-22.3391]]],[[[150.8791,-23.2434],[150.8751,-23.2403],[150.8707,-23.2415],[150.8791,-23.2434]]],[[[150.8335,-23.2874],[150.8345,-23.2873],[150.8345,-23.2855],[150.8335,-23.2874]]],[[[150.805,-23.1733],[150.8053,-23.1721],[150.804,-23.1728],[150.805,-23.1733]]],[[[149.8618,-22.1697],[149.8791,-22.2037],[149.8662,-22.222],[149.9006,-22.2329],[149.9186,-22.205],[149.93,-22.1337],[149.9046,-22.0786],[149.9077,-22.0528],[149.8816,-22.0679],[149.8618,-22.1697]]],[[[150.0139,-22.1056],[150.0011,-22.1052],[150.0011,-22.1223],[149.9785,-22.1176],[149.9701,-22.134],[149.9366,-22.1451],[149.9434,-22.1709],[150.0207,-22.1269],[150.0135,-22.1099],[150.0404,-22.1114],[150.0139,-22.1056]]],[[[149.9127,-22.0597],[149.9146,-22.059],[149.914,-22.0572],[149.9127,-22.0597]]],[[[150.0512,-22.1309],[150.0518,-22.1304],[150.0512,-22.1301],[150.0512,-22.1309]]]]},"properties":{"lga_code_2024":"34530","lga_name_2024":"Livingstone","state_name_2021":"Queensland"},"id":34530},{"type":"Feature","geometry":{"type":"MultiPolygon","coordinates":[[[[143.5959,-13.4139],[143.5818,-13.3757],[143.5401,-13.3529],[143.5269,-13.3274],[143.5218,-13.1788],[143.5021,-13.1243],[143.5146,-13.0081],[143.5041,-12.9866],[143.5122,-12.9612],[143.4977,-12.9491],[143.5441,-12.8429],[143.4745,-12.8654],[143.4493,-12.8489],[143.4051,-12.8678],[143.4014,-12.9005],[143.3902,-12.8851],[143.3755,-12.8993],[143.3572,-12.8975],[143.3619,-12.7912],[143.3293,-12.7704],[143.3322,-12.792],[143.3195,-12.7916],[143.2996,-12.7724],[143.2958,-12.7968],[143.3145,-12.8368],[143.2825,-12.8337],[143.2348,-12.8728],[143.2188,-12.7761],[143.1886,-12.7351],[143.1988,-12.7102],[143.2137,-12.7096],[143.2067,-12.6949],[143.2214,-12.6827],[143.2227,-12.6467],[143.2018,-12.6447],[143.1969,-12.6174],[143.1739,-12.5939],[143.1864,-12.5514],[143.1764,-12.5706],[143.1627,-12.5564],[143.115,-12.5753],[143.0869,-12.5654],[143.0697,-12.612],[143.0762,-12.6401],[143.0423,-12.6636],[143.0281,-12.6978],[142.9436,-12.6911],[142.9217,-12.7],[142.9318,-12.7266],[142.921,-12.7626],[142.9326,-12.7739],[142.9252,-12.7891],[142.8969,-12.7857],[142.8835,-12.8068],[142.9166,-12.8381],[142.9181,-12.862],[142.9508,-12.8782],[142.9613,-12.8986],[142.9493,-12.9264],[142.9581,-12.9469],[142.8936,-12.9929],[142.9805,-13.1205],[143.0201,-13.1323],[143.0571,-13.1252],[143.1096,-13.1504],[143.128,-13.1398],[143.2516,-13.1382],[143.2411,-13.2511],[143.2573,-13.2408],[143.3439,-13.2481],[143.3438,-13.2652],[143.3179,-13.2768],[143.32,-13.2896],[143.3533,-13.284],[143.391,-13.3351],[143.3639,-13.3797],[143.3645,-13.4027],[143.3203,-13.4377],[143.3167,-13.4855],[143.4975,-13.4515],[143.4954,-13.4255],[143.5191,-13.4413],[143.5353,-13.4213],[143.5913,-13.4228],[143.5959,-13.4139]]],[[[143.6169,-12.9851],[143.6158,-12.9848],[143.617,-12.9876],[143.6169,-12.9851]]],[[[143.6129,-12.9856],[143.6132,-12.9842],[143.611,-12.9853],[143.6129,-12.9856]]],[[[143.6138,-12.9938],[143.6134,-12.9925],[143.6129,-12.9923],[143.6138,-12.9938]]],[[[143.6112,-12.9893],[143.6113,-12.989],[143.6112,-12.9884],[143.6112,-12.9893]]],[[[143.5458,-12.8875],[143.5484,-12.8848],[143.5465,-12.8845],[143.5458,-12.8875]]],[[[143.603,-12.8857],[143.6049,-12.8876],[143.6038,-12.8845],[143.603,-12.8857]]],[[[143.5971,-12.8856],[143.5983,-12.8833],[143.5961,-12.8846],[143.5971,-12.8856]]],[[[143.55,-12.8862],[143.5501,-12.8853],[143.5494,-12.8857],[143.55,-12.8862]]],[[[143.2857,-12.8237],[143.3089,-12.8185],[143.2771,-12.7807],[143.2902,-12.8042],[143.2776,-12.8133],[143.2857,-12.8237]]],[[[143.3645,-12.8838],[143.3752,-12.8956],[143.3774,-12.8843],[143.3645,-12.8838]]],[[[143.389,-12.8723],[143.4009,-12.8694],[143.3893,-12.8654],[143.389,-12.8723]]],[[[143.3848,-12.8652],[143.3783,-12.8738],[143.3881,-12.8736],[143.3848,-12.8652]]],[[[143.3955,-12.8839],[143.4007,-12.8969],[143.399,-12.8767],[143.3955,-12.8839]]],[[[143.3806,-12.8812],[143.3915,-12.8809],[143.3842,-12.8768],[143.3806,-12.8812]]],[[[143.4025,-12.76],[143.3976,-12.7539],[143.4009,-12.7678],[143.4025,-12.76]]],[[[143.3679,-12.8787],[143.3751,-12.8815],[143.3686,-12.8767],[143.3679,-12.8787]]],[[[143.3953,-12.7503],[143.3968,-12.7494],[143.3959,-12.7481],[143.3953,-12.7503]]],[[[143.4052,-12.7596],[143.4055,-12.757],[143.404,-12.7586],[143.4052,-12.7596]]],[[[143.4123,-12.7815],[143.4121,-12.7805],[143.41,-12.7802],[143.4123,-12.7815]]],[[[143.3864,-12.884],[143.3895,-12.8827],[143.3874,-12.8829],[143.3864,-12.884]]]]},"properties":{"lga_code_2024":"34570","lga_name_2024":"Lockhart River","state_name_2021":"Queensland"},"id":34570},{"type":"Feature","geometry":{"type":"Polygon","coordinates":[[[152.1917,-27.3868],[152.1975,-27.4093],[152.1796,-27.4072],[152.1616,-27.4467],[152.0894,-27.397],[152.0699,-27.4037],[152.0538,-27.392],[152.0548,-27.4126],[152.0168,-27.4221],[152.0195,-27.4487],[151.9642,-27.4705],[151.9696,-27.4948],[151.9567,-27.5191],[151.964,-27.5294],[151.9701,-27.518],[151.9985,-27.5253],[151.9882,-27.536],[152.0047,-27.5485],[151.9962,-27.5807],[152.0168,-27.5797],[151.9742,-27.6093],[151.978,-27.6212],[151.9481,-27.6176],[151.9421,-27.6321],[151.9561,-27.6496],[151.984,-27.6472],[152.0015,-27.7026],[152.034,-27.7029],[152.0318,-27.7163],[152.0765,-27.7292],[152.0853,-27.76],[152.1048,-27.7456],[152.1013,-27.7652],[152.1394,-27.7797],[152.1305,-27.7838],[152.1491,-27.8066],[152.1379,-27.814],[152.1531,-27.8363],[152.1512,-27.8766],[152.1759,-27.8874],[152.1885,-27.9242],[152.2149,-27.9451],[152.2699,-27.969],[152.2974,-27.9561],[152.3823,-27.9656],[152.3947,-27.9775],[152.4159,-27.9446],[152.4007,-27.8247],[152.3828,-27.8072],[152.4071,-27.8055],[152.3892,-27.7698],[152.4051,-27.7491],[152.4135,-27.7009],[152.3916,-27.6908],[152.4174,-27.6737],[152.4208,-27.6522],[152.4579,-27.6628],[152.4863,-27.6057],[152.5044,-27.5959],[152.497,-27.583],[152.5187,-27.552],[152.4927,-27.5516],[152.4993,-27.5117],[152.4741,-27.5079],[152.4803,-27.483],[152.4358,-27.4579],[152.4356,-27.4401],[152.3995,-27.4284],[152.4016,-27.415],[152.3154,-27.3988],[152.3103,-27.4293],[152.2943,-27.4274],[152.2913,-27.4002],[152.2629,-27.4161],[152.261,-27.3926],[152.1917,-27.3868]]]},"properties":{"lga_code_2024":"34580","lga_name_2024":"Lockyer Valley","state_name_2021":"Queensland"},"id":34580},{"type":"Feature","geometry":{"type":"Polygon","coordinates":[[[152.9417,-27.6265],[152.9247,-27.6577],[152.9234,-27.7077],[152.8907,-27.7036],[152.8733,-27.7534],[152.8293,-27.7468],[152.808,-27.7587],[152.8033,-27.7856],[152.8219,-27.785],[152.8274,-27.8096],[152.7993,-27.8391],[152.835,-27.8698],[152.8813,-27.8482],[152.8974,-27.8576],[152.9458,-27.8428],[152.9597,-27.9214],[152.9826,-27.9241],[152.9846,-27.9119],[153.0127,-27.9206],[153.0175,-27.9001],[153.0315,-27.9026],[153.0474,-27.9356],[153.0849,-27.9334],[153.1063,-27.9114],[153.0977,-27.8994],[153.1116,-27.8832],[153.1042,-27.868],[153.1377,-27.8523],[153.1577,-27.8593],[153.1508,-27.85],[153.1826,-27.8214],[153.169,-27.8006],[153.193,-27.78],[153.2012,-27.74],[153.2326,-27.7238],[153.2128,-27.7148],[153.2335,-27.711],[153.2343,-27.694],[153.2735,-27.698],[153.2903,-27.6882],[153.2807,-27.658],[153.1738,-27.6343],[153.1836,-27.6128],[153.1557,-27.5917],[153.1058,-27.5932],[153.0955,-27.6452],[153.0377,-27.6604],[152.9417,-27.6265]]]},"properties":{"lga_code_2024":"34590","lga_name_2024":"Logan","state_name_2021":"Queensland"},"id":34590},{"type":"Feature","geometry":{"type":"Polygon","coordinates":[[[145.3255,-15.9431],[145.3169,-15.9384],[145.3171,-15.961],[145.2962,-15.9691],[145.2872,-15.993],[145.3424,-15.9602],[145.3378,-15.9477],[145.3203,-15.9569],[145.3255,-15.9431]]]},"properties":{"lga_code_2024":"37570","lga_name_2024":"Wujal Wujal","state_name_2021":"Queensland"},"id":37570},{"type":"Feature","geometry":{"type":"MultiPolygon","coordinates":[[[[141.6918,-13.2403],[141.6897,-13.2885],[141.6307,-13.3666],[141.5992,-13.4483],[141.5506,-13.5069],[141.5233,-13.5721],[141.4695,-13.8493],[141.4682,-13.9231],[141.4952,-13.9741],[141.5824,-14.0728],[141.5995,-14.1202],[141.593,-14.1593],[141.6266,-14.2081],[141.6201,-14.2275],[141.63,-14.238],[141.6652,-14.2391],[141.7178,-14.2796],[141.75,-14.274],[141.7982,-14.3089],[141.8135,-14.3414],[141.8396,-14.3491],[141.857,-14.3744],[141.8492,-14.4014],[141.8783,-14.4268],[141.9538,-14.4368],[141.9703,-14.4615],[141.9994,-14.4639],[142.0082,-14.3515],[141.9808,-14.3502],[141.9775,-14.1927],[141.9921,-13.9988],[141.9252,-13.8205],[141.9376,-13.7333],[142.0445,-13.5693],[142.1142,-13.2882],[142.0814,-13.1387],[142.168,-12.7653],[142.1088,-12.7407],[142.0086,-12.8592],[141.9122,-12.7494],[141.8469,-12.9428],[141.7439,-12.9992],[141.8412,-13.3072],[141.8133,-13.3569],[141.7522,-13.3569],[141.7533,-13.2871],[141.6918,-13.2403]]],[[[142.1851,-12.6116],[142.1719,-12.5629],[142.1287,-12.567],[142.1851,-12.6116]]],[[[141.765,-12.8093],[141.839,-12.6877],[141.8211,-12.6718],[141.8038,-12.6795],[141.765,-12.8093]]]]},"properties":{"lga_code_2024":"30250","lga_name_2024":"Aurukun","state_name_2021":"Queensland"},"id":30250},{"type":"Feature","geometry":{"type":"Polygon","coordinates":[[[147.1242,-27.898],[147.105,-27.9948],[146.9903,-27.99],[146.9491,-28.263],[146.9321,-28.2607],[146.9263,-28.2822],[146.9157,-28.3541],[146.9679,-28.3602],[146.9634,-28.5062],[146.9379,-28.5595],[146.9252,-28.7241],[146.8924,-28.7215],[146.8633,-28.8543],[146.9527,-28.8615],[146.9357,-28.9913],[146.945,-28.9991],[148.9581,-28.9991],[149.0112,-28.9556],[149.0316,-28.9569],[149.0587,-28.9078],[148.9817,-28.8203],[148.9912,-28.7604],[148.9748,-28.7591],[148.9872,-28.6635],[148.9196,-28.6569],[148.9587,-28.2884],[149.0416,-28.1859],[149.4055,-28.2286],[149.4308,-28.07],[149.4454,-28.0715],[149.4956,-27.7539],[149.4242,-27.7507],[149.4271,-27.7025],[149.185,-27.6761],[149.19,-27.643],[149.0509,-27.6264],[149.0564,-27.589],[149.0416,-27.5824],[149.0317,-27.5814],[149.0028,-27.6332],[148.8352,-27.6147],[148.8397,-27.577],[148.7248,-27.5792],[148.7217,-27.6018],[148.744,-27.6338],[148.7394,-27.6932],[148.5844,-27.6755],[148.5911,-27.6251],[148.4845,-27.6054],[148.4591,-27.6224],[148.4147,-27.5972],[148.2844,-27.6833],[148.246,-27.6402],[148.223,-27.6562],[148.182,-27.6117],[148.0963,-27.6695],[148.0562,-27.6238],[148.0112,-27.6549],[148.0177,-27.5998],[147.9179,-27.5878],[147.9159,-27.6289],[147.7737,-27.6112],[147.7406,-27.6369],[147.6487,-27.6256],[147.6367,-27.71],[147.5827,-27.7062],[147.5609,-27.8447],[147.4481,-27.831],[147.4444,-27.8874],[147.2919,-27.868],[147.2862,-27.9026],[147.1242,-27.898]]]},"properties":{"lga_code_2024":"30300","lga_name_2024":"Balonne","state_name_2021":"Queensland"},"id":30300},{"type":"Feature","geometry":{"type":"Polygon","coordinates":[[[148.938,-25.4586],[149.0243,-25.5598],[148.9837,-25.5887],[148.9856,-25.6135],[148.9954,-25.6176],[148.9923,-25.6013],[149.0197,-25.604],[149.0258,-25.6111],[149.0127,-25.6124],[149.0381,-25.6293],[149.0325,-25.6406],[149.057,-25.6251],[149.0491,-25.6474],[149.0655,-25.6472],[149.0569,-25.6694],[149.0319,-25.6728],[148.9735,-25.7133],[148.9389,-25.6857],[148.9238,-25.7405],[148.9007,-25.7601],[148.9447,-25.771],[148.9612,-25.7898],[149.0314,-25.7697],[149.0283,-25.8045],[149.1083,-25.8732],[149.0973,-25.9479],[149.3028,-25.9661],[149.3278,-25.9252],[149.3986,-25.876],[149.4835,-25.8919],[149.4768,-25.9335],[149.5755,-25.9442],[149.5844,-25.8866],[149.6492,-25.8945],[149.7359,-25.8495],[149.7714,-25.906],[149.783,-25.8907],[149.7709,-25.8524],[149.8209,-25.8503],[149.8236,-25.8283],[149.8508,-25.8375],[149.8976,-25.8148],[149.932,-25.8394],[149.9901,-25.8471],[150.0217,-25.8652],[150.027,-25.8297],[150.0499,-25.8399],[150.0559,-25.8131],[150.0854,-25.812],[150.0963,-25.7943],[150.1415,-25.823],[150.1806,-25.8052],[150.1745,-25.7801],[150.2791,-25.7963],[150.2819,-25.7788],[150.2951,-25.7802],[150.3367,-25.7904],[150.3411,-25.8149],[150.3611,-25.8184],[150.3888,-25.8145],[150.3951,-25.796],[150.4179,-25.7891],[150.4341,-25.7336],[150.4185,-25.6752],[150.4365,-25.6614],[150.4426,-25.6218],[150.4367,-25.6064],[150.4023,-25.5984],[150.4124,-25.5674],[150.3923,-25.5316],[150.4019,-25.5034],[150.3852,-25.5025],[150.3696,-25.4761],[150.4048,-25.4314],[150.3912,-25.4192],[150.4024,-25.4144],[150.3961,-25.3907],[150.4179,-25.3725],[150.4065,-25.3621],[150.4195,-25.3496],[150.4167,-25.3311],[150.4426,-25.3206],[150.4435,-25.282],[150.4588,-25.278],[150.4524,-25.2635],[150.4755,-25.2304],[150.4717,-25.1905],[150.5023,-25.1927],[150.5082,-25.1736],[150.5575,-25.1616],[150.5566,-25.1338],[150.5788,-25.1124],[150.5565,-25.0941],[150.5533,-24.9863],[150.5396,-24.9607],[150.606,-24.7985],[150.5865,-24.7315],[150.6559,-24.6931],[150.6668,-24.7037],[150.7325,-24.6979],[150.7783,-24.7162],[150.873,-24.7218],[150.8833,-24.6783],[150.9111,-24.6504],[150.8976,-24.6305],[150.8676,-24.631],[150.8191,-24.604],[150.8264,-24.5544],[150.8447,-24.562],[150.8509,-24.5492],[150.8618,-24.5597],[150.8807,-24.552],[150.9689,-24.5784],[150.9697,-24.5523],[150.9812,-24.5491],[150.9638,-24.5085],[150.9831,-24.4718],[150.9657,-24.4676],[150.9384,-24.4025],[150.9134,-24.4229],[150.8784,-24.4201],[150.8489,-24.3815],[150.8621,-24.3538],[150.8323,-24.371],[150.786,-24.3719],[150.7702,-24.3538],[150.7907,-24.2909],[150.7779,-24.2702],[150.7994,-24.2546],[150.8142,-24.1799],[150.7821,-24.1451],[150.7228,-24.1375],[150.7206,-24.0752],[150.6976,-24.0425],[150.7022,-23.9875],[150.6771,-23.9393],[150.642,-23.9292],[150.6202,-23.9052],[150.5983,-23.8277],[150.5472,-23.8243],[150.5336,-23.8495],[150.4791,-23.8422],[150.4643,-23.8536],[150.4454,-23.8223],[150.4118,-23.8152],[150.3786,-23.837],[150.3409,-23.8073],[150.3198,-23.8232],[150.3157,-23.7951],[150.3056,-23.7941],[150.3174,-23.7656],[150.2896,-23.7584],[150.2981,-23.7534],[150.2798,-23.7238],[150.2538,-23.7046],[150.268,-23.6914],[150.2528,-23.6768],[150.2622,-23.6682],[150.2308,-23.6494],[150.0982,-23.658],[150.074,-23.6756],[150.067,-23.7123],[149.9973,-23.7139],[150.005,-23.7403],[149.986,-23.7542],[149.9891,-23.7646],[150.0136,-23.8142],[150.053,-23.8402],[150.0667,-23.882],[150.0512,-23.9019],[149.9276,-23.8888],[149.9195,-23.9333],[149.8938,-23.9589],[149.8811,-23.9681],[149.8432,-23.9545],[149.8499,-24.0018],[149.8234,-23.9978],[149.7906,-24.0659],[149.8338,-24.0924],[149.8418,-24.1523],[149.8288,-24.165],[149.6704,-24.1545],[149.6519,-24.1655],[149.6848,-24.223],[149.6796,-24.2408],[149.7401,-24.3243],[149.7874,-24.5451],[149.7401,-24.5398],[149.7257,-24.598],[149.7498,-24.6197],[149.7344,-24.6569],[149.6066,-24.7907],[149.6119,-24.8892],[149.5855,-24.8878],[149.5784,-24.781],[149.5337,-24.7766],[149.5259,-24.7996],[149.505,-24.8071],[149.4991,-24.8439],[149.4661,-24.8644],[149.4468,-24.9109],[149.4611,-24.9772],[149.4501,-25.0013],[149.4117,-25.0086],[149.3648,-24.9777],[149.3373,-24.9858],[149.3216,-25.0164],[149.2932,-25.0019],[149.2818,-25.0086],[149.2849,-25.0549],[149.2736,-25.0641],[149.2316,-25.049],[149.2177,-25.0174],[149.1822,-25.0055],[149.1958,-25.0337],[149.1707,-25.0718],[149.172,-25.0903],[149.1086,-25.1405],[149.0951,-25.1328],[149.1057,-25.1267],[149.0725,-25.1108],[149.0968,-25.0832],[149.101,-25.0585],[149.0873,-25.0294],[149.0919,-25.0031],[149.0711,-25.0019],[149.0565,-24.9782],[149.0375,-24.8779],[148.9926,-24.8731],[148.9715,-24.8481],[148.938,-24.8371],[148.8605,-24.8947],[148.8765,-24.9102],[148.8615,-24.9107],[148.8664,-24.9251],[148.8482,-24.9257],[148.8312,-24.9511],[148.814,-25.0531],[148.8429,-25.1209],[148.874,-25.1477],[148.8583,-25.163],[148.8802,-25.1998],[148.8793,-25.2276],[148.9336,-25.2329],[148.9252,-25.2641],[148.9787,-25.3109],[148.95,-25.3286],[148.9734,-25.3463],[148.98,-25.3753],[148.9564,-25.4016],[148.9543,-25.4148],[148.9639,-25.4131],[148.9531,-25.4568],[148.938,-25.4586]]]},"properties":{"lga_code_2024":"30370","lga_name_2024":"Banana","state_name_2021":"Queensland"},"id":30370},{"type":"Feature","geometry":{"type":"Polygon","coordinates":[[[144.8411,-24.0318],[144.8888,-24.0571],[144.9251,-24.0477],[144.9303,-24.0676],[144.9681,-24.0724],[145.0005,-24.1026],[145.0122,-24.138],[145.1656,-24.1521],[145.1816,-24.1277],[145.4288,-24.1522],[145.4309,-24.1332],[145.6276,-24.1534],[145.6371,-24.0787],[145.6017,-24.0756],[145.6114,-24.0151],[145.628,-23.9995],[145.699,-24.0074],[145.7074,-23.9349],[145.7571,-23.9403],[145.7718,-23.8119],[145.9551,-23.8273],[145.9448,-24.0072],[146.0067,-24.014],[146.0565,-23.9652],[146.1418,-23.9735],[146.1164,-24.1403],[146.1292,-24.1623],[146.1316,-24.1418],[146.2595,-24.1544],[146.2569,-24.2419],[146.3927,-24.2548],[146.388,-24.3133],[146.415,-24.3256],[146.4264,-24.3515],[146.4593,-24.3738],[146.4898,-24.3701],[146.5127,-24.3844],[146.5507,-24.4395],[146.588,-24.4416],[146.5725,-24.4128],[146.6598,-24.4033],[146.689,-24.3742],[146.7219,-24.3847],[146.7297,-24.4186],[146.7595,-24.4037],[146.7979,-24.4086],[146.8144,-24.3767],[146.8642,-24.3688],[146.8737,-24.3377],[146.8997,-24.3286],[146.9351,-24.2906],[146.9274,-24.2568],[146.9534,-24.2069],[146.9564,-24.1636],[146.9899,-24.1613],[147.1103,-24.0933],[147.1833,-24.0857],[147.1742,-24.06],[147.1866,-24.0361],[147.1839,-24.0048],[147.163,-23.9729],[147.1787,-23.943],[147.2033,-23.9398],[147.2411,-23.9032],[147.2277,-23.8321],[147.238,-23.8108],[147.2296,-23.7875],[147.1998,-23.7733],[147.1951,-23.7456],[147.1957,-23.6845],[147.2095,-23.6759],[147.2006,-23.6546],[147.2117,-23.6395],[147.1981,-23.6091],[147.2201,-23.5936],[147.2194,-23.551],[147.2838,-23.5248],[147.2792,-23.4817],[147.2494,-23.4514],[147.265,-23.3842],[147.2866,-23.3512],[147.1619,-23.3397],[147.1587,-23.3263],[147.0749,-23.3069],[147.0791,-23.2798],[146.9763,-23.2633],[146.9397,-23.2604],[146.9327,-23.3155],[146.8546,-23.3047],[146.8777,-23.2692],[146.8845,-23.2203],[146.8642,-23.1749],[146.8145,-23.1536],[146.7891,-23.1273],[146.7789,-23.0907],[146.7876,-23.0371],[146.7529,-22.9843],[146.6842,-22.9458],[146.6461,-22.8832],[146.5784,-22.8896],[146.5601,-22.8784],[146.5248,-22.804],[146.5484,-22.7689],[146.4014,-22.7555],[146.4242,-22.5474],[146.4393,-22.5489],[146.4518,-22.4993],[146.4286,-22.4879],[146.383,-22.5209],[146.3296,-22.4948],[146.2693,-22.5086],[146.2755,-22.4627],[146.1089,-22.4457],[146.1221,-22.3474],[146.0521,-22.3385],[146.0707,-22.2266],[146.0661,-22.1162],[145.7696,-22.0666],[145.7701,-22.0485],[145.6612,-22.0412],[145.6683,-21.932],[145.6272,-21.9267],[145.6302,-21.8929],[145.6406,-21.894],[145.6506,-21.7071],[145.6747,-21.7081],[145.6785,-21.6682],[145.5328,-21.6583],[145.5294,-21.7019],[145.4347,-21.6921],[145.4182,-21.8462],[145.262,-21.8287],[145.2548,-21.7938],[145.1661,-21.7849],[145.153,-21.8989],[145.0752,-21.8914],[145.0822,-21.9426],[144.9563,-21.9303],[144.943,-22.0591],[144.8009,-22.0454],[144.7964,-22.0984],[144.7523,-22.0948],[144.7398,-22.2117],[144.4913,-22.185],[144.3574,-22.3485],[144.3195,-22.3458],[144.3036,-22.3066],[144.1596,-22.2971],[144.1663,-22.2236],[143.844,-22.203],[143.8332,-22.3148],[143.6982,-22.4169],[143.5854,-22.483],[143.5832,-22.505],[143.6141,-22.5387],[143.631,-22.5316],[143.7761,-22.564],[143.8876,-22.4966],[143.905,-22.5473],[143.9407,-22.5925],[143.9586,-22.5789],[144.1762,-22.5947],[144.1721,-22.6248],[144.2403,-22.6318],[144.2432,-22.6003],[144.4738,-22.6245],[144.4756,-22.6057],[144.5034,-22.6073],[144.5002,-22.6592],[144.556,-22.6641],[144.5484,-22.6861],[144.5926,-22.6948],[144.5712,-22.7824],[144.5207,-22.8248],[144.5117,-22.8682],[144.4777,-22.9108],[144.475,-22.9624],[144.8644,-23.0069],[144.8524,-23.1089],[144.9046,-23.1147],[144.8928,-23.2148],[144.9255,-23.2186],[144.9094,-23.3488],[144.8842,-23.3463],[144.8708,-23.3635],[144.8616,-23.4465],[144.8809,-23.4486],[144.8694,-23.5242],[144.7952,-23.5192],[144.7755,-23.6913],[144.8256,-23.697],[144.7877,-23.9366],[144.8041,-23.9378],[144.7952,-23.9986],[144.8834,-24.0069],[144.8411,-24.0318]]]},"properties":{"lga_code_2024":"30410","lga_name_2024":"Barcaldine","state_name_2021":"Queensland"},"id":30410},{"type":"Feature","geometry":{"type":"Polygon","coordinates":[[[140.9096,-25.9964],[140.9994,-25.9964],[140.9994,-26.7618],[141.1229,-26.7751],[141.1337,-26.6964],[141.2145,-26.7038],[141.2189,-26.6632],[141.5434,-26.6766],[141.5839,-26.7219],[141.8258,-26.7476],[141.8385,-26.7325],[141.8376,-26.6948],[141.8165,-26.6886],[141.805,-26.6602],[141.8122,-26.6286],[141.7437,-26.5362],[141.7364,-26.4972],[141.724,-26.4889],[141.7065,-26.3787],[141.7188,-26.3506],[141.7981,-26.3502],[142.0591,-26.3748],[142.0745,-26.3853],[142.0811,-26.3423],[142.1107,-26.2978],[142.1344,-26.2272],[142.1614,-26.196],[142.1435,-26.0919],[142.1732,-25.8555],[142.194,-25.8576],[142.2011,-25.8123],[142.2392,-25.7893],[142.2887,-25.7852],[142.4416,-25.725],[142.5155,-25.6438],[142.571,-25.6074],[142.7396,-25.6205],[142.733,-25.6414],[142.7193,-25.6439],[142.7287,-25.6525],[142.9026,-25.6692],[142.8852,-25.8138],[142.9718,-25.8225],[142.9838,-25.7177],[143.1986,-25.7374],[143.2105,-25.6248],[143.4482,-25.6519],[143.4542,-25.5976],[143.4176,-25.5945],[143.4373,-25.3739],[143.4743,-25.371],[143.593,-25.2821],[143.6208,-25.3126],[143.6449,-25.3067],[143.7522,-25.3788],[143.8035,-25.4858],[143.9221,-25.494],[144.0008,-25.583],[144.0346,-25.5813],[144.1065,-25.5144],[144.1216,-25.443],[144.1505,-25.4333],[144.1621,-25.4121],[144.1688,-25.3943],[144.1577,-25.3581],[144.2318,-25.2308],[144.196,-25.1654],[144.2533,-25.1169],[144.1821,-25.0367],[144.15,-25.0605],[143.9659,-24.8454],[143.9446,-24.8294],[143.9284,-24.8414],[143.8946,-24.8029],[143.8795,-24.8388],[143.8209,-24.8649],[143.7456,-24.9263],[143.7176,-24.9853],[143.6951,-25.0093],[143.6642,-25.0165],[143.6103,-24.9532],[143.5751,-24.9747],[143.579,-24.9907],[143.5592,-25.0118],[143.4284,-24.8721],[143.4337,-24.8496],[143.5135,-24.7902],[143.5146,-24.7777],[143.5703,-24.738],[143.6061,-24.7324],[143.5354,-24.6423],[143.7203,-24.5082],[143.757,-24.5469],[143.7696,-24.446],[143.758,-24.4364],[143.6936,-24.4405],[143.7026,-24.3513],[143.7311,-24.2964],[143.7442,-24.1865],[143.6302,-24.1756],[143.6367,-24.1182],[143.463,-24.1013],[143.4595,-24.1305],[143.3746,-24.1204],[143.3616,-24.1726],[143.3429,-24.1967],[143.347,-24.2258],[143.298,-24.278],[143.1002,-24.2682],[143.1038,-24.1382],[143.0401,-24.1344],[143.069,-23.8785],[142.9341,-23.8672],[142.95,-23.7079],[142.4548,-23.6662],[142.457,-23.6172],[142.3954,-23.6138],[142.3973,-23.586],[142.1596,-23.5707],[142.1005,-24.0952],[142.0238,-24.1677],[141.9193,-24.0574],[141.8058,-24.1548],[141.9647,-24.3109],[141.8635,-24.4031],[141.9705,-24.52],[141.9626,-24.5302],[141.8787,-24.56],[141.8134,-24.6185],[141.7311,-24.6367],[141.5231,-24.5836],[141.4301,-24.4835],[141.3755,-24.4829],[141.3611,-24.6291],[141.2389,-24.7251],[141.2425,-24.686],[140.8387,-24.6689],[140.8371,-24.6919],[140.8834,-24.695],[140.8743,-24.842],[140.813,-24.8384],[140.8024,-24.9862],[140.879,-24.9926],[140.8592,-25.2216],[140.699,-25.2051],[140.6763,-25.4645],[140.7738,-25.4731],[140.8245,-25.5253],[140.8414,-25.4875],[140.8803,-25.466],[140.9142,-25.5273],[140.8967,-25.681],[140.9226,-25.6826],[140.9209,-25.7146],[140.9377,-25.716],[140.9096,-25.9964]]]},"properties":{"lga_code_2024":"30450","lga_name_2024":"Barcoo","state_name_2021":"Queensland"},"id":30450},{"type":"Feature","geometry":{"type":"Polygon","coordinates":[[[144.6853,-24.649],[144.6817,-24.679],[144.7166,-24.6825],[144.6984,-24.8308],[144.804,-24.8405],[144.796,-24.9131],[144.8606,-24.9191],[144.8468,-24.9902],[144.8986,-25.0383],[144.9598,-25.0318],[144.9957,-25.0077],[144.9694,-25.1858],[144.9399,-25.1965],[144.9401,-25.2098],[144.8695,-25.258],[145.0614,-25.2758],[145.0474,-25.2938],[145.06,-25.304],[145.0525,-25.3332],[145.2841,-25.3581],[145.2717,-25.4523],[145.2533,-25.4505],[145.2498,-25.4786],[145.2878,-25.4828],[145.3262,-25.4463],[145.3959,-25.4717],[145.4068,-25.4952],[145.5498,-25.5096],[145.5383,-25.6035],[145.5279,-25.6239],[145.5028,-25.6174],[145.5,-25.747],[145.5841,-25.7547],[145.6739,-25.6086],[145.7492,-25.6158],[145.746,-25.6918],[145.9453,-25.7207],[145.9638,-25.7108],[145.968,-25.6355],[145.9348,-25.565],[145.9386,-25.4876],[145.9765,-25.4876],[145.9711,-25.569],[146.1723,-25.5883],[146.2077,-25.4148],[146.2106,-25.3913],[146.2006,-25.3902],[146.2159,-25.2744],[146.3696,-25.2912],[146.3657,-25.319],[146.5098,-25.3351],[146.4957,-25.3039],[146.5656,-25.3085],[146.5754,-25.1743],[146.7582,-25.1882],[146.7372,-25.3578],[146.8438,-25.2791],[146.8795,-25.2209],[146.8986,-25.2078],[146.9385,-25.2097],[146.9458,-25.148],[147.0012,-25.1532],[147.0074,-25.0752],[147.0934,-25.0691],[147.0639,-24.9906],[147.097,-25.0021],[147.1354,-24.9585],[147.159,-24.9653],[147.1555,-24.9816],[147.1674,-24.9892],[147.2379,-24.9863],[147.2829,-24.9499],[147.2763,-24.9253],[147.2964,-24.8958],[147.1366,-24.8829],[147.1388,-24.849],[147.0894,-24.8465],[147.0915,-24.8141],[146.9034,-24.8052],[146.8823,-24.7625],[146.942,-24.7044],[146.9332,-24.6749],[146.8941,-24.6403],[146.887,-24.5967],[146.8607,-24.5873],[146.8085,-24.639],[146.8001,-24.6206],[146.7874,-24.6263],[146.7681,-24.6643],[146.7405,-24.6503],[146.7375,-24.6278],[146.6848,-24.6085],[146.6668,-24.5908],[146.6796,-24.5728],[146.6261,-24.4938],[146.6213,-24.458],[146.5507,-24.4395],[146.5127,-24.3844],[146.4898,-24.3701],[146.4621,-24.3752],[146.4264,-24.3515],[146.415,-24.3256],[146.3872,-24.312],[146.3927,-24.2548],[146.2569,-24.2419],[146.2595,-24.1544],[146.1316,-24.1418],[146.1292,-24.1623],[146.1164,-24.1403],[146.1418,-23.9735],[146.0565,-23.9652],[146.0067,-24.014],[145.9448,-24.0072],[145.9551,-23.8273],[145.8944,-23.8215],[145.7718,-23.8119],[145.7571,-23.9403],[145.7074,-23.9349],[145.699,-24.0074],[145.628,-23.9995],[145.6114,-24.0151],[145.6017,-24.0756],[145.6371,-24.0787],[145.6276,-24.1534],[145.4309,-24.1332],[145.4288,-24.1522],[145.1816,-24.1277],[145.1656,-24.1521],[145.0122,-24.138],[145.0005,-24.1026],[144.9681,-24.0724],[144.9303,-24.0676],[144.9251,-24.0477],[144.8888,-24.0571],[144.8411,-24.0318],[144.8035,-24.0672],[144.7892,-24.2201],[144.7006,-24.2099],[144.6556,-24.6328],[144.6873,-24.6359],[144.6853,-24.649]]]},"properties":{"lga_code_2024":"30760","lga_name_2024":"Blackall Tambo","state_name_2021":"Queensland"},"id":30760},{"type":"Feature","geometry":{"type":"Polygon","coordinates":[[[137.9986,-23.5209],[138.4644,-23.5551],[138.5921,-23.4625],[138.6688,-23.5401],[138.8256,-23.5456],[138.9211,-23.4765],[138.8995,-23.4483],[139.0764,-23.3068],[139.1227,-23.3521],[139.1749,-23.31],[139.339,-23.4739],[139.2954,-23.51],[139.4758,-23.5208],[139.4637,-23.6713],[139.8926,-23.6936],[139.8625,-23.6297],[139.9362,-23.5771],[139.9379,-23.4872],[140.3556,-23.5258],[140.3419,-23.4183],[140.4132,-23.3462],[140.6626,-23.1567],[140.7596,-23.2232],[140.947,-23.0678],[140.9246,-23.0444],[141.0464,-22.9477],[141.0227,-22.9233],[140.9892,-22.9132],[140.9851,-22.8963],[140.9991,-22.8984],[141.1223,-22.8045],[141.1173,-22.7027],[141.1028,-22.6901],[141.0908,-22.6182],[141.1339,-22.6213],[141.1456,-22.6334],[141.1989,-22.5976],[141.0797,-22.4656],[141.2535,-22.3214],[141.1829,-22.2496],[140.9252,-22.2349],[140.9288,-22.1817],[140.8476,-22.1611],[140.7434,-22.3139],[140.7072,-22.335],[140.6383,-22.2551],[140.6523,-22.244],[140.5315,-22.1355],[140.4143,-22.2338],[140.3702,-22.2903],[140.367,-22.3741],[140.2585,-22.3669],[140.2579,-22.3391],[140.0412,-22.3269],[140.0624,-22.2546],[139.8851,-22.2429],[139.8416,-22.1712],[139.7579,-22.1628],[139.7503,-22.2287],[139.6279,-22.2206],[139.623,-22.2907],[139.4903,-22.2817],[139.4927,-22.2421],[139.3893,-22.2339],[139.4945,-22.1447],[139.3176,-21.9864],[139.3526,-21.9583],[139.2679,-21.8721],[139.323,-21.7261],[139.2326,-21.6327],[139.2369,-21.5228],[139.248,-21.5093],[139.2367,-21.5024],[139.3741,-21.3943],[139.3771,-21.2724],[139.5356,-21.2759],[139.5533,-20.901],[139.3955,-20.8929],[139.3966,-20.9677],[139.1289,-20.9602],[139.041,-20.8645],[138.7438,-21.1235],[138.6849,-21.147],[138.53,-21.315],[138.4901,-21.3131],[138.3642,-21.1767],[138.4196,-21.1293],[138.3156,-21.0211],[138.3424,-20.9984],[138.1781,-20.9983],[138.1598,-21.2036],[137.9971,-21.1943],[137.9986,-23.5209]]]},"properties":{"lga_code_2024":"30900","lga_name_2024":"Boulia","state_name_2021":"Queensland"},"id":30900},{"type":"Feature","geometry":{"type":"MultiPolygon","coordinates":[[[[152.7485,-27.3188],[152.6908,-27.3436],[152.6797,-27.3723],[152.7078,-27.3518],[152.7368,-27.3733],[152.7474,-27.4409],[152.7423,-27.4881],[152.7303,-27.4965],[152.763,-27.5217],[152.748,-27.5272],[152.7407,-27.5641],[152.7851,-27.5503],[152.8195,-27.5562],[152.8415,-27.5444],[152.8315,-27.5331],[152.8445,-27.5316],[152.8589,-27.5978],[152.8739,-27.5791],[152.906,-27.6013],[152.8938,-27.5778],[152.9036,-27.545],[152.9386,-27.5254],[152.9735,-27.5426],[152.9706,-27.5046],[153.0081,-27.5211],[153.0005,-27.5069],[153.0206,-27.5007],[152.9946,-27.4898],[153.0041,-27.4745],[153.0167,-27.4676],[153.0303,-27.4795],[153.0345,-27.4626],[153.0528,-27.4717],[153.0498,-27.4402],[153.108,-27.4416],[153.1411,-27.4171],[153.1605,-27.3774],[153.1556,-27.3629],[153.0829,-27.3337],[153.0662,-27.2813],[153.0427,-27.279],[153.0342,-27.2982],[153.0158,-27.2875],[153.014,-27.3022],[152.997,-27.3026],[153.0025,-27.3196],[152.9789,-27.3467],[152.9885,-27.3576],[152.9763,-27.4015],[152.9488,-27.4087],[152.9169,-27.3942],[152.8972,-27.4173],[152.8493,-27.4219],[152.8125,-27.4014],[152.7746,-27.401],[152.76,-27.3639],[152.7721,-27.3437],[152.7488,-27.3323],[152.7485,-27.3188]]],[[[153.2321,-27.4209],[153.2264,-27.4203],[153.2346,-27.4305],[153.2321,-27.4209]]],[[[153.2355,-27.3376],[153.2529,-27.3506],[153.271,-27.3381],[153.2476,-27.3207],[153.2355,-27.3376]]],[[[153.3972,-27.3437],[153.4076,-27.3462],[153.4047,-27.3268],[153.3972,-27.3437]]],[[[153.2224,-27.3901],[153.2385,-27.4024],[153.239,-27.3735],[153.2224,-27.3901]]],[[[153.1885,-27.401],[153.1837,-27.3934],[153.178,-27.3967],[153.1885,-27.401]]],[[[153.3683,-27.1546],[153.3655,-27.2012],[153.4283,-27.3636],[153.4373,-27.334],[153.4176,-27.2744],[153.4197,-27.2036],[153.4682,-27.0278],[153.4122,-27.0331],[153.4315,-27.0337],[153.3887,-27.0503],[153.4024,-27.0353],[153.3618,-27.0603],[153.3683,-27.1546]]],[[[152.901,-27.6031],[152.9893,-27.6515],[153.0377,-27.6604],[153.0955,-27.6452],[153.1058,-27.5932],[153.1557,-27.5917],[153.1782,-27.6059],[153.1718,-27.5911],[153.1917,-27.5588],[153.1719,-27.5364],[153.2015,-27.5128],[153.1843,-27.5023],[153.1949,-27.4563],[153.1754,-27.4404],[153.1654,-27.3983],[153.1835,-27.3934],[153.2022,-27.3529],[153.1888,-27.3455],[153.1565,-27.3924],[153.164,-27.4017],[153.1142,-27.4407],[153.0874,-27.4502],[153.0535,-27.4423],[153.0532,-27.4749],[153.0354,-27.4647],[153.0316,-27.4818],[153.0167,-27.4695],[153.0046,-27.4767],[152.9965,-27.4889],[153.0229,-27.4999],[153.0017,-27.509],[153.0096,-27.523],[152.9725,-27.506],[152.9741,-27.5446],[152.9406,-27.5281],[152.9043,-27.5449],[152.8952,-27.561],[152.901,-27.6031]]]]},"properties":{"lga_code_2024":"31000","lga_name_2024":"Brisbane","state_name_2021":"Queensland"},"id":31000},{"type":"Feature","geometry":{"type":"Polygon","coordinates":[[[140.9993,-28.9991],[144.4804,-28.9991],[144.4631,-28.9479],[144.5812,-28.9098],[144.5868,-28.8624],[144.6228,-28.8207],[144.6912,-28.7908],[144.6118,-28.7398],[144.6411,-28.7231],[144.6686,-28.5807],[144.5958,-28.5675],[144.6442,-28.3554],[144.5631,-28.3466],[144.5735,-28.2695],[144.8188,-28.2903],[144.8299,-28.2169],[144.775,-28.2112],[144.7798,-28.1737],[144.6351,-28.1598],[144.6493,-28.0559],[144.5917,-28.0499],[144.6012,-27.9741],[144.4205,-27.9557],[144.4225,-27.9397],[144.2923,-27.9261],[144.3173,-27.8672],[144.3166,-27.8461],[144.2958,-27.8439],[144.3218,-27.6518],[143.9683,-27.6269],[143.8357,-27.4559],[143.7193,-27.3687],[143.7203,-27.3984],[143.5804,-27.3798],[143.5866,-27.3233],[143.5149,-27.3164],[143.5174,-27.2953],[143.3941,-27.283],[143.3874,-27.2956],[143.3205,-27.2893],[143.3219,-27.2757],[142.866,-27.2338],[142.888,-27.1169],[142.8554,-27.1137],[142.422,-26.7902],[142.2597,-26.7915],[141.706,-26.7367],[141.5839,-26.7219],[141.5434,-26.6766],[141.2189,-26.6632],[141.2145,-26.7038],[141.1337,-26.6964],[141.1229,-26.7751],[140.9994,-26.7618],[140.9993,-28.9991]]]},"properties":{"lga_code_2024":"31750","lga_name_2024":"Bulloo","state_name_2021":"Queensland"},"id":31750},{"type":"Feature","geometry":{"type":"MultiPolygon","coordinates":[[[[152.046,-24.5268],[151.9987,-24.5156],[151.9593,-24.587],[151.9887,-24.5914],[151.9857,-24.6113],[151.9584,-24.6163],[151.9593,-24.6409],[151.9961,-24.6443],[151.9864,-24.6555],[151.9908,-24.6809],[151.9606,-24.6765],[151.9622,-24.7029],[151.9286,-24.7088],[151.9232,-24.7387],[151.8926,-24.7426],[151.8842,-24.7687],[151.8428,-24.7921],[151.8416,-24.7792],[151.7889,-24.7407],[151.7508,-24.7358],[151.7453,-24.7718],[151.6771,-24.6954],[151.639,-24.7304],[151.5953,-24.6998],[151.5653,-24.7105],[151.5312,-24.6963],[151.5146,-24.6698],[151.5416,-24.6456],[151.5423,-24.6174],[151.5048,-24.5936],[151.5082,-24.5817],[151.4775,-24.536],[151.457,-24.5706],[151.4334,-24.5635],[151.4419,-24.5777],[151.4107,-24.5966],[151.4068,-24.6154],[151.367,-24.6122],[151.3418,-24.6493],[151.3601,-24.6787],[151.343,-24.721],[151.357,-24.7307],[151.3664,-24.7107],[151.4247,-24.6982],[151.4532,-24.7755],[151.4187,-24.7783],[151.4337,-24.8355],[151.4683,-24.8514],[151.5457,-24.8326],[151.5653,-24.8626],[151.5761,-24.8835],[151.5723,-24.9316],[151.5305,-24.9454],[151.5239,-24.9608],[151.5322,-24.9885],[151.556,-25.0097],[151.5646,-25.0497],[151.5439,-25.0957],[151.6495,-25.116],[151.6532,-25.0917],[151.6918,-25.0833],[151.7102,-25.0915],[151.7429,-25.0739],[151.7835,-25.1153],[151.7867,-25.1581],[151.8235,-25.1868],[151.8485,-25.1836],[151.8601,-25.1424],[151.9167,-25.1491],[151.9314,-25.1752],[151.9103,-25.1844],[151.9157,-25.1987],[151.8971,-25.2101],[151.9036,-25.2288],[151.8813,-25.2437],[151.8725,-25.2732],[151.8914,-25.2881],[151.8612,-25.302],[151.8609,-25.3372],[151.8805,-25.3415],[151.8806,-25.3603],[151.9159,-25.3543],[151.9653,-25.2808],[152.0036,-25.2929],[152.0126,-25.2741],[152.0256,-25.2732],[152.0769,-25.3212],[152.0897,-25.3125],[152.106,-25.3279],[152.1674,-25.3359],[152.1817,-25.3796],[152.1994,-25.3946],[152.2186,-25.3874],[152.2541,-25.4022],[152.2736,-25.4313],[152.2991,-25.4081],[152.32,-25.4075],[152.3346,-25.3825],[152.4061,-25.3345],[152.4156,-25.2903],[152.4663,-25.216],[152.5088,-25.2089],[152.5182,-25.2212],[152.5471,-25.2068],[152.5403,-25.19],[152.5554,-25.1717],[152.6177,-25.1733],[152.633,-25.1518],[152.5771,-25.119],[152.5462,-25.0738],[152.5337,-25.0896],[152.5233,-25.0695],[152.5075,-25.0775],[152.5507,-25.0737],[152.4861,-24.9706],[152.4897,-24.8826],[152.4558,-24.8025],[152.4079,-24.757],[152.3813,-24.767],[152.3814,-24.7966],[152.3776,-24.7683],[152.3967,-24.7506],[152.3789,-24.732],[152.3337,-24.7436],[152.3478,-24.7381],[152.2743,-24.7119],[152.1483,-24.6266],[152.06,-24.5182],[152.046,-24.5268]]],[[[152.4944,-24.9279],[152.491,-24.9263],[152.4956,-24.9316],[152.4944,-24.9279]]]]},"properties":{"lga_code_2024":"31820","lga_name_2024":"Bundaberg","state_name_2021":"Queensland"},"id":31820},{"type":"Feature","geometry":{"type":"MultiPolygon","coordinates":[[[[146.9302,-19.7831],[146.9286,-19.8667],[146.9163,-19.8975],[146.8815,-19.8983],[146.932,-19.9724],[146.9135,-20.0091],[146.8859,-20.0218],[146.9027,-20.0671],[146.9339,-20.0712],[146.9345,-20.0829],[146.9639,-20.093],[146.974,-20.1228],[147.0149,-20.1422],[146.9954,-20.1875],[147.0025,-20.195],[147.0471,-20.1705],[147.104,-20.2033],[147.1108,-20.2646],[147.1437,-20.2775],[147.1751,-20.3094],[147.1993,-20.3749],[147.3477,-20.3968],[147.3172,-20.3656],[147.2996,-20.3183],[147.3092,-20.2217],[147.2744,-20.1243],[147.2947,-20.069],[147.2734,-20.0284],[147.3022,-20.0146],[147.2995,-20.0283],[147.3202,-20.0522],[147.3889,-20.0693],[147.386,-20.0872],[147.4671,-20.0959],[147.4914,-19.8714],[147.5098,-19.8734],[147.5083,-19.8508],[147.5371,-19.8335],[147.5404,-19.8132],[147.602,-19.7993],[147.6634,-19.8109],[147.6014,-19.7575],[147.5868,-19.7251],[147.6154,-19.6731],[147.5741,-19.6293],[147.5593,-19.5505],[147.5077,-19.4763],[147.5002,-19.4696],[147.5102,-19.4848],[147.5011,-19.4851],[147.487,-19.4655],[147.4629,-19.3864],[147.4174,-19.3148],[147.3846,-19.3025],[147.4213,-19.3217],[147.4171,-19.3332],[147.4466,-19.3664],[147.4541,-19.4003],[147.4315,-19.424],[147.3042,-19.4076],[147.2469,-19.4325],[147.2346,-19.4186],[147.1357,-19.4067],[147.1303,-19.4219],[147.1194,-19.4112],[147.1061,-19.4469],[147.0796,-19.4353],[147.0699,-19.4445],[147.0342,-19.4066],[147.0432,-19.4295],[147.0365,-19.472],[147.0126,-19.475],[147.0107,-19.4919],[147.034,-19.5341],[147.0221,-19.5794],[147.0032,-19.5966],[147.0183,-19.6245],[147.0303,-19.625],[147.0202,-19.7157],[146.9926,-19.7592],[146.9302,-19.7831]]],[[[147.3688,-19.3509],[147.3711,-19.3491],[147.3735,-19.3395],[147.3688,-19.3509]]]]},"properties":{"lga_code_2024":"31900","lga_name_2024":"Burdekin","state_name_2021":"Queensland"},"id":31900},{"type":"Feature","geometry":{"type":"Polygon","coordinates":[[[137.9956,-18.1783],[138.2376,-18.1947],[138.1925,-18.7774],[138.3159,-18.7847],[138.3127,-18.818],[138.4747,-18.8251],[138.5288,-18.882],[138.6043,-18.8165],[138.6287,-18.8403],[138.6856,-18.841],[138.7342,-18.7513],[138.7029,-18.734],[138.7684,-18.6729],[138.9162,-18.8303],[138.9869,-18.7696],[139.0769,-18.8671],[138.9846,-18.9045],[139.0487,-18.9645],[139.1571,-18.8752],[139.2238,-18.915],[139.1579,-19.0408],[139.1771,-19.0747],[139.2086,-19.0845],[139.2048,-19.1394],[139.5508,-19.1667],[139.5414,-19.2937],[139.516,-19.2919],[139.5143,-19.4381],[139.7851,-19.4601],[139.7774,-19.5784],[139.8854,-19.5847],[139.8872,-19.5541],[140.0663,-19.5672],[140.0738,-19.5251],[140.0462,-19.4843],[140.0448,-19.4396],[140.0302,-19.4097],[140.0418,-19.3679],[140.0044,-19.3277],[140.0035,-19.2879],[140.016,-19.2724],[139.9656,-19.2136],[139.9588,-19.1635],[139.9298,-19.1385],[139.9242,-19.1042],[139.9414,-19.0894],[139.9373,-19.0418],[139.9301,-19.0314],[139.9128,-19.0362],[139.8814,-18.9985],[139.8893,-18.9682],[139.866,-18.9732],[139.8489,-18.9435],[139.8252,-18.9335],[139.8035,-18.8884],[139.8199,-18.8837],[139.8223,-18.8684],[139.797,-18.8454],[139.8037,-18.83],[139.7844,-18.8288],[139.793,-18.8113],[139.7635,-18.7604],[139.7793,-18.7462],[139.7842,-18.7164],[139.7622,-18.6921],[139.8384,-18.5881],[139.8475,-18.5225],[139.8674,-18.495],[139.8589,-18.4647],[139.8746,-18.4567],[139.8777,-18.4214],[139.8802,-18.3557],[139.8678,-18.3249],[139.885,-18.2472],[139.8766,-18.2213],[139.8941,-18.1958],[139.8805,-18.1746],[139.8863,-18.1559],[139.8464,-18.1167],[139.8461,-18.0896],[139.8149,-18.0575],[139.8154,-17.9794],[139.7743,-17.952],[139.7828,-17.9388],[139.8118,-17.9465],[139.8173,-17.9337],[139.7858,-17.9096],[139.7618,-17.9221],[139.751,-17.9121],[139.7733,-17.8684],[139.7449,-17.8456],[139.7632,-17.8242],[139.7518,-17.8038],[139.7836,-17.7695],[139.777,-17.7366],[139.7995,-17.7221],[139.7773,-17.7129],[139.7793,-17.6944],[139.817,-17.6977],[139.775,-17.6488],[139.8186,-17.6371],[139.8151,-17.6166],[139.7901,-17.5994],[139.7938,-17.5794],[139.7527,-17.5759],[139.754,-17.5656],[139.7216,-17.5484],[139.6467,-17.5381],[139.591,-17.4824],[139.5503,-17.4689],[139.5353,-17.4414],[139.4769,-17.4009],[139.4525,-17.3955],[139.4364,-17.4225],[139.4505,-17.3938],[139.4174,-17.3746],[139.3058,-17.3648],[139.2377,-17.3198],[139.1598,-17.1805],[139.1407,-17.0834],[139.1516,-17.0241],[139.086,-17.0115],[139.08,-17.0906],[138.8705,-16.9389],[138.8751,-16.8754],[138.6812,-16.8002],[138.629,-16.7679],[138.54,-16.782],[138.4716,-16.7754],[138.4795,-16.7836],[138.4279,-16.7773],[138.3621,-16.7403],[138.3291,-16.7364],[138.3236,-16.7505],[138.2729,-16.7194],[138.1951,-16.6963],[138.1184,-16.6492],[137.9946,-16.5383],[137.9956,-18.1783]],[[138.8778,-18.0187],[138.851,-18.0032],[138.8575,-17.9732],[138.8297,-17.9454],[138.7156,-17.9286],[138.6754,-17.9029],[138.6001,-17.8992],[138.5769,-17.8826],[138.5859,-17.8752],[138.6005,-17.4693],[138.7379,-17.4709],[138.8355,-17.521],[138.9025,-17.5259],[138.8778,-18.0187]]]},"properties":{"lga_code_2024":"31950","lga_name_2024":"Burke","state_name_2021":"Queensland"},"id":31950},{"type":"Feature","geometry":{"type":"MultiPolygon","coordinates":[[[[145.8351,-17.4974],[145.8662,-17.5048],[145.9037,-17.4764],[145.9297,-17.5034],[145.9505,-17.4914],[145.9555,-17.4455],[146.0316,-17.452],[146.0422,-17.4414],[146.0339,-17.4307],[146.0459,-17.433],[146.0445,-17.419],[146.0732,-17.3947],[146.0468,-17.3802],[146.0111,-17.3285],[145.9957,-17.2733],[145.9721,-17.242],[145.9646,-17.1705],[145.9246,-17.1654],[145.863,-17.0567],[145.853,-16.9782],[145.8655,-16.951],[145.8372,-16.8992],[145.8519,-16.8942],[145.8527,-16.8744],[145.7931,-16.9106],[145.7792,-16.9405],[145.7834,-16.917],[145.7624,-16.8979],[145.777,-16.8804],[145.7655,-16.8693],[145.7749,-16.87],[145.7448,-16.8454],[145.7219,-16.8006],[145.6819,-16.7745],[145.6717,-16.7381],[145.6291,-16.7053],[145.6171,-16.7159],[145.6476,-16.7423],[145.6694,-16.8453],[145.6439,-16.853],[145.6662,-16.8666],[145.6511,-16.8806],[145.6736,-16.8941],[145.65,-16.9444],[145.6548,-16.9747],[145.6303,-17.0046],[145.6397,-17.0219],[145.615,-17.049],[145.6156,-17.0676],[145.6323,-17.0725],[145.6239,-17.0968],[145.6554,-17.1265],[145.6703,-17.1714],[145.7047,-17.1746],[145.7041,-17.2122],[145.7206,-17.2318],[145.7563,-17.2485],[145.7738,-17.2388],[145.8005,-17.2965],[145.7813,-17.3544],[145.8214,-17.3944],[145.8399,-17.4542],[145.8351,-17.4974]]],[[[145.6945,-16.7315],[145.6955,-16.7314],[145.6949,-16.731],[145.6945,-16.7315]]],[[[145.6795,-16.7285],[145.6884,-16.7255],[145.686,-16.7224],[145.6795,-16.7285]]],[[[146.0166,-17.156],[146.0049,-17.1544],[146.0118,-17.165],[146.0166,-17.156]]],[[[146.0062,-16.9219],[146.0065,-16.9235],[146.0076,-16.9216],[146.0062,-16.9219]]],[[[145.9731,-16.7604],[145.9774,-16.7598],[145.9715,-16.759],[145.9731,-16.7604]]],[[[146.0046,-16.9253],[145.9908,-16.9253],[145.9855,-16.9422],[146.0046,-16.9253]]],[[[146.093,-17.2287],[146.0962,-17.2269],[146.0917,-17.2235],[146.093,-17.2287]]],[[[146.0939,-17.2233],[146.095,-17.2225],[146.0939,-17.2213],[146.0939,-17.2233]]],[[[146.0769,-17.2072],[146.0777,-17.204],[146.0749,-17.205],[146.0769,-17.2072]]],[[[146.0796,-17.2105],[146.0794,-17.209],[146.0777,-17.2084],[146.0796,-17.2105]]]]},"properties":{"lga_code_2024":"32080","lga_name_2024":"Cairns","state_name_2021":"Queensland"},"id":32080},{"type":"Feature","geometry":{"type":"Polygon","coordinates":[[[139.7938,-17.5794],[139.7901,-17.5994],[139.8151,-17.6166],[139.8186,-17.6371],[139.775,-17.6488],[139.817,-17.6977],[139.7793,-17.6944],[139.7773,-17.7129],[139.7995,-17.7221],[139.777,-17.7366],[139.7836,-17.7695],[139.7518,-17.8038],[139.7632,-17.8242],[139.7449,-17.8456],[139.7733,-17.8684],[139.751,-17.9121],[139.7618,-17.9221],[139.7858,-17.9096],[139.8173,-17.9337],[139.8118,-17.9465],[139.7828,-17.9388],[139.7743,-17.952],[139.8154,-17.9794],[139.8149,-18.0575],[139.8461,-18.0896],[139.8464,-18.1167],[139.8863,-18.1559],[139.8805,-18.1746],[139.8941,-18.1958],[139.8766,-18.2213],[139.885,-18.2472],[139.8678,-18.3249],[139.8802,-18.3557],[139.8777,-18.4214],[139.8746,-18.4567],[139.8589,-18.4647],[139.8674,-18.495],[139.8475,-18.5225],[139.8384,-18.5881],[139.7622,-18.6921],[139.7842,-18.7164],[139.7793,-18.7462],[139.7635,-18.7604],[139.793,-18.8113],[139.7844,-18.8288],[139.8037,-18.83],[139.797,-18.8454],[139.8223,-18.8684],[139.8199,-18.8837],[139.8035,-18.8884],[139.8252,-18.9335],[139.8489,-18.9435],[139.866,-18.9732],[139.8893,-18.9682],[139.8814,-18.9985],[139.9115,-19.0265],[140.3058,-19.0452],[140.3025,-19.0876],[140.5108,-19.1021],[140.5151,-19.0484],[140.6335,-19.0566],[140.6698,-19.0984],[140.7112,-19.0666],[140.8174,-19.1873],[140.9066,-19.1167],[140.9196,-19.118],[140.9214,-19.1353],[141.1063,-19.1479],[141.0957,-19.1991],[141.4185,-19.2429],[141.4116,-19.3136],[141.6103,-19.331],[141.6416,-19.3069],[141.6816,-19.3283],[141.6921,-19.3573],[141.753,-19.3048],[141.8104,-19.3688],[141.908,-19.3718],[141.9047,-19.4105],[142.0365,-19.422],[142.0343,-19.4427],[142.1596,-19.4551],[142.1679,-19.3832],[142.3743,-19.4002],[142.4008,-19.1226],[142.3478,-19.1188],[142.346,-19.1469],[142.1594,-19.142],[142.1766,-18.9722],[142.1291,-18.9695],[142.1267,-18.9934],[141.9415,-18.9785],[141.9311,-19.0897],[141.7717,-19.0782],[141.7617,-19.1919],[141.7155,-19.1791],[141.6916,-19.1564],[141.6461,-19.1577],[141.617,-19.1448],[141.6089,-19.1134],[141.6201,-19.1146],[141.6362,-18.9671],[141.6681,-18.9697],[141.692,-18.7136],[141.364,-18.6814],[141.3699,-18.6255],[141.2987,-18.6114],[141.2908,-18.5686],[141.3003,-18.5633],[141.2836,-18.5187],[141.299,-18.4965],[141.302,-18.4276],[141.281,-18.4175],[141.2815,-18.3912],[141.2232,-18.3301],[141.21,-18.2645],[141.1868,-18.2501],[141.1811,-18.2134],[141.1379,-18.1889],[141.1431,-18.1568],[141.1318,-18.1232],[141.1444,-18.1134],[141.1916,-18.1194],[141.1999,-18.0154],[141.2838,-18.0232],[141.2817,-18.0467],[141.3952,-18.0571],[141.3931,-17.9348],[141.4661,-17.939],[141.4682,-17.9104],[141.3044,-17.899],[141.3169,-17.7367],[141.4041,-17.7633],[141.433,-17.7493],[141.4382,-17.6798],[141.3782,-17.6766],[141.3822,-17.608],[141.4066,-17.6099],[141.4217,-17.4438],[141.5727,-17.4584],[141.5764,-17.4204],[141.7287,-17.4329],[141.7256,-17.4695],[141.8367,-17.4825],[141.7853,-17.4224],[141.8977,-17.3308],[142.0123,-17.4712],[142.0578,-17.4343],[142.1784,-17.5662],[142.2672,-17.4922],[142.2259,-17.4458],[142.175,-17.4324],[142.3406,-17.2862],[142.4016,-17.3553],[142.5407,-17.1755],[142.513,-17.1705],[142.4214,-17.0874],[142.508,-16.9722],[142.5961,-16.1907],[142.6372,-16.1324],[142.699,-16.1732],[142.7422,-16.112],[142.7061,-16.074],[142.6561,-16.0577],[142.622,-16.0169],[142.6305,-15.9545],[142.6958,-15.8966],[142.7047,-15.7504],[142.7699,-15.7547],[142.7798,-15.6131],[142.8812,-15.6211],[142.8931,-15.4779],[142.9497,-15.4823],[142.9614,-15.341],[142.6641,-15.3144],[142.6501,-15.4605],[142.2401,-15.4231],[142.0931,-15.1903],[142.0245,-15.3788],[141.967,-15.3558],[141.9403,-15.3907],[141.9953,-15.4535],[141.9726,-15.5691],[141.6274,-15.544],[141.5837,-15.5187],[141.5563,-15.5381],[141.5608,-15.5187],[141.5494,-15.5108],[141.5223,-15.5107],[141.5282,-15.5268],[141.5045,-15.5207],[141.5028,-15.5058],[141.4934,-15.5163],[141.5093,-15.4937],[141.4943,-15.487],[141.4691,-15.5324],[141.4347,-15.6576],[141.4093,-15.8713],[141.3976,-15.9096],[141.3734,-15.9169],[141.4328,-16.0748],[141.3511,-16.2189],[141.3208,-16.3425],[141.2861,-16.4082],[141.3049,-16.4571],[141.2965,-16.4962],[141.2707,-16.5578],[141.2514,-16.5577],[141.233,-16.588],[141.2044,-16.692],[141.1288,-16.7798],[141.0823,-16.8032],[141.0648,-16.8702],[140.958,-16.9981],[140.9469,-17.0406],[140.9622,-17.0928],[140.9404,-17.1846],[140.9126,-17.2331],[140.9008,-17.3487],[140.8284,-17.4653],[140.7694,-17.4777],[140.7355,-17.5122],[140.7098,-17.5099],[140.5964,-17.5964],[140.4996,-17.6378],[140.4622,-17.6489],[140.4479,-17.6417],[140.3782,-17.6797],[140.2167,-17.7092],[140.0918,-17.7227],[140.0069,-17.7154],[139.9524,-17.6782],[139.936,-17.6297],[139.8472,-17.596],[139.8339,-17.6054],[139.8392,-17.5898],[139.8218,-17.5706],[139.7938,-17.5794]]]},"properties":{"lga_code_2024":"32250","lga_name_2024":"Carpentaria","state_name_2021":"Queensland"},"id":32250},{"type":"Feature","geometry":{"type":"MultiPolygon","coordinates":[[[[145.8351,-17.4974],[145.8339,-17.5086],[145.7161,-17.497],[145.7405,-17.5465],[145.7306,-17.5582],[145.7074,-17.5568],[145.6955,-17.661],[145.6788,-17.6666],[145.6824,-17.6788],[145.6407,-17.6568],[145.6614,-17.6796],[145.641,-17.7071],[145.6515,-17.7269],[145.577,-17.7408],[145.5726,-17.7829],[145.6554,-17.8158],[145.6549,-17.8624],[145.6718,-17.8702],[145.6844,-17.898],[145.679,-17.9456],[145.6519,-17.9574],[145.6532,-17.9714],[145.6234,-18.008],[145.6222,-18.0212],[145.6535,-18.0294],[145.6419,-18.0815],[145.6677,-18.103],[145.6891,-18.092],[145.7051,-18.1013],[145.7035,-18.1411],[145.6852,-18.1684],[145.7052,-18.179],[145.7515,-18.1566],[145.7844,-18.1809],[145.7802,-18.2033],[145.8073,-18.2456],[145.7995,-18.2681],[145.8152,-18.2857],[145.8096,-18.3046],[145.7866,-18.3042],[145.7181,-18.357],[145.7453,-18.3746],[145.7471,-18.3957],[145.7899,-18.4033],[145.8086,-18.3777],[145.8256,-18.407],[145.8796,-18.4075],[145.9473,-18.3643],[145.9618,-18.3944],[146.0355,-18.3877],[146.085,-18.4008],[146.1007,-18.4166],[146.0916,-18.4485],[146.1203,-18.4744],[146.1204,-18.5067],[146.1674,-18.5157],[146.1875,-18.5333],[146.2299,-18.4896],[146.2151,-18.4724],[146.1894,-18.4738],[146.2005,-18.4523],[146.1675,-18.4453],[146.1736,-18.4349],[146.1411,-18.3641],[146.1077,-18.3533],[146.0194,-18.2531],[146.0076,-18.1794],[146.008,-18.1205],[146.041,-18.0437],[146.0739,-17.9899],[146.1014,-17.9769],[146.0915,-17.9551],[146.0979,-17.8969],[146.1196,-17.8558],[146.1065,-17.852],[146.1058,-17.8156],[146.0913,-17.7993],[146.1126,-17.7708],[146.1045,-17.728],[146.1134,-17.693],[146.149,-17.6486],[146.1327,-17.601],[146.1153,-17.6101],[146.1279,-17.5925],[146.0921,-17.5616],[146.0682,-17.5104],[146.0586,-17.5248],[146.0332,-17.5253],[146.0278,-17.5503],[146.0327,-17.5123],[146.0361,-17.5231],[146.0563,-17.5209],[146.0516,-17.5055],[146.077,-17.5046],[146.0649,-17.4589],[146.0725,-17.4034],[146.0445,-17.419],[146.0459,-17.433],[146.0339,-17.4307],[146.0422,-17.4414],[146.0316,-17.452],[145.9555,-17.4455],[145.9505,-17.4914],[145.9293,-17.5036],[145.9037,-17.4764],[145.8662,-17.5048],[145.8351,-17.4974]]],[[[146.3044,-18.1586],[146.3066,-18.157],[146.3025,-18.156],[146.3044,-18.1586]]],[[[146.1362,-17.9252],[146.1357,-17.9242],[146.1355,-17.9248],[146.1362,-17.9252]]],[[[146.1526,-17.7802],[146.154,-17.7795],[146.1544,-17.7774],[146.1526,-17.7802]]],[[[146.1567,-17.739],[146.1639,-17.7381],[146.1577,-17.7368],[146.1567,-17.739]]],[[[146.1777,-17.677],[146.1816,-17.6755],[146.1765,-17.675],[146.1777,-17.677]]],[[[146.2887,-18.1483],[146.2892,-18.1501],[146.2937,-18.1507],[146.2887,-18.1483]]],[[[146.2088,-18.4607],[146.1928,-18.4597],[146.19,-18.4708],[146.2061,-18.4718],[146.2088,-18.4607]]],[[[146.2176,-18.4727],[146.2187,-18.472],[146.218,-18.4711],[146.2176,-18.4727]]],[[[146.2782,-18.1402],[146.2874,-18.1433],[146.2821,-18.1351],[146.2782,-18.1402]]],[[[146.2876,-18.1475],[146.2872,-18.1463],[146.287,-18.1471],[146.2876,-18.1475]]],[[[146.1728,-18.0388],[146.1824,-18.0413],[146.1773,-18.0363],[146.1728,-18.0388]]],[[[146.2023,-18.052],[146.2055,-18.0513],[146.1991,-18.0456],[146.2023,-18.052]]],[[[146.1984,-18.0373],[146.2018,-18.0387],[146.2032,-18.0373],[146.1984,-18.0373]]],[[[146.1967,-18.0419],[146.1992,-18.0436],[146.1987,-18.0405],[146.1967,-18.0419]]],[[[146.1595,-17.7463],[146.1605,-17.7454],[146.1596,-17.7445],[146.1595,-17.7463]]],[[[146.1743,-17.6742],[146.1746,-17.6733],[146.1731,-17.6718],[146.1743,-17.6742]]],[[[146.1893,-18.4381],[146.1769,-18.4371],[146.1709,-18.4455],[146.1893,-18.4381]]],[[[146.1764,-18.4324],[146.1789,-18.4187],[146.1706,-18.4235],[146.1764,-18.4324]]],[[[146.1786,-18.4357],[146.1871,-18.4331],[146.1844,-18.4273],[146.1786,-18.4357]]],[[[146.1452,-18.1817],[146.1421,-18.1848],[146.1441,-18.1867],[146.1452,-18.1817]]],[[[146.1572,-18.1768],[146.176,-18.181],[146.1922,-18.1666],[146.1605,-18.1522],[146.1572,-18.1768]]],[[[146.1668,-18.029],[146.17,-18.0283],[146.1664,-18.023],[146.1668,-18.029]]],[[[146.1724,-18.3683],[146.145,-18.3581],[146.1787,-18.4097],[146.1724,-18.3683]]],[[[146.1835,-18.4141],[146.1926,-18.4294],[146.1938,-18.3959],[146.1789,-18.3731],[146.1835,-18.4141]]],[[[146.1786,-18.4109],[146.1676,-18.4144],[146.1741,-18.4201],[146.1786,-18.4109]]],[[[146.3282,-18.3566],[146.3313,-18.356],[146.3284,-18.3532],[146.3282,-18.3566]]],[[[146.1497,-18.0093],[146.1517,-17.9973],[146.1415,-18.0039],[146.1497,-18.0093]]],[[[146.1332,-17.9822],[146.1385,-17.9812],[146.1333,-17.9796],[146.1332,-17.9822]]],[[[146.1393,-17.956],[146.1419,-17.9559],[146.1422,-17.9532],[146.1393,-17.956]]],[[[146.1581,-17.6549],[146.1604,-17.6571],[146.1555,-17.6507],[146.1581,-17.6549]]],[[[146.1707,-17.6752],[146.1675,-17.6722],[146.1677,-17.6745],[146.1707,-17.6752]]],[[[146.1684,-17.6678],[146.1685,-17.6665],[146.1678,-17.6673],[146.1684,-17.6678]]],[[[146.2471,-18.2954],[146.1271,-18.2346],[146.0706,-18.2475],[146.101,-18.2859],[146.1517,-18.313],[146.1913,-18.3667],[146.207,-18.3978],[146.2009,-18.4374],[146.2218,-18.4768],[146.3052,-18.4937],[146.3284,-18.4835],[146.3288,-18.4472],[146.3584,-18.4183],[146.3242,-18.4002],[146.3273,-18.3815],[146.3396,-18.3807],[146.3314,-18.3623],[146.3061,-18.3557],[146.2756,-18.3175],[146.3056,-18.2403],[146.2988,-18.2315],[146.2505,-18.2371],[146.2235,-18.1942],[146.2165,-18.2274],[146.2442,-18.2662],[146.2305,-18.2723],[146.2471,-18.2954]]],[[[146.2268,-18.2776],[146.2411,-18.2928],[146.2379,-18.2823],[146.2268,-18.2776]]],[[[146.326,-18.2357],[146.3263,-18.2347],[146.325,-18.235],[146.326,-18.2357]]],[[[146.1722,-17.9649],[146.1738,-17.947],[146.1515,-17.9277],[146.1341,-17.9354],[146.1722,-17.9649]]],[[[146.0437,-17.527],[146.0461,-17.5276],[146.0475,-17.5256],[146.0437,-17.527]]]]},"properties":{"lga_code_2024":"32260","lga_name_2024":"Cassowary Coast","state_name_2021":"Queensland"},"id":32260},{"type":"Feature","geometry":{"type":"Polygon","coordinates":[[[147.2866,-23.3512],[147.265,-23.3842],[147.2494,-23.4514],[147.2792,-23.4817],[147.2838,-23.5248],[147.2194,-23.551],[147.2201,-23.5936],[147.1981,-23.6091],[147.2117,-23.6395],[147.2006,-23.6546],[147.2095,-23.6759],[147.1957,-23.6845],[147.1951,-23.7456],[147.1998,-23.7733],[147.2296,-23.7875],[147.238,-23.8108],[147.2277,-23.8321],[147.2411,-23.9032],[147.2033,-23.9398],[147.1787,-23.943],[147.163,-23.9729],[147.1839,-24.0048],[147.1866,-24.0361],[147.1742,-24.06],[147.1833,-24.0857],[147.1103,-24.0933],[146.9899,-24.1613],[146.9564,-24.1636],[146.9534,-24.2069],[146.9274,-24.2568],[146.9351,-24.2906],[146.8997,-24.3286],[146.8737,-24.3377],[146.8642,-24.3688],[146.8144,-24.3767],[146.8021,-24.4068],[146.7595,-24.4037],[146.7297,-24.4186],[146.7219,-24.3847],[146.689,-24.3742],[146.6598,-24.4033],[146.5725,-24.4128],[146.5961,-24.453],[146.6213,-24.458],[146.6261,-24.4938],[146.6796,-24.5728],[146.6668,-24.5908],[146.7375,-24.6278],[146.7405,-24.6503],[146.7681,-24.6643],[146.7874,-24.6263],[146.8001,-24.6206],[146.8085,-24.639],[146.8607,-24.5873],[146.8867,-24.5964],[146.8941,-24.6403],[146.9332,-24.6749],[146.942,-24.7044],[146.8823,-24.7625],[146.9034,-24.8052],[147.0915,-24.8141],[147.0894,-24.8465],[147.1388,-24.849],[147.1366,-24.8829],[147.2964,-24.8958],[147.3221,-24.8705],[147.4807,-24.8778],[147.5083,-24.8207],[147.5187,-24.8302],[147.5583,-24.8192],[147.5605,-24.8343],[147.5785,-24.836],[147.5896,-24.8184],[147.647,-24.8],[147.6466,-24.7732],[147.6804,-24.7738],[147.7352,-24.7303],[147.8244,-24.7351],[147.8542,-24.7796],[147.9165,-24.8212],[147.9158,-24.8461],[147.9519,-24.8832],[148.0561,-24.9137],[148.0958,-25.0165],[148.1164,-25.0228],[148.1606,-25.0842],[148.206,-25.0792],[148.2347,-25.1007],[148.242,-25.1205],[148.2959,-25.1649],[148.3056,-25.2123],[148.3262,-25.2103],[148.4122,-25.2601],[148.473,-25.2454],[148.5685,-25.2499],[148.6431,-25.2841],[148.6663,-25.3109],[148.6837,-25.2819],[148.7453,-25.2797],[148.7592,-25.3107],[148.7267,-25.3426],[148.7259,-25.4009],[148.7981,-25.4454],[148.8769,-25.4698],[148.9531,-25.4568],[148.9639,-25.4131],[148.9543,-25.4148],[148.9564,-25.4016],[148.98,-25.3753],[148.9734,-25.3463],[148.95,-25.3286],[148.9787,-25.3109],[148.9252,-25.2641],[148.9336,-25.2329],[148.8793,-25.2276],[148.8802,-25.1998],[148.8583,-25.163],[148.874,-25.1477],[148.8429,-25.1209],[148.8173,-25.0714],[148.8137,-25.0111],[148.817,-24.9945],[148.8189,-25.013],[148.8293,-24.9971],[148.8274,-24.9603],[148.8482,-24.9257],[148.8664,-24.9251],[148.8615,-24.9107],[148.8765,-24.9102],[148.8605,-24.8947],[148.938,-24.8371],[148.9715,-24.8481],[148.9926,-24.8731],[149.0375,-24.8779],[149.0565,-24.9782],[149.0711,-25.0019],[149.0919,-25.0031],[149.0873,-25.0294],[149.101,-25.0585],[149.0968,-25.0832],[149.0725,-25.1108],[149.1057,-25.1267],[149.0951,-25.1328],[149.1086,-25.1405],[149.172,-25.0903],[149.1707,-25.0718],[149.1958,-25.0337],[149.1822,-25.0055],[149.2177,-25.0174],[149.2316,-25.049],[149.2736,-25.0641],[149.2849,-25.0549],[149.2818,-25.0086],[149.2932,-25.0019],[149.3216,-25.0164],[149.3373,-24.9858],[149.3648,-24.9777],[149.4117,-25.0086],[149.4501,-25.0013],[149.4611,-24.9772],[149.4468,-24.9109],[149.4661,-24.8644],[149.4991,-24.8439],[149.505,-24.8071],[149.5259,-24.7996],[149.5337,-24.7766],[149.5784,-24.781],[149.5855,-24.8878],[149.6109,-24.8901],[149.6066,-24.7907],[149.7344,-24.6569],[149.7498,-24.6197],[149.7257,-24.598],[149.7401,-24.5398],[149.7874,-24.5451],[149.7401,-24.3243],[149.6796,-24.2408],[149.6848,-24.223],[149.6519,-24.1655],[149.6704,-24.1545],[149.8288,-24.165],[149.8418,-24.1523],[149.8338,-24.0924],[149.7906,-24.0659],[149.8234,-23.9978],[149.8499,-24.0018],[149.8432,-23.9545],[149.8811,-23.9681],[149.8938,-23.9589],[149.9195,-23.9333],[149.9276,-23.8888],[150.0512,-23.9019],[150.0667,-23.882],[150.053,-23.8402],[150.0136,-23.8142],[149.999,-23.7667],[149.9435,-23.7275],[149.9051,-23.6689],[149.8913,-23.6657],[149.9013,-23.6008],[149.8936,-23.5836],[149.8694,-23.5768],[149.8198,-23.5905],[149.7577,-23.6277],[149.7398,-23.5712],[149.8008,-23.541],[149.7627,-23.4766],[149.7225,-23.4968],[149.7253,-23.5288],[149.7028,-23.5363],[149.6578,-23.5328],[149.664,-23.5192],[149.6539,-23.5049],[149.617,-23.5083],[149.615,-23.4557],[149.6329,-23.4633],[149.727,-23.427],[149.735,-23.435],[149.7681,-23.4029],[149.7549,-23.3344],[149.741,-23.3213],[149.7101,-23.3252],[149.7211,-23.2511],[149.7029,-23.2378],[149.6877,-23.2452],[149.678,-23.2146],[149.693,-23.1907],[149.7098,-23.096],[149.6452,-23.0726],[149.617,-23.0934],[149.5029,-23.1241],[149.4816,-23.1132],[149.4915,-23.0909],[149.4858,-23.0578],[149.4292,-23.0204],[149.4113,-22.99],[149.4221,-22.9573],[149.4145,-22.9166],[149.3631,-22.8762],[149.3296,-22.8757],[149.3302,-22.8986],[149.2854,-22.9418],[149.2872,-22.956],[149.2372,-22.976],[149.1992,-23.0499],[149.1251,-23.0627],[149.0443,-23.0588],[149.0254,-23.0814],[148.9762,-23.0945],[148.9735,-23.1251],[148.9905,-23.1297],[148.9873,-23.1438],[149.0057,-23.1502],[149.0063,-23.1667],[148.9854,-23.1945],[148.9534,-23.2078],[148.9481,-23.2406],[148.9257,-23.2456],[148.9251,-23.262],[148.8792,-23.2478],[148.8558,-23.2659],[148.8453,-23.2893],[148.869,-23.3191],[148.8656,-23.3561],[148.8257,-23.3795],[148.7807,-23.3512],[148.7754,-23.374],[148.7586,-23.3812],[148.736,-23.3479],[148.7134,-23.3526],[148.7046,-23.3658],[148.7125,-23.3864],[148.6724,-23.4211],[148.7055,-23.4353],[148.6542,-23.4761],[148.635,-23.4766],[148.6187,-23.5358],[148.5926,-23.5433],[148.5812,-23.5311],[148.572,-23.5519],[148.5363,-23.5558],[148.5249,-23.5483],[148.5227,-23.5054],[148.573,-23.469],[148.5504,-23.4069],[148.5705,-23.3793],[148.5503,-23.3468],[148.5027,-23.3303],[148.5122,-23.289],[148.5825,-23.2339],[148.5652,-23.222],[148.6244,-23.149],[148.5623,-23.1159],[148.5878,-23.0715],[148.5997,-23.0029],[148.585,-23.0005],[148.5809,-22.9717],[148.5544,-22.9747],[148.5426,-22.9594],[148.5527,-22.9418],[148.5402,-22.9234],[148.5419,-22.8773],[148.4581,-22.8675],[148.3251,-22.9498],[148.2751,-22.8756],[148.3714,-22.7906],[148.3738,-22.7673],[148.3431,-22.7254],[148.2391,-22.7398],[148.2308,-22.7774],[148.1761,-22.7903],[148.1435,-22.7649],[148.1097,-22.767],[148.0639,-22.7395],[148.0608,-22.7099],[148.023,-22.6931],[148.0131,-22.6543],[147.9853,-22.7045],[147.9128,-22.7188],[147.8951,-22.7617],[147.7941,-22.8005],[147.755,-22.8561],[147.7028,-22.8858],[147.6943,-22.9147],[147.6639,-22.9127],[147.6405,-22.9263],[147.6206,-22.9121],[147.618,-22.8939],[147.6016,-22.8948],[147.5823,-22.963],[147.5554,-22.9764],[147.553,-23.0092],[147.5042,-22.9858],[147.4971,-23.0009],[147.52,-23.0284],[147.4837,-23.0467],[147.4785,-23.0915],[147.3946,-23.1473],[147.354,-23.1904],[147.3399,-23.1826],[147.2865,-23.1934],[147.2608,-23.2101],[147.2608,-23.2447],[147.2875,-23.2791],[147.28,-23.2989],[147.2951,-23.3224],[147.2831,-23.3307],[147.2866,-23.3512]],[[149.497,-23.56],[149.5026,-23.5232],[149.532,-23.5273],[149.527,-23.5635],[149.497,-23.56]],[[149.7599,-23.6758],[149.7182,-23.6694],[149.7155,-23.6313],[149.7636,-23.6368],[149.7754,-23.652],[149.7599,-23.6758]],[[149.32,-24.619],[149.3218,-24.6043],[149.3764,-24.6124],[149.3714,-24.5915],[149.4093,-24.6073],[149.3818,-24.6403],[149.3246,-24.6339],[149.32,-24.619]],[[149.4951,-23.9879],[149.5106,-23.9998],[149.5024,-24.1614],[149.4686,-24.2134],[149.3726,-24.2404],[149.3513,-24.1998],[149.4041,-24.1443],[149.3994,-24.1242],[149.4951,-23.9879]]]},"properties":{"lga_code_2024":"32270","lga_name_2024":"Central Highlands (Qld)","state_name_2021":"Queensland"},"id":32270},{"type":"Feature","geometry":{"type":"Polygon","coordinates":[[[146.1671,-18.9355],[146.1542,-18.9229],[146.1103,-18.933],[146.064,-18.9051],[146.0206,-18.9185],[146.0024,-18.9034],[145.9982,-18.8741],[145.9658,-18.8795],[145.9518,-18.8612],[145.9378,-18.8598],[145.9354,-18.8828],[145.8647,-18.8758],[145.8658,-18.8626],[145.8521,-18.8687],[145.8333,-18.848],[145.7966,-18.843],[145.7975,-18.8314],[145.7752,-18.8172],[145.802,-18.7782],[145.7922,-18.7607],[145.8164,-18.6173],[145.7922,-18.6065],[145.7956,-18.5773],[145.8324,-18.5987],[145.8441,-18.5925],[145.7908,-18.5008],[145.7721,-18.5237],[145.7601,-18.5147],[145.779,-18.492],[145.7378,-18.4528],[145.708,-18.4709],[145.7147,-18.4887],[145.4997,-18.4624],[145.4942,-18.577],[145.384,-18.5704],[145.297,-18.4642],[145.3024,-18.4556],[145.2791,-18.4396],[145.2865,-18.43],[145.26,-18.4273],[145.2679,-18.355],[145.1666,-18.3468],[145.1557,-18.3649],[145.1345,-18.3619],[145.1328,-18.3797],[145.1613,-18.3907],[145.1643,-18.4151],[145.1835,-18.4317],[145.1857,-18.4798],[145.1727,-18.4892],[145.1842,-18.4948],[145.1825,-18.5114],[145.1328,-18.5781],[145.1279,-18.5576],[145.1013,-18.5685],[145.0536,-18.5491],[145.0477,-18.5135],[144.9811,-18.5071],[144.9689,-18.4691],[144.9619,-18.4859],[144.9513,-18.4772],[144.9516,-18.5043],[144.9218,-18.5015],[144.9241,-18.5229],[144.8782,-18.518],[144.8805,-18.4975],[144.8367,-18.4932],[144.8552,-18.3696],[144.7601,-18.3563],[144.7408,-18.3186],[144.687,-18.3137],[144.6516,-18.6266],[144.7641,-18.6385],[144.7871,-18.6613],[144.7417,-18.7027],[144.7452,-18.7219],[144.7775,-18.7407],[144.792,-18.7332],[144.8084,-18.7696],[144.7454,-18.818],[144.7903,-18.871],[144.7074,-18.9359],[144.6993,-19.0039],[144.7153,-19.0168],[144.7743,-19.148],[144.7944,-19.1622],[144.8324,-19.1609],[144.772,-19.2056],[144.7508,-19.1807],[144.6335,-19.2853],[144.6178,-19.3196],[144.5986,-19.3178],[144.5915,-19.3797],[144.4746,-19.3707],[144.4681,-19.4474],[144.3517,-19.4239],[144.3449,-19.5015],[144.3025,-19.4974],[144.2957,-19.5665],[144.2852,-19.5733],[144.3551,-19.5823],[144.4256,-19.6109],[144.3957,-19.9346],[144.4299,-19.9756],[144.4783,-19.9749],[144.4915,-19.9535],[144.5588,-19.953],[144.5799,-19.9876],[144.6204,-19.9919],[144.6221,-19.9693],[144.6669,-20.0284],[144.6636,-20.0583],[144.7756,-20.0666],[144.7719,-20.129],[144.84,-20.2052],[144.8208,-20.2456],[144.8323,-20.2932],[144.8204,-20.3325],[144.9088,-20.3726],[144.9055,-20.4073],[144.9326,-20.4124],[144.9093,-20.4381],[144.9224,-20.4623],[144.9712,-20.4682],[144.9983,-20.4916],[145.0101,-20.5368],[145.0973,-20.6278],[145.1894,-20.6338],[145.1637,-20.9703],[145.2274,-20.9748],[145.2196,-21.0653],[145.173,-21.0618],[145.1811,-21.0913],[145.2177,-21.1217],[145.2211,-21.1718],[145.2563,-21.1745],[145.2433,-21.2773],[145.2559,-21.2806],[145.2496,-21.315],[145.2904,-21.4144],[145.262,-21.4582],[145.3295,-21.4682],[145.3563,-21.4675],[145.3582,-21.4538],[145.4648,-21.4614],[145.4529,-21.5662],[145.5396,-21.5748],[145.5328,-21.6583],[145.6785,-21.6682],[145.6747,-21.7081],[145.6506,-21.7071],[145.6406,-21.894],[145.6302,-21.8929],[145.6272,-21.9267],[145.6683,-21.932],[145.6612,-22.0412],[145.7701,-22.0485],[145.7696,-22.0666],[146.0315,-22.1048],[146.0395,-22.0233],[146.067,-22.0265],[146.0721,-21.9972],[146.2014,-22.0076],[146.2114,-21.9085],[146.1185,-21.9009],[146.1267,-21.8136],[146.0692,-21.8088],[146.0934,-21.5099],[146.1323,-21.514],[146.1505,-21.5001],[146.3467,-21.5181],[146.3407,-21.5701],[146.396,-21.6632],[146.4839,-21.6803],[146.4923,-21.5665],[146.6567,-21.5825],[146.651,-21.6093],[146.8339,-21.6432],[146.8347,-21.5744],[146.9118,-21.4538],[146.8749,-21.397],[146.8785,-21.3696],[146.9593,-21.3004],[146.9661,-21.2787],[146.9497,-21.2396],[146.8909,-21.2218],[146.866,-21.1912],[146.8826,-21.1703],[146.8488,-21.1009],[146.8604,-21.0312],[146.8837,-20.9976],[146.8535,-20.9192],[146.866,-20.886],[146.8522,-20.8113],[146.8616,-20.7965],[146.9099,-20.7867],[146.9204,-20.7574],[146.9612,-20.7402],[146.9613,-20.6844],[146.986,-20.6625],[146.976,-20.6197],[147.0148,-20.6062],[147.0363,-20.6293],[147.0622,-20.6271],[147.0789,-20.6528],[147.1118,-20.6359],[147.1561,-20.6517],[147.1797,-20.6047],[147.2146,-20.5767],[147.2414,-20.5845],[147.2769,-20.5562],[147.301,-20.5038],[147.2906,-20.4764],[147.2978,-20.4474],[147.3388,-20.4269],[147.3476,-20.4006],[147.1951,-20.3718],[147.2017,-20.3585],[147.1751,-20.3094],[147.1437,-20.2775],[147.1108,-20.2646],[147.104,-20.2033],[147.0471,-20.1705],[147.0025,-20.195],[146.9954,-20.1875],[147.0149,-20.1422],[146.974,-20.1228],[146.9639,-20.093],[146.9345,-20.0829],[146.9339,-20.0712],[146.9027,-20.0671],[146.8859,-20.0218],[146.9135,-20.0091],[146.932,-19.9724],[146.8815,-19.8983],[146.9163,-19.8975],[146.9286,-19.8667],[146.9302,-19.7831],[146.8331,-19.7585],[146.8426,-19.721],[146.54,-19.6864],[146.5558,-19.6817],[146.5587,-19.6554],[146.5556,-19.6123],[146.5378,-19.5824],[146.5483,-19.5716],[146.5424,-19.5555],[146.5614,-19.5237],[146.5852,-19.5112],[146.5769,-19.4612],[146.561,-19.4514],[146.5638,-19.4002],[146.5538,-19.4167],[146.5352,-19.3935],[146.5183,-19.4023],[146.4991,-19.3766],[146.47,-19.3736],[146.4552,-19.3555],[146.4611,-19.3414],[146.4439,-19.3343],[146.4651,-19.3198],[146.4459,-19.3128],[146.4447,-19.3005],[146.4255,-19.2999],[146.4235,-19.2882],[146.4048,-19.2909],[146.4224,-19.2769],[146.4004,-19.2515],[146.4036,-19.2353],[146.4226,-19.2158],[146.3839,-19.163],[146.3961,-19.1508],[146.3718,-19.1196],[146.3245,-19.1241],[146.3,-19.069],[146.272,-19.0472],[146.2375,-19.0456],[146.243,-19.0106],[146.1752,-19.0128],[146.1446,-18.9504],[146.1671,-18.9355]]]},"properties":{"lga_code_2024":"32310","lga_name_2024":"Charters Towers","state_name_2021":"Queensland"},"id":32310},{"type":"Feature","geometry":{"type":"Polygon","coordinates":[[[151.9768,-26.2971],[151.9587,-26.288],[151.9696,-26.2681],[151.9539,-26.2621],[151.9451,-26.2751],[151.9462,-26.2607],[151.9223,-26.257],[151.9166,-26.2801],[151.9037,-26.2762],[151.8864,-26.3014],[151.9692,-26.3187],[151.9791,-26.3148],[151.9768,-26.2971]]]},"properties":{"lga_code_2024":"32330","lga_name_2024":"Cherbourg","state_name_2021":"Queensland"},"id":32330},{"type":"Feature","geometry":{"type":"Polygon","coordinates":[[[139.5533,-20.901],[139.5356,-21.2759],[139.3771,-21.2724],[139.3741,-21.3943],[139.2367,-21.5024],[139.248,-21.5093],[139.2369,-21.5228],[139.2326,-21.6327],[139.323,-21.7261],[139.2679,-21.8721],[139.3526,-21.9583],[139.3176,-21.9864],[139.4945,-22.1447],[139.3893,-22.2339],[139.4927,-22.2421],[139.4903,-22.2817],[139.623,-22.2907],[139.6279,-22.2206],[139.7503,-22.2287],[139.7579,-22.1628],[139.8416,-22.1712],[139.8851,-22.2429],[140.0624,-22.2546],[140.0412,-22.3269],[140.2579,-22.3391],[140.2585,-22.3669],[140.363,-22.3742],[140.3702,-22.2903],[140.4143,-22.2338],[140.5315,-22.1355],[140.6523,-22.244],[140.6383,-22.2551],[140.7072,-22.335],[140.7434,-22.3139],[140.8436,-22.1618],[140.9288,-22.1817],[140.9252,-22.2349],[141.1829,-22.2496],[141.1986,-22.0552],[141.2943,-22.0619],[141.2845,-21.9888],[141.3097,-21.9397],[141.0629,-21.9287],[141.0636,-21.9025],[140.9938,-21.8939],[140.9809,-22.0529],[140.8824,-22.048],[140.9126,-21.9383],[140.8548,-21.9345],[140.8811,-21.8723],[140.8605,-21.8691],[140.865,-21.8097],[140.8898,-21.8117],[140.9233,-21.7732],[140.9215,-21.6985],[140.9498,-21.6248],[140.9593,-21.6255],[140.9263,-21.5562],[140.8647,-21.48],[140.8437,-21.427],[140.8001,-21.4196],[140.8075,-21.3545],[140.8563,-21.3591],[140.8592,-21.3219],[140.876,-21.323],[140.8824,-21.225],[140.8088,-21.2201],[140.805,-21.1945],[140.8338,-21.0972],[140.8647,-21.0991],[140.873,-20.9914],[140.8282,-20.9891],[140.8494,-20.9564],[140.8295,-20.9155],[140.8393,-20.9021],[140.8314,-20.8737],[140.8657,-20.8306],[140.8998,-20.8162],[140.9254,-20.7584],[140.9496,-20.7429],[140.9601,-20.6348],[141.0778,-20.6452],[141.0828,-20.5903],[141.0401,-20.5434],[141.0136,-20.4296],[141.0177,-20.3868],[141.0589,-20.3681],[141.059,-20.3457],[141.0812,-20.3139],[140.9085,-20.2992],[140.997,-20.2236],[140.8999,-20.1111],[140.8655,-20.123],[140.7835,-20.0235],[140.8993,-19.932],[140.8749,-19.9284],[140.8863,-19.7639],[140.8184,-19.7593],[140.8215,-19.7088],[140.7394,-19.6669],[140.7502,-19.6588],[140.7494,-19.629],[140.9424,-19.6402],[140.9467,-19.5821],[141.0147,-19.5572],[141.0076,-19.5266],[141.0398,-19.4946],[141.0176,-19.4529],[141.0303,-19.433],[141.0193,-19.4347],[141.0011,-19.4089],[141.0063,-19.3934],[140.975,-19.3294],[140.984,-19.308],[140.9712,-19.2815],[140.9973,-19.2583],[140.9392,-19.1728],[140.9432,-19.1512],[140.9214,-19.1353],[140.9187,-19.1169],[140.8174,-19.1873],[140.7112,-19.0666],[140.6698,-19.0984],[140.6335,-19.0566],[140.5151,-19.0484],[140.5108,-19.1021],[140.3025,-19.0876],[140.3058,-19.0452],[139.9115,-19.0265],[139.9148,-19.0371],[139.933,-19.0333],[139.9415,-19.0553],[139.9414,-19.0894],[139.9245,-19.1006],[139.9306,-19.1413],[139.9588,-19.1635],[139.9656,-19.2136],[140.016,-19.2724],[140.0035,-19.2879],[140.0044,-19.3277],[140.0418,-19.3679],[140.0302,-19.4097],[140.0448,-19.4396],[140.0462,-19.4843],[140.0738,-19.5251],[140.0663,-19.5672],[139.8872,-19.5541],[139.8854,-19.5847],[139.7774,-19.5784],[139.7851,-19.4601],[139.4862,-19.4356],[139.47,-19.7193],[139.5327,-19.7246],[139.5142,-19.8233],[139.726,-19.8479],[139.7287,-19.7935],[139.7965,-19.7965],[139.8061,-19.808],[139.8041,-19.9738],[139.7936,-19.9735],[139.7803,-20.1885],[139.7317,-20.1849],[139.7416,-20.1989],[139.7333,-20.2331],[139.858,-20.2323],[139.9264,-20.2115],[139.9707,-20.213],[139.9836,-20.2331],[139.9817,-20.2651],[139.9447,-20.299],[139.9428,-20.3618],[139.9542,-20.378],[139.9435,-20.3956],[140.013,-20.4211],[140.0231,-20.4364],[140.0166,-20.5074],[140.0329,-20.5352],[140.0024,-20.53],[139.9497,-20.4664],[139.8782,-20.436],[139.8817,-20.4696],[139.8633,-20.4985],[139.8876,-20.5451],[139.8834,-20.563],[139.9089,-20.5906],[139.9091,-20.6231],[139.8945,-20.6348],[139.8004,-20.6317],[139.7986,-20.6705],[139.7434,-20.6666],[139.7234,-20.9058],[139.5533,-20.901]]]},"properties":{"lga_code_2024":"32450","lga_name_2024":"Cloncurry","state_name_2021":"Queensland"},"id":32450},{"type":"Feature","geometry":{"type":"MultiPolygon","coordinates":[[[[143.3619,-12.7912],[143.39,-12.7148],[143.4189,-12.6817],[143.4023,-12.6791],[143.4025,-12.6623],[143.4384,-12.6118],[143.4188,-12.616],[143.415,-12.5939],[143.3934,-12.5956],[143.3553,-12.5641],[143.3054,-12.5507],[143.271,-12.4964],[143.2739,-12.4071],[143.2474,-12.3791],[143.2301,-12.382],[143.1803,-12.3431],[143.128,-12.3474],[143.1154,-12.3381],[143.0846,-12.3482],[143.0773,-12.3312],[143.097,-12.2183],[143.0876,-12.201],[143.0949,-12.1735],[143.0787,-12.1592],[143.1012,-12.1456],[143.1856,-11.9908],[143.2157,-11.9746],[143.2281,-11.9891],[143.2441,-11.9687],[143.2119,-11.9544],[143.1675,-11.9733],[143.1475,-11.9194],[143.0978,-11.8928],[143.0661,-11.9283],[142.9746,-11.9329],[142.9459,-11.9004],[142.9225,-11.8927],[142.929,-11.9044],[142.9011,-11.8721],[142.8761,-11.8678],[142.8475,-11.8239],[142.8624,-11.751],[142.8595,-11.6359],[142.8522,-11.5864],[142.8343,-11.5597],[142.8397,-11.4926],[142.8268,-11.4765],[142.833,-11.4335],[142.8687,-11.3816],[142.8404,-11.3195],[142.7935,-11.2785],[142.7832,-11.2227],[142.7994,-11.1572],[142.7883,-11.0822],[142.7557,-11.0427],[142.7517,-11.0074],[142.7458,-10.9986],[142.4016,-10.9985],[142.3654,-11.0433],[142.3718,-11.12],[142.3548,-11.1523],[142.3726,-11.1967],[142.1162,-11.2247],[142.1268,-11.3058],[142.1005,-11.4632],[142.0886,-11.4647],[142.0513,-11.5548],[142.0019,-11.7533],[141.9679,-11.8021],[141.9422,-11.9455],[141.9434,-11.9777],[141.9717,-11.9801],[142.0014,-12.0139],[142.0122,-12.0391],[141.994,-12.0647],[142.0086,-12.076],[142.0235,-12.0752],[142.0451,-11.9862],[142.1036,-11.9834],[142.0649,-12.0073],[142.0709,-12.0401],[142.0426,-12.0634],[142.0464,-12.1125],[142.0219,-12.0806],[142.0059,-12.0931],[142.0041,-12.1281],[141.9862,-12.0592],[141.9683,-12.0658],[141.9493,-12.0857],[141.9676,-12.1526],[141.9611,-12.1804],[141.9134,-12.1644],[141.8487,-12.1939],[141.8461,-12.3187],[141.7385,-12.2909],[141.7296,-12.3074],[141.8449,-12.3331],[141.841,-12.3837],[141.7763,-12.4664],[141.7298,-12.4411],[141.6828,-12.4552],[141.6573,-12.4417],[141.5914,-12.5641],[141.6257,-12.5833],[141.6432,-12.5776],[141.6541,-12.4615],[141.6616,-12.528],[141.6958,-12.5338],[141.6991,-12.4972],[141.7358,-12.4795],[141.7185,-12.4993],[141.7705,-12.5341],[141.7958,-12.5759],[141.8375,-12.5926],[141.8733,-12.5884],[141.8723,-12.5598],[141.8946,-12.5841],[141.89,-12.6401],[141.8656,-12.6424],[141.8546,-12.6571],[141.8777,-12.6713],[141.8631,-12.6934],[141.839,-12.6877],[141.8032,-12.7474],[141.8007,-12.8359],[141.7531,-12.8314],[141.71,-12.879],[141.6858,-12.8835],[141.6496,-12.9183],[141.636,-12.9088],[141.5997,-12.9521],[141.5832,-12.9967],[141.5887,-13.0172],[141.6178,-13.04],[141.6139,-13.092],[141.6295,-13.1594],[141.6918,-13.2403],[141.7533,-13.2871],[141.7522,-13.3569],[141.8133,-13.3569],[141.8412,-13.3072],[141.7439,-12.9992],[141.8469,-12.9428],[141.801,-12.9138],[141.8271,-12.874],[141.8701,-12.8736],[141.9128,-12.7438],[142.0086,-12.8592],[142.0694,-12.7874],[142.0501,-12.7425],[142.0139,-12.7384],[142.0005,-12.7755],[141.964,-12.7111],[142.0954,-12.6853],[142.1934,-12.618],[142.1287,-12.567],[142.122,-12.575],[142.102,-12.5623],[142.0408,-12.5819],[142.0235,-12.5758],[142.004,-12.6006],[141.9932,-12.5869],[141.9566,-12.5856],[141.941,-12.5607],[141.91,-12.5753],[141.9221,-12.5572],[141.9515,-12.5535],[141.9632,-12.5332],[141.9671,-12.5704],[141.9965,-12.5726],[142.0413,-12.4984],[142.0406,-12.2793],[142.22,-12.2784],[142.1262,-12.3981],[142.1461,-12.4028],[142.147,-12.3928],[142.1898,-12.3864],[142.1976,-12.3746],[142.2249,-12.3809],[142.2633,-12.368],[142.3041,-12.405],[142.3116,-12.4452],[142.3221,-12.4382],[142.3314,-12.4556],[142.3426,-12.4492],[142.3439,-12.4704],[142.4059,-12.5196],[142.4426,-12.488],[142.468,-12.4986],[142.4865,-12.4858],[142.5695,-12.6166],[142.5657,-12.6618],[142.1958,-12.6385],[142.0814,-13.1387],[142.1142,-13.2882],[142.0445,-13.5693],[141.9376,-13.7333],[141.9252,-13.8205],[141.9921,-13.9988],[141.9775,-14.1927],[141.9808,-14.3502],[142.0082,-14.3515],[141.9938,-14.4993],[142.0355,-14.7087],[142.1153,-14.8214],[142.1415,-14.9045],[142.1258,-15.1003],[142.0931,-15.1903],[142.2401,-15.4231],[142.6501,-15.4605],[142.6641,-15.3144],[142.9614,-15.341],[142.9497,-15.4823],[142.8931,-15.4779],[142.8812,-15.6211],[142.7798,-15.6131],[142.7699,-15.7547],[142.7047,-15.7504],[142.6958,-15.8966],[142.6305,-15.9545],[142.622,-16.0169],[142.6718,-16.0665],[142.7306,-16.0895],[142.7722,-16.0746],[142.8744,-16.0865],[142.9557,-16.0766],[143.0207,-16.0919],[143.0543,-16.1134],[143.1843,-16.0964],[143.2355,-16.1056],[143.3658,-16.0445],[143.4121,-16.0558],[143.4309,-16.0447],[143.528,-16.0943],[143.5596,-16.0792],[143.6384,-16.0765],[143.6574,-16.118],[143.7124,-16.1334],[143.7223,-16.152],[143.7581,-16.1653],[143.8028,-16.1576],[143.8317,-16.1324],[143.8513,-16.1372],[143.874,-16.1061],[143.9149,-16.1364],[143.9501,-16.1085],[144.0435,-16.1475],[144.0701,-16.1306],[144.0983,-16.1306],[144.106,-16.1449],[144.1178,-16.1419],[144.1209,-16.1828],[144.1359,-16.1853],[144.1604,-16.2478],[144.185,-16.2706],[144.1951,-16.2619],[144.2183,-16.2743],[144.2262,-16.3188],[144.2472,-16.3438],[144.2764,-16.3233],[144.2928,-16.3377],[144.3175,-16.3308],[144.3445,-16.2858],[144.3868,-16.3132],[144.4152,-16.3499],[144.4507,-16.3315],[144.5093,-16.3537],[144.5251,-16.3404],[144.5146,-16.3091],[144.5757,-16.2897],[144.6202,-16.319],[144.6788,-16.3326],[144.691,-16.3212],[144.695,-16.27],[144.7172,-16.2513],[144.7617,-16.2625],[144.7714,-16.2939],[144.827,-16.3622],[144.8393,-16.3645],[144.8775,-16.3266],[144.8911,-16.35],[144.9168,-16.335],[144.9385,-16.3453],[144.9607,-16.3389],[144.9937,-16.3151],[144.9758,-16.2796],[145.021,-16.2209],[145.0159,-16.2032],[144.9872,-16.1912],[144.988,-16.1603],[145.0089,-16.1462],[145.0448,-16.1628],[145.0848,-16.1182],[145.0914,-16.047],[145.0704,-16.0239],[145.0741,-15.966],[145.1049,-15.9462],[145.1358,-15.9534],[145.1403,-15.9304],[145.1611,-15.9234],[145.2019,-15.9348],[145.2463,-15.9175],[145.2551,-15.933],[145.2827,-15.903],[145.289,-15.9259],[145.3079,-15.9373],[145.3182,-15.9286],[145.3362,-15.9506],[145.3629,-15.9218],[145.3563,-15.8923],[145.3773,-15.8435],[145.3583,-15.831],[145.3519,-15.8075],[145.3681,-15.7668],[145.3613,-15.7196],[145.333,-15.6626],[145.3128,-15.6468],[145.3164,-15.6056],[145.3296,-15.5953],[145.3228,-15.5706],[145.272,-15.5413],[145.2837,-15.4972],[145.2628,-15.4611],[145.2291,-15.4626],[145.2411,-15.4616],[145.2387,-15.4434],[145.2148,-15.4149],[145.198,-15.4251],[145.1774,-15.4169],[145.1848,-15.4235],[145.1721,-15.4313],[145.1552,-15.4149],[145.1004,-15.4183],[145.1018,-15.4031],[145.151,-15.4053],[145.1488,-15.3621],[145.1237,-15.36],[145.1206,-15.3946],[145.0805,-15.3984],[145.0637,-15.397],[145.0651,-15.3816],[145.0501,-15.3803],[145.0433,-15.3945],[145.0313,-15.3715],[145.0409,-15.3422],[145.0579,-15.3438],[145.061,-15.3118],[145.0388,-15.3143],[145.031,-15.2688],[145.0802,-15.2598],[145.0863,-15.1394],[145.0889,-15.1526],[145.129,-15.1516],[145.1721,-15.1446],[145.1875,-15.1252],[145.1623,-15.1175],[145.1613,-15.0815],[145.1385,-15.0934],[145.1365,-15.0568],[145.1612,-15.059],[145.1692,-14.9852],[145.129,-14.9809],[145.1443,-14.8393],[145.0905,-14.8031],[145.0247,-14.7962],[145.0041,-14.773],[145.0078,-14.7558],[144.9538,-14.7372],[144.9504,-14.6775],[144.9425,-14.6641],[144.9239,-14.6635],[144.9097,-14.6137],[144.8388,-14.6143],[144.7827,-14.5936],[144.7751,-14.5461],[144.7151,-14.561],[144.6827,-14.5513],[144.6651,-14.511],[144.6194,-14.4764],[144.6242,-14.4194],[144.6511,-14.3587],[144.6439,-14.3484],[144.6224,-14.362],[144.5875,-14.3614],[144.5802,-14.3081],[144.5958,-14.2603],[144.5578,-14.2288],[144.5162,-14.1666],[144.4914,-14.166],[144.4649,-14.2275],[144.4355,-14.2597],[144.3383,-14.307],[144.2803,-14.3015],[144.2445,-14.2641],[144.2327,-14.2689],[144.2163,-14.2541],[144.1954,-14.2614],[144.1985,-14.3228],[144.1683,-14.3814],[144.0324,-14.4829],[143.9492,-14.4957],[143.8814,-14.4824],[143.7988,-14.4249],[143.7501,-14.3459],[143.7032,-14.2087],[143.702,-14.1268],[143.6796,-14.0145],[143.6233,-13.9647],[143.5914,-13.8591],[143.5474,-13.8034],[143.5313,-13.755],[143.5513,-13.6174],[143.5861,-13.5441],[143.5789,-13.5001],[143.5959,-13.4139],[143.5913,-13.4228],[143.5353,-13.4213],[143.5191,-13.4413],[143.4954,-13.4255],[143.4975,-13.4515],[143.3167,-13.4855],[143.3203,-13.4377],[143.3645,-13.4027],[143.3639,-13.3797],[143.391,-13.3351],[143.3533,-13.284],[143.32,-13.2896],[143.3179,-13.2768],[143.3438,-13.2652],[143.3439,-13.2481],[143.2573,-13.2408],[143.2411,-13.2511],[143.2516,-13.1382],[143.128,-13.1398],[143.1096,-13.1504],[143.0571,-13.1252],[143.0201,-13.1323],[142.9805,-13.1205],[142.8936,-12.9929],[142.9581,-12.9469],[142.9493,-12.9264],[142.9613,-12.8986],[142.9508,-12.8782],[142.9181,-12.862],[142.9166,-12.8381],[142.8835,-12.8068],[142.8969,-12.7857],[142.9252,-12.7891],[142.9326,-12.7739],[142.921,-12.7626],[142.9318,-12.7266],[142.9217,-12.7],[142.9436,-12.6911],[143.0281,-12.6978],[143.0423,-12.6636],[143.0762,-12.6401],[143.0697,-12.612],[143.0869,-12.5654],[143.115,-12.5753],[143.1627,-12.5564],[143.1764,-12.5706],[143.1864,-12.5514],[143.1739,-12.5939],[143.1969,-12.6174],[143.2018,-12.6447],[143.2227,-12.6467],[143.2214,-12.6827],[143.2067,-12.6949],[143.2137,-12.7096],[143.1988,-12.7102],[143.1886,-12.7351],[143.2188,-12.7761],[143.2329,-12.8713],[143.2495,-12.8699],[143.2825,-12.8337],[143.3145,-12.8368],[143.2942,-12.7753],[143.3316,-12.7926],[143.3293,-12.7704],[143.3619,-12.7912]],[[141.909,-12.6953],[141.9076,-12.6937],[141.9101,-12.6923],[141.909,-12.6953]],[[141.8995,-12.5909],[141.9036,-12.5849],[141.9028,-12.5895],[141.8995,-12.5909]],[[141.7396,-12.4721],[141.749,-12.4777],[141.7445,-12.4774],[141.7396,-12.4721]],[[141.906,-12.7521],[141.9068,-12.7458],[141.9092,-12.7497],[141.906,-12.7521]],[[141.8982,-12.6067],[141.9056,-12.6111],[141.8972,-12.6175],[141.8982,-12.6067]],[[141.9258,-12.6874],[141.9158,-12.6719],[141.9294,-12.6707],[141.9349,-12.6846],[141.9258,-12.6874]],[[141.8997,-12.6908],[141.8822,-12.6721],[141.8939,-12.6725],[141.8997,-12.6908]],[[141.6869,-12.4759],[141.7169,-12.4585],[141.733,-12.4681],[141.6869,-12.4759]],[[141.8938,-12.7662],[141.878,-12.7141],[141.8919,-12.7303],[141.8938,-12.7662]],[[143.2857,-12.8237],[143.2776,-12.8133],[143.2902,-12.8042],[143.2771,-12.7807],[143.3089,-12.8185],[143.2857,-12.8237]]],[[[145.5203,-14.8282],[145.5302,-14.8305],[145.5213,-14.825],[145.5203,-14.8282]]],[[[145.5075,-14.7447],[145.5149,-14.7493],[145.5147,-14.7436],[145.5075,-14.7447]]],[[[143.5717,-13.2167],[143.5726,-13.2168],[143.5715,-13.2159],[143.5717,-13.2167]]],[[[143.5787,-13.1832],[143.5775,-13.1728],[143.5742,-13.192],[143.5787,-13.1832]]],[[[143.4853,-11.9202],[143.477,-11.9151],[143.4781,-11.9217],[143.4853,-11.9202]]],[[[143.4642,-11.9044],[143.4712,-11.9066],[143.4707,-11.8981],[143.4642,-11.9044]]],[[[143.3043,-11.8504],[143.3056,-11.8498],[143.3051,-11.8487],[143.3043,-11.8504]]],[[[143.3023,-11.8468],[143.3009,-11.8468],[143.3008,-11.8485],[143.3023,-11.8468]]],[[[145.4578,-15.731],[145.4592,-15.7297],[145.4582,-15.7295],[145.4578,-15.731]]],[[[145.4244,-15.1121],[145.4265,-15.1187],[145.4278,-15.1143],[145.4244,-15.1121]]],[[[145.4174,-15.1107],[145.4206,-15.1138],[145.4234,-15.1126],[145.4174,-15.1107]]],[[[145.3737,-15.0906],[145.3796,-15.0967],[145.3853,-15.0941],[145.3737,-15.0906]]],[[[145.4477,-15.0257],[145.4484,-15.023],[145.4468,-15.0218],[145.4477,-15.0257]]],[[[145.4357,-15.0196],[145.4423,-15.0202],[145.4378,-15.0184],[145.4357,-15.0196]]],[[[145.4457,-14.6679],[145.4484,-14.6813],[145.4715,-14.6868],[145.4777,-14.6707],[145.4549,-14.6463],[145.4457,-14.6679]]],[[[143.4628,-12.6222],[143.4634,-12.6221],[143.4633,-12.6207],[143.4628,-12.6222]]],[[[143.4887,-12.4045],[143.4895,-12.4056],[143.4896,-12.4033],[143.4887,-12.4045]]],[[[143.4039,-12.2949],[143.4015,-12.2996],[143.4051,-12.2978],[143.4039,-12.2949]]],[[[143.4161,-12.2942],[143.4196,-12.2967],[143.4182,-12.2927],[143.4161,-12.2942]]],[[[143.3033,-12.0393],[143.2989,-12.0361],[143.2955,-12.0418],[143.3033,-12.0393]]],[[[143.2871,-11.9745],[143.2904,-11.9716],[143.2865,-11.9685],[143.2871,-11.9745]]],[[[143.2808,-11.8598],[143.2832,-11.8563],[143.281,-11.8565],[143.2808,-11.8598]]],[[[143.3144,-11.838],[143.3169,-11.8363],[143.3151,-11.8355],[143.3144,-11.838]]],[[[144.0318,-11.5908],[144.0386,-11.5926],[144.0348,-11.5883],[144.0318,-11.5908]]],[[[143.0575,-11.3731],[143.0607,-11.3767],[143.0587,-11.3724],[143.0575,-11.3731]]],[[[145.443,-15.7493],[145.4458,-15.7536],[145.4432,-15.7446],[145.443,-15.7493]]],[[[145.3344,-15.6074],[145.3369,-15.6063],[145.3352,-15.6057],[145.3344,-15.6074]]],[[[145.4703,-14.8657],[145.4708,-14.8649],[145.4701,-14.865],[145.4703,-14.8657]]],[[[145.4751,-14.8582],[145.4806,-14.8602],[145.4773,-14.8563],[145.4751,-14.8582]]],[[[143.4979,-12.5277],[143.4544,-12.5044],[143.4734,-12.5205],[143.4979,-12.5277]]],[[[143.0339,-11.4501],[143.0348,-11.4463],[143.0332,-11.4486],[143.0339,-11.4501]]],[[[143.0283,-11.3793],[143.0302,-11.3793],[143.0275,-11.3768],[143.0283,-11.3793]]],[[[143.0384,-11.1938],[143.0393,-11.1963],[143.0427,-11.1959],[143.0384,-11.1938]]],[[[145.4189,-15.117],[145.4181,-15.1152],[145.4181,-15.116],[145.4189,-15.117]]],[[[145.4665,-14.6919],[145.4656,-14.6915],[145.4652,-14.6923],[145.4665,-14.6919]]],[[[143.5979,-13.2745],[143.5962,-13.2747],[143.5977,-13.2771],[143.5979,-13.2745]]],[[[143.6941,-13.3691],[143.6954,-13.3687],[143.6947,-13.3672],[143.6941,-13.3691]]],[[[143.0155,-11.1714],[143.0198,-11.1709],[143.0118,-11.1663],[143.0155,-11.1714]]],[[[143.0187,-11.1114],[143.0225,-11.1093],[143.0172,-11.1091],[143.0187,-11.1114]]],[[[145.3716,-15.0907],[145.3716,-15.089],[145.3711,-15.0903],[145.3716,-15.0907]]],[[[145.2499,-14.6592],[145.2577,-14.656],[145.255,-14.6499],[145.2499,-14.6592]]],[[[145.442,-14.6929],[145.4455,-14.6961],[145.4509,-14.6923],[145.442,-14.6929]]],[[[145.4574,-14.7025],[145.4515,-14.7007],[145.453,-14.7044],[145.4574,-14.7025]]],[[[145.3766,-14.6987],[145.3809,-14.6951],[145.3755,-14.6969],[145.3766,-14.6987]]],[[[143.4449,-12.6241],[143.4502,-12.6208],[143.4485,-12.6144],[143.4449,-12.6241]]],[[[143.4497,-12.4981],[143.4345,-12.4825],[143.4338,-12.4842],[143.4497,-12.4981]]],[[[143.2664,-11.9879],[143.2758,-11.9867],[143.263,-11.9749],[143.2664,-11.9879]]],[[[143.2441,-11.9894],[143.252,-11.9963],[143.2473,-11.9851],[143.2441,-11.9894]]],[[[143.2093,-11.9283],[143.208,-11.9307],[143.2118,-11.9312],[143.2093,-11.9283]]],[[[143.2402,-11.996],[143.2443,-11.997],[143.2412,-11.9941],[143.2402,-11.996]]],[[[143.2521,-11.9701],[143.2553,-11.9702],[143.2525,-11.9685],[143.2521,-11.9701]]],[[[143.267,-11.9516],[143.2687,-11.9503],[143.2666,-11.9498],[143.267,-11.9516]]],[[[143.2629,-11.9705],[143.2639,-11.9694],[143.2632,-11.9669],[143.2629,-11.9705]]],[[[143.2179,-11.9852],[143.2192,-11.9844],[143.2166,-11.9835],[143.2179,-11.9852]]],[[[145.3048,-15.1329],[145.3058,-15.1328],[145.3036,-15.132],[145.3048,-15.1329]]],[[[145.3252,-15.1396],[145.3255,-15.1383],[145.3249,-15.1377],[145.3252,-15.1396]]],[[[144.9567,-14.5071],[144.9795,-14.5129],[144.9901,-14.5034],[144.9771,-14.493],[144.9502,-14.4989],[144.9567,-14.5071]]],[[[144.9254,-14.6066],[144.9353,-14.6121],[144.9256,-14.6017],[144.9254,-14.6066]]],[[[144.9158,-14.5095],[144.9194,-14.5054],[144.9101,-14.5031],[144.9158,-14.5095]]],[[[144.9655,-14.5242],[144.9717,-14.5271],[144.981,-14.5234],[144.9655,-14.5242]],[[144.9965,-14.5402],[144.9862,-14.5412],[144.9961,-14.5364],[144.9965,-14.5402]]],[[[144.9059,-14.5531],[144.9079,-14.5555],[144.9078,-14.5537],[144.9059,-14.5531]]],[[[143.0836,-11.766],[143.0952,-11.7747],[143.0935,-11.7672],[143.0836,-11.766]]],[[[143.1792,-11.7013],[143.181,-11.7049],[143.1806,-11.699],[143.1792,-11.7013]]],[[[143.107,-11.8915],[143.1086,-11.8896],[143.1076,-11.888],[143.107,-11.8915]]],[[[142.9916,-11.0079],[142.992,-11.0094],[142.9947,-11.0083],[142.9916,-11.0079]]],[[[142.7556,-11.0253],[142.7565,-11.0246],[142.7543,-11.0244],[142.7556,-11.0253]]],[[[142.9887,-11.0057],[142.9896,-11.0052],[142.9894,-11.0039],[142.9887,-11.0057]]],[[[145.3488,-15.5304],[145.3505,-15.5298],[145.3503,-15.5294],[145.3488,-15.5304]]],[[[145.1721,-15.3948],[145.1511,-15.3821],[145.1551,-15.4057],[145.2007,-15.4075],[145.1889,-15.385],[145.1721,-15.3948]]],[[[144.804,-14.434],[144.8138,-14.4381],[144.8163,-14.4259],[144.804,-14.434]]],[[[144.7681,-14.508],[144.7648,-14.501],[144.7623,-14.5044],[144.7681,-14.508]]],[[[144.8843,-14.5606],[144.8909,-14.5623],[144.8859,-14.558],[144.8843,-14.5606]]],[[[144.7079,-14.5575],[144.714,-14.5577],[144.706,-14.5549],[144.7079,-14.5575]]],[[[144.8786,-14.4183],[144.882,-14.4157],[144.8785,-14.4163],[144.8786,-14.4183]]],[[[144.8908,-14.4637],[144.895,-14.4662],[144.8925,-14.4624],[144.8908,-14.4637]]],[[[144.8675,-14.5464],[144.8676,-14.5484],[144.8705,-14.5477],[144.8675,-14.5464]]],[[[144.6969,-14.4748],[144.6987,-14.4732],[144.6958,-14.473],[144.6969,-14.4748]]],[[[144.8883,-14.4337],[144.8835,-14.4304],[144.8829,-14.4306],[144.8883,-14.4337]]],[[[144.901,-14.401],[144.9036,-14.4003],[144.9013,-14.4003],[144.901,-14.401]]],[[[144.764,-14.5003],[144.7641,-14.4996],[144.7617,-14.5],[144.764,-14.5003]]],[[[144.8914,-14.4353],[144.8919,-14.4349],[144.89,-14.434],[144.8914,-14.4353]]],[[[144.698,-14.4765],[144.6994,-14.4755],[144.6981,-14.4755],[144.698,-14.4765]]],[[[144.9037,-14.5533],[144.9046,-14.5533],[144.9042,-14.5524],[144.9037,-14.5533]]],[[[144.8814,-14.4296],[144.8817,-14.4292],[144.8805,-14.4288],[144.8814,-14.4296]]],[[[144.8922,-14.4349],[144.8924,-14.4348],[144.8922,-14.4348],[144.8922,-14.4349]]],[[[144.8924,-14.4354],[144.8925,-14.4353],[144.8923,-14.4353],[144.8924,-14.4354]]],[[[143.6945,-13.6679],[143.6881,-13.669],[143.6894,-13.6752],[143.6945,-13.6679]]],[[[143.7177,-13.6547],[143.7194,-13.6555],[143.7217,-13.6534],[143.7177,-13.6547]]],[[[143.7214,-13.4954],[143.7245,-13.4916],[143.7217,-13.4933],[143.7214,-13.4954]]],[[[143.0195,-11.4879],[143.0295,-11.4882],[143.0222,-11.4843],[143.0195,-11.4879]]],[[[142.9193,-11.2402],[142.9329,-11.248],[142.9273,-11.242],[142.9193,-11.2402]]],[[[142.9376,-11.5925],[142.9462,-11.5928],[142.9428,-11.5908],[142.9376,-11.5925]]],[[[142.9309,-11.5923],[142.9348,-11.5903],[142.9313,-11.5909],[142.9309,-11.5923]]],[[[142.9921,-11.2383],[142.9928,-11.2361],[142.9906,-11.2368],[142.9921,-11.2383]]],[[[142.9652,-11.3809],[142.9679,-11.3841],[142.9677,-11.3806],[142.9652,-11.3809]]],[[[142.9883,-11.7261],[142.9911,-11.7301],[142.9876,-11.7249],[142.9883,-11.7261]]],[[[142.8978,-11.588],[142.9014,-11.59],[142.9005,-11.5878],[142.8978,-11.588]]],[[[143.0306,-11.4811],[143.0311,-11.4793],[143.0297,-11.4793],[143.0306,-11.4811]]],[[[142.9754,-11.7281],[142.978,-11.7279],[142.9767,-11.7272],[142.9754,-11.7281]]],[[[142.9925,-11.7375],[142.9932,-11.7386],[142.9927,-11.7362],[142.9925,-11.7375]]],[[[142.8729,-11.2478],[142.8741,-11.248],[142.8732,-11.247],[142.8729,-11.2478]]],[[[142.9911,-11.7317],[142.9923,-11.7332],[142.9919,-11.7314],[142.9911,-11.7317]]],[[[142.9932,-11.742],[142.9936,-11.7412],[142.9929,-11.7413],[142.9932,-11.742]]],[[[142.9933,-11.741],[142.9934,-11.74],[142.9928,-11.7405],[142.9933,-11.741]]],[[[144.2515,-14.1688],[144.2316,-14.1852],[144.283,-14.1964],[144.2733,-14.1589],[144.25,-14.1607],[144.2515,-14.1688]]],[[[144.236,-14.1361],[144.2094,-14.1851],[144.245,-14.1516],[144.2676,-14.1499],[144.236,-14.1361]]],[[[144.2642,-14.2348],[144.2755,-14.2358],[144.2776,-14.2175],[144.2452,-14.2205],[144.2642,-14.2348]]],[[[144.3283,-14.0973],[144.3357,-14.1024],[144.3397,-14.0875],[144.3283,-14.0973]]],[[[144.2024,-14.2313],[144.2306,-14.2145],[144.2288,-14.2061],[144.2024,-14.2313]]],[[[143.7194,-13.8714],[143.7225,-13.8628],[143.716,-13.8592],[143.7194,-13.8714]]],[[[144.5282,-14.1209],[144.5316,-14.125],[144.5255,-14.112],[144.5282,-14.1209]]],[[[143.7504,-13.9387],[143.7582,-13.9393],[143.7594,-13.9344],[143.7504,-13.9387]]],[[[144.2672,-14.0575],[144.2678,-14.0512],[144.2618,-14.0505],[144.2672,-14.0575]]],[[[143.7719,-14.2206],[143.7792,-14.2241],[143.7748,-14.2137],[143.7719,-14.2206]]],[[[143.6421,-13.7722],[143.6416,-13.7681],[143.636,-13.7743],[143.6421,-13.7722]]],[[[144.2538,-14.0719],[144.2581,-14.0735],[144.2563,-14.0709],[144.2538,-14.0719]]],[[[144.2495,-14.2111],[144.2529,-14.2108],[144.2511,-14.2088],[144.2495,-14.2111]]],[[[144.3556,-14.2523],[144.3519,-14.2536],[144.3518,-14.2559],[144.3556,-14.2523]]],[[[143.7918,-14.2264],[143.7957,-14.2261],[143.7955,-14.2239],[143.7918,-14.2264]]],[[[144.648,-14.3447],[144.6502,-14.3452],[144.6464,-14.3422],[144.648,-14.3447]]],[[[143.8334,-13.9089],[143.8361,-13.9118],[143.8352,-13.9085],[143.8334,-13.9089]]],[[[144.2563,-14.0752],[144.2538,-14.0766],[144.2565,-14.0782],[144.2563,-14.0752]]],[[[144.0058,-14.1261],[144.0069,-14.1234],[144.005,-14.1244],[144.0058,-14.1261]]],[[[144.3572,-14.2738],[144.3586,-14.2721],[144.357,-14.2705],[144.3572,-14.2738]]],[[[144.6531,-14.3471],[144.6523,-14.3446],[144.6511,-14.3448],[144.6531,-14.3471]]],[[[144.8813,-14.1987],[144.8848,-14.198],[144.8818,-14.1977],[144.8813,-14.1987]]],[[[144.5764,-14.2333],[144.578,-14.2314],[144.5763,-14.2319],[144.5764,-14.2333]]],[[[144.85,-14.3195],[144.8521,-14.3188],[144.8489,-14.3188],[144.85,-14.3195]]],[[[143.8358,-13.957],[143.8369,-13.956],[143.8353,-13.956],[143.8358,-13.957]]],[[[144.4831,-14.151],[144.4835,-14.1517],[144.4839,-14.1502],[144.4831,-14.151]]],[[[144.5371,-14.1844],[144.5378,-14.1843],[144.5374,-14.183],[144.5371,-14.1844]]],[[[144.4874,-14.1648],[144.4879,-14.1639],[144.4867,-14.164],[144.4874,-14.1648]]],[[[144.5279,-14.1284],[144.5281,-14.128],[144.5267,-14.1269],[144.5279,-14.1284]]],[[[144.5132,-14.1228],[144.5143,-14.122],[144.5134,-14.1223],[144.5132,-14.1228]]],[[[144.4839,-14.1404],[144.4844,-14.14],[144.4839,-14.1396],[144.4839,-14.1404]]],[[[144.5408,-14.1833],[144.5414,-14.1824],[144.5407,-14.1824],[144.5408,-14.1833]]],[[[144.526,-14.1293],[144.5259,-14.1287],[144.5253,-14.1289],[144.526,-14.1293]]],[[[144.2436,-14.2089],[144.2435,-14.2083],[144.2431,-14.2084],[144.2436,-14.2089]]],[[[144.4856,-14.15],[144.4858,-14.1496],[144.4855,-14.1493],[144.4856,-14.15]]],[[[144.4866,-14.1655],[144.487,-14.1653],[144.4866,-14.1651],[144.4866,-14.1655]]],[[[145.1966,-14.7342],[145.2056,-14.7368],[145.2015,-14.7334],[145.1966,-14.7342]]],[[[145.1888,-14.7357],[145.1871,-14.7328],[145.1838,-14.7328],[145.1888,-14.7357]]],[[[145.2034,-14.7055],[145.206,-14.7044],[145.2018,-14.7031],[145.2034,-14.7055]]],[[[145.1924,-14.7146],[145.1946,-14.7132],[145.1931,-14.7129],[145.1924,-14.7146]]],[[[145.0853,-14.7368],[145.0838,-14.7361],[145.0833,-14.7367],[145.0853,-14.7368]]],[[[145.1998,-14.7206],[145.2012,-14.7215],[145.2026,-14.7211],[145.1998,-14.7206]]],[[[145.1789,-14.7304],[145.1794,-14.7289],[145.1786,-14.7292],[145.1789,-14.7304]]],[[[145.1013,-14.7315],[145.1007,-14.7312],[145.1001,-14.7321],[145.1013,-14.7315]]],[[[141.7162,-12.2336],[141.7509,-12.245],[141.7745,-12.2377],[141.803,-12.2522],[141.8147,-12.2392],[141.7782,-12.2212],[141.7162,-12.2336]]],[[[141.8461,-12.665],[141.8601,-12.6385],[141.8295,-12.6437],[141.8273,-12.6544],[141.8461,-12.665]]],[[[143.4094,-12.2865],[143.4073,-12.2925],[143.4159,-12.2908],[143.4094,-12.2865]]],[[[143.4166,-12.591],[143.4179,-12.5889],[143.4165,-12.5886],[143.4166,-12.591]]],[[[143.2255,-12.244],[143.2279,-12.245],[143.2278,-12.2435],[143.2255,-12.244]]]]},"properties":{"lga_code_2024":"32500","lga_name_2024":"Cook","state_name_2021":"Queensland"},"id":32500},{"type":"Feature","geometry":{"type":"Polygon","coordinates":[[[142.3743,-19.4002],[142.3963,-19.402],[142.3976,-19.3885],[142.6045,-19.403],[142.5921,-19.5466],[142.6096,-19.5478],[142.6007,-19.6355],[143.2497,-19.6899],[143.2593,-19.6814],[143.275,-19.6965],[143.3058,-19.6395],[143.3419,-19.6056],[143.3831,-19.6126],[143.3951,-19.5751],[143.4438,-19.566],[143.5132,-19.5053],[143.5077,-19.4839],[143.4831,-19.4837],[143.4512,-19.4474],[143.4522,-19.4185],[143.4178,-19.3282],[143.3781,-19.2882],[143.4056,-19.2494],[143.3861,-19.2005],[143.3676,-19.1834],[143.3258,-19.193],[143.3114,-19.1604],[143.2869,-19.1572],[143.2911,-19.1306],[143.2626,-19.0805],[143.2629,-19.0574],[143.2214,-19.0505],[143.2131,-19.0162],[143.1662,-18.99],[143.1414,-18.9359],[143.1018,-18.9205],[142.9723,-18.9314],[142.9159,-18.8845],[142.9098,-18.8535],[142.878,-18.8092],[142.9006,-18.7501],[142.892,-18.7201],[142.837,-18.6691],[142.8441,-18.6558],[142.833,-18.6387],[142.858,-18.6184],[142.8523,-18.5859],[142.8062,-18.5647],[142.7781,-18.5838],[142.7855,-18.5506],[142.7471,-18.5139],[142.6874,-18.5284],[142.6374,-18.525],[142.6479,-18.4992],[142.6342,-18.4585],[142.5847,-18.4319],[142.5537,-18.4312],[142.5142,-18.4042],[142.5235,-18.3539],[142.4858,-18.3186],[142.492,-18.2601],[142.4681,-18.2436],[142.4638,-18.2226],[142.6255,-18.0811],[142.474,-17.9137],[142.4983,-17.8935],[142.4824,-17.8756],[142.3823,-17.8714],[142.2442,-17.7129],[142.2652,-17.4939],[142.1784,-17.5662],[142.0578,-17.4343],[142.0123,-17.4712],[141.8977,-17.3308],[141.7853,-17.4224],[141.8367,-17.4825],[141.7256,-17.4695],[141.7287,-17.4329],[141.5764,-17.4204],[141.5727,-17.4584],[141.4217,-17.4438],[141.4066,-17.6099],[141.3822,-17.608],[141.3782,-17.6766],[141.4382,-17.6798],[141.433,-17.7493],[141.4041,-17.7633],[141.3169,-17.7367],[141.3044,-17.899],[141.4682,-17.9104],[141.4661,-17.939],[141.3931,-17.9348],[141.3952,-18.0571],[141.2817,-18.0467],[141.2838,-18.0232],[141.1999,-18.0154],[141.1916,-18.1194],[141.1444,-18.1134],[141.1318,-18.1232],[141.1431,-18.1568],[141.1379,-18.1889],[141.1811,-18.2134],[141.1868,-18.2501],[141.21,-18.2645],[141.2232,-18.3301],[141.2815,-18.3912],[141.281,-18.4175],[141.302,-18.4276],[141.299,-18.4965],[141.2836,-18.5187],[141.3003,-18.5633],[141.2908,-18.5686],[141.2987,-18.6114],[141.3699,-18.6255],[141.364,-18.6814],[141.692,-18.7136],[141.6681,-18.9697],[141.6362,-18.9671],[141.6201,-19.1146],[141.6089,-19.1134],[141.6212,-19.1489],[141.6916,-19.1564],[141.7155,-19.1791],[141.7617,-19.1919],[141.7717,-19.0782],[141.9311,-19.0897],[141.9415,-18.9785],[142.1267,-18.9934],[142.1291,-18.9695],[142.1766,-18.9722],[142.1594,-19.142],[142.346,-19.1469],[142.3478,-19.1188],[142.4008,-19.1226],[142.3743,-19.4002]]]},"properties":{"lga_code_2024":"32600","lga_name_2024":"Croydon","state_name_2021":"Queensland"},"id":32600},{"type":"Feature","geometry":{"type":"Polygon","coordinates":[[[137.9986,-23.5209],[137.9991,-25.9969],[140.9096,-25.9964],[140.9377,-25.716],[140.9209,-25.7146],[140.9226,-25.6826],[140.8967,-25.681],[140.9142,-25.5273],[140.8803,-25.466],[140.8414,-25.4875],[140.8245,-25.5253],[140.7738,-25.4731],[140.6763,-25.4645],[140.699,-25.2051],[140.8592,-25.2216],[140.879,-24.9926],[140.8024,-24.9862],[140.813,-24.8384],[140.8743,-24.842],[140.8834,-24.695],[140.8371,-24.6919],[140.8387,-24.6689],[141.2425,-24.686],[141.2389,-24.7251],[141.3611,-24.6291],[141.3755,-24.4829],[141.4301,-24.4835],[141.5231,-24.5836],[141.7311,-24.6367],[141.8134,-24.6185],[141.8787,-24.56],[141.9626,-24.5302],[141.9705,-24.52],[141.8635,-24.4031],[141.9647,-24.3109],[141.8058,-24.1548],[141.9193,-24.0574],[142.0238,-24.1677],[142.1005,-24.0952],[142.145,-23.7008],[141.9892,-23.6924],[141.9879,-23.7063],[141.6804,-23.6909],[141.6794,-23.7055],[141.531,-23.6894],[141.3926,-23.53],[141.377,-23.5276],[141.1551,-23.2908],[141.0314,-23.3838],[140.8294,-23.1702],[140.7596,-23.2232],[140.6626,-23.1567],[140.4132,-23.3462],[140.3419,-23.4183],[140.3556,-23.5258],[139.9379,-23.4872],[139.9362,-23.5771],[139.8625,-23.6297],[139.8926,-23.6936],[139.4637,-23.6713],[139.4758,-23.5208],[139.2954,-23.51],[139.339,-23.4739],[139.1749,-23.31],[139.1227,-23.3521],[139.0764,-23.3068],[138.8995,-23.4483],[138.9211,-23.4765],[138.8256,-23.5456],[138.6688,-23.5401],[138.5921,-23.4625],[138.4644,-23.5551],[137.9986,-23.5209]]]},"properties":{"lga_code_2024":"32750","lga_name_2024":"Diamantina","state_name_2021":"Queensland"},"id":32750},{"type":"Feature","geometry":{"type":"MultiPolygon","coordinates":[[[[138.8778,-18.0187],[138.9025,-17.5259],[138.8355,-17.521],[138.7379,-17.4709],[138.6005,-17.4693],[138.5859,-17.8752],[138.5769,-17.8826],[138.6001,-17.8992],[138.6754,-17.9029],[138.7156,-17.9286],[138.8297,-17.9454],[138.8575,-17.9732],[138.851,-18.0032],[138.8778,-18.0187]]],[[[138.8751,-16.8754],[138.8705,-16.9389],[139.08,-17.0906],[139.086,-17.0115],[139.1096,-17.0093],[139.0432,-16.9502],[139.0387,-16.9124],[138.9974,-16.8913],[138.916,-16.876],[138.8838,-16.8848],[138.8751,-16.8754]]]]},"properties":{"lga_code_2024":"32770","lga_name_2024":"Doomadgee","state_name_2021":"Queensland"},"id":32770},{"type":"Feature","geometry":{"type":"MultiPolygon","coordinates":[[[[145.021,-16.2209],[145.0544,-16.2408],[145.061,-16.264],[145.0963,-16.2645],[145.1336,-16.2863],[145.1403,-16.3466],[145.159,-16.3491],[145.1904,-16.394],[145.214,-16.3999],[145.2088,-16.42],[145.2404,-16.4456],[145.2429,-16.4643],[145.2697,-16.4665],[145.2584,-16.4846],[145.2957,-16.5368],[145.3093,-16.5311],[145.3258,-16.5518],[145.3546,-16.5564],[145.3736,-16.5191],[145.4041,-16.5123],[145.4332,-16.552],[145.4319,-16.5695],[145.4456,-16.5754],[145.4486,-16.6045],[145.4359,-16.6036],[145.4492,-16.6107],[145.4472,-16.6435],[145.4907,-16.645],[145.5299,-16.6234],[145.5179,-16.675],[145.6057,-16.7146],[145.6291,-16.7053],[145.5813,-16.6863],[145.565,-16.6432],[145.523,-16.6009],[145.47,-16.5144],[145.4686,-16.4799],[145.4269,-16.4745],[145.4101,-16.4593],[145.4182,-16.3383],[145.4493,-16.2909],[145.4889,-16.2767],[145.4693,-16.2109],[145.4449,-16.2009],[145.4423,-16.1863],[145.4769,-16.0761],[145.4507,-16.0093],[145.4043,-15.9403],[145.3612,-15.9221],[145.3362,-15.9506],[145.3217,-15.9436],[145.3203,-15.9569],[145.3378,-15.9477],[145.3424,-15.9602],[145.2924,-15.9948],[145.2875,-15.9809],[145.3171,-15.961],[145.3204,-15.9315],[145.2925,-15.9287],[145.2827,-15.903],[145.2551,-15.933],[145.2463,-15.9175],[145.2019,-15.9348],[145.1611,-15.9234],[145.1403,-15.9304],[145.1358,-15.9534],[145.1049,-15.9462],[145.0741,-15.966],[145.0704,-16.0239],[145.0914,-16.047],[145.0848,-16.1182],[145.0448,-16.1628],[145.0089,-16.1462],[144.9875,-16.1613],[144.9872,-16.1912],[145.0159,-16.2032],[145.021,-16.2209]]],[[[145.4947,-16.2943],[145.5071,-16.304],[145.4995,-16.2929],[145.4947,-16.2943]]],[[[145.5701,-16.39],[145.5717,-16.3872],[145.5687,-16.3844],[145.5701,-16.39]]],[[[145.5584,-16.3835],[145.5621,-16.3841],[145.5628,-16.3817],[145.5584,-16.3835]]],[[[145.5676,-16.3833],[145.5666,-16.382],[145.5662,-16.3824],[145.5676,-16.3833]]],[[[145.4475,-16.1708],[145.4484,-16.1706],[145.4479,-16.1698],[145.4475,-16.1708]]]]},"properties":{"lga_code_2024":"32810","lga_name_2024":"Douglas","state_name_2021":"Queensland"},"id":32810},{"type":"Feature","geometry":{"type":"Polygon","coordinates":[[[142.8779,-23.7021],[142.95,-23.7079],[142.9341,-23.8672],[143.069,-23.8785],[143.0401,-24.1344],[143.1038,-24.1382],[143.1002,-24.2682],[143.298,-24.278],[143.347,-24.2258],[143.3429,-24.1967],[143.3616,-24.1726],[143.3746,-24.1204],[143.4595,-24.1305],[143.463,-24.1013],[143.6367,-24.1182],[143.6302,-24.1756],[143.7442,-24.1865],[143.7311,-24.2964],[143.7026,-24.3513],[143.6936,-24.4405],[143.758,-24.4364],[143.7696,-24.446],[143.757,-24.5469],[143.7203,-24.5082],[143.5354,-24.6423],[143.6061,-24.7324],[143.5703,-24.738],[143.5146,-24.7777],[143.5135,-24.7902],[143.4298,-24.8619],[143.5592,-25.0118],[143.579,-24.9907],[143.5751,-24.9747],[143.6103,-24.9532],[143.6642,-25.0165],[143.6951,-25.0093],[143.7434,-24.9282],[143.8209,-24.8649],[143.8795,-24.8388],[143.8946,-24.8029],[143.9284,-24.8414],[143.9446,-24.8294],[143.9659,-24.8454],[144.15,-25.0605],[144.1821,-25.0367],[144.2533,-25.1169],[144.196,-25.1654],[144.2318,-25.2308],[144.225,-25.2555],[144.2535,-25.2095],[144.3812,-25.1136],[144.3987,-25.1324],[144.4617,-25.0323],[144.4818,-25.0782],[144.6275,-24.9675],[144.6518,-24.6625],[144.6853,-24.649],[144.6873,-24.6359],[144.6556,-24.6328],[144.7006,-24.2099],[144.7892,-24.2201],[144.8035,-24.0672],[144.8834,-24.0069],[144.7952,-23.9986],[144.8041,-23.9378],[144.7877,-23.9366],[144.8256,-23.697],[144.7755,-23.6913],[144.7952,-23.5192],[144.8694,-23.5242],[144.8809,-23.4486],[144.8616,-23.4465],[144.8708,-23.3635],[144.8842,-23.3463],[144.9094,-23.3488],[144.9255,-23.2186],[144.8928,-23.2148],[144.9046,-23.1147],[144.8524,-23.1089],[144.8644,-23.0069],[144.475,-22.9624],[144.4777,-22.9108],[144.5117,-22.8682],[144.5207,-22.8248],[144.5712,-22.7824],[144.5926,-22.6948],[144.5484,-22.6861],[144.556,-22.6641],[144.5002,-22.6592],[144.5034,-22.6073],[144.4756,-22.6057],[144.4738,-22.6245],[144.2432,-22.6003],[144.2403,-22.6318],[144.1683,-22.6239],[144.1762,-22.5947],[143.9586,-22.5789],[143.9407,-22.5925],[143.905,-22.5473],[143.8876,-22.4966],[143.7761,-22.564],[143.631,-22.5316],[143.6141,-22.5387],[143.6317,-22.5576],[143.4797,-22.6718],[143.4001,-22.6703],[143.3974,-22.7286],[143.2995,-22.7235],[143.2988,-22.7548],[143.2536,-22.7993],[143.2393,-22.8953],[143.1082,-22.9975],[143.0064,-22.9894],[142.9795,-23.1368],[143.0696,-23.239],[142.9463,-23.3344],[142.9227,-23.3096],[142.8992,-23.3384],[142.9063,-23.3515],[142.8515,-23.3473],[142.8355,-23.4926],[142.8495,-23.4938],[142.8472,-23.5087],[142.8283,-23.5096],[142.8087,-23.6371],[142.8867,-23.6486],[142.8779,-23.7021]]]},"properties":{"lga_code_2024":"34710","lga_name_2024":"Longreach","state_name_2021":"Queensland"},"id":34710},{"type":"Feature","geometry":{"type":"MultiPolygon","coordinates":[[[[148.6693,-20.571],[148.6393,-20.5494],[148.6068,-20.5677],[148.5907,-20.6005],[148.5562,-20.5804],[148.5704,-20.6242],[148.5268,-20.6538],[148.4911,-20.6217],[148.481,-20.6981],[148.4483,-20.7011],[148.4479,-20.7358],[148.457,-20.7371],[148.3611,-20.8074],[148.3013,-20.8007],[148.303,-20.7872],[148.1654,-20.7711],[148.1513,-20.8487],[148.2273,-20.9274],[148.2374,-20.9539],[148.2258,-20.9827],[148.2739,-21.0474],[148.2968,-21.056],[148.3066,-21.0917],[148.3287,-21.1144],[148.2921,-21.1517],[148.3121,-21.1671],[148.308,-21.222],[148.3472,-21.2573],[148.3705,-21.2574],[148.3873,-21.28],[148.4081,-21.2792],[148.4289,-21.2991],[148.4703,-21.2739],[148.5174,-21.3099],[148.5564,-21.3706],[148.6086,-21.3642],[148.6163,-21.3787],[148.6355,-21.3655],[148.6727,-21.3662],[148.6863,-21.3768],[148.7002,-21.3439],[148.7629,-21.3948],[148.7848,-21.3863],[148.9022,-21.4053],[148.914,-21.3791],[148.9507,-21.3854],[148.9719,-21.3681],[149.0341,-21.3542],[149.0759,-21.3906],[149.0929,-21.4472],[149.0864,-21.4904],[149.048,-21.546],[149.0581,-21.5539],[149.0493,-21.6236],[149.0392,-21.6386],[149.0262,-21.6269],[149.0109,-21.6364],[149.0189,-21.6606],[148.9984,-21.6799],[148.9941,-21.7192],[149.0268,-21.742],[149.0361,-21.7713],[149.0595,-21.7636],[149.0658,-21.7329],[149.1337,-21.744],[149.1742,-21.7708],[149.2202,-21.7384],[149.2234,-21.7483],[149.2632,-21.7403],[149.2859,-21.7016],[149.3549,-21.6782],[149.3616,-21.6494],[149.3833,-21.6496],[149.3848,-21.6248],[149.4404,-21.6313],[149.4862,-21.5707],[149.4846,-21.5317],[149.4682,-21.5349],[149.4577,-21.5531],[149.4724,-21.5596],[149.4574,-21.5558],[149.465,-21.5612],[149.4533,-21.5627],[149.4434,-21.5934],[149.4497,-21.5782],[149.422,-21.5751],[149.4442,-21.5776],[149.4378,-21.5538],[149.4142,-21.5463],[149.4004,-21.5604],[149.399,-21.5406],[149.3736,-21.5351],[149.3958,-21.4931],[149.3501,-21.5094],[149.3571,-21.4962],[149.3396,-21.4746],[149.3092,-21.4967],[149.3269,-21.5051],[149.2904,-21.5038],[149.2743,-21.4777],[149.2985,-21.4708],[149.2891,-21.4631],[149.2983,-21.4264],[149.3382,-21.4269],[149.3313,-21.4103],[149.2954,-21.4157],[149.2764,-21.4007],[149.2762,-21.3891],[149.3022,-21.4],[149.3173,-21.3927],[149.3151,-21.3545],[149.2912,-21.318],[149.2987,-21.2733],[149.274,-21.2776],[149.2559,-21.2447],[149.1902,-21.2954],[149.2017,-21.2777],[149.1807,-21.2868],[149.1799,-21.2779],[149.2141,-21.2415],[149.202,-21.2131],[149.1902,-21.2164],[149.1742,-21.1983],[149.196,-21.211],[149.1998,-21.159],[149.2152,-21.1454],[149.1726,-21.1341],[149.1526,-21.1456],[149.1635,-21.132],[149.2001,-21.1373],[149.1969,-21.1256],[149.2228,-21.1477],[149.2354,-21.1061],[149.2261,-21.1011],[149.227,-21.0628],[149.2056,-21.0768],[149.1867,-21.0341],[149.1707,-21.0422],[149.1581,-21.0003],[149.1155,-21.0024],[149.0888,-20.9757],[149.0174,-20.9934],[149.0205,-20.9584],[149.0316,-20.9582],[149.0142,-20.9358],[149.0283,-20.924],[149.0607,-20.9282],[149.0466,-20.9209],[149.0461,-20.903],[149.029,-20.8977],[149.0054,-20.9123],[148.9954,-20.8922],[148.971,-20.9004],[148.9512,-20.8756],[148.9151,-20.892],[148.8902,-20.8779],[148.8848,-20.8488],[148.8775,-20.8752],[148.8446,-20.8756],[148.8493,-20.8455],[148.8389,-20.8245],[148.7951,-20.8125],[148.8184,-20.802],[148.8147,-20.791],[148.8408,-20.7911],[148.8297,-20.7766],[148.7808,-20.7625],[148.7779,-20.7321],[148.7308,-20.7167],[148.7326,-20.6885],[148.7063,-20.6707],[148.7309,-20.6446],[148.7272,-20.633],[148.7132,-20.6435],[148.6965,-20.6368],[148.6903,-20.5991],[148.662,-20.5858],[148.6693,-20.571]]],[[[149.0046,-20.4248],[149.0082,-20.4267],[149.0075,-20.4221],[149.0046,-20.4248]]],[[[149.0351,-20.4267],[149.0366,-20.4235],[149.0266,-20.4212],[149.0351,-20.4267]]],[[[149.0164,-20.4204],[149.0167,-20.4192],[149.0159,-20.4192],[149.0164,-20.4204]]],[[[149.0341,-20.4038],[149.0264,-20.3928],[149.0243,-20.4013],[149.0341,-20.4038]]],[[[148.9595,-20.8684],[148.9595,-20.8668],[148.9588,-20.8671],[148.9595,-20.8684]]],[[[149.0627,-20.613],[149.0658,-20.6144],[149.0629,-20.6115],[149.0627,-20.613]]],[[[149.1125,-20.5919],[149.1121,-20.5828],[149.1095,-20.5819],[149.1125,-20.5919]]],[[[149.1262,-20.5488],[149.1271,-20.5456],[149.1261,-20.5473],[149.1262,-20.5488]]],[[[149.0867,-20.535],[149.0878,-20.5296],[149.0863,-20.5317],[149.0867,-20.535]]],[[[149.1122,-20.4926],[149.1102,-20.486],[149.1102,-20.4915],[149.1122,-20.4926]]],[[[149.133,-20.4678],[149.1207,-20.4694],[149.1323,-20.482],[149.133,-20.4678]]],[[[149.0324,-20.4742],[149.0371,-20.4662],[149.0329,-20.4685],[149.0324,-20.4742]]],[[[149.0825,-20.4327],[149.0922,-20.4181],[149.0854,-20.4206],[149.0825,-20.4327]]],[[[149.1016,-20.5496],[149.1244,-20.544],[149.1126,-20.5378],[149.1016,-20.5496]]],[[[149.0808,-20.5256],[149.0902,-20.5244],[149.0809,-20.515],[149.0808,-20.5256]]],[[[149.0889,-20.5067],[149.0896,-20.5056],[149.0883,-20.5058],[149.0889,-20.5067]]],[[[149.0617,-20.9212],[149.0588,-20.9205],[149.0589,-20.923],[149.0617,-20.9212]]],[[[149.0669,-20.526],[149.082,-20.4843],[149.0983,-20.4907],[149.0953,-20.4806],[149.1047,-20.4812],[149.0842,-20.4593],[149.0833,-20.435],[149.0654,-20.5021],[149.0365,-20.5037],[149.0436,-20.5222],[149.0652,-20.5162],[149.0669,-20.526]]],[[[149.0292,-20.4515],[149.034,-20.4602],[149.0646,-20.453],[149.0335,-20.4299],[149.0292,-20.4515]]],[[[149.1049,-20.4658],[149.1094,-20.461],[149.1036,-20.4624],[149.1049,-20.4658]]],[[[149.101,-20.4359],[149.1029,-20.4378],[149.1022,-20.4318],[149.101,-20.4359]],[[149.0729,-20.6423],[149.0552,-20.6184],[149.0889,-20.661],[149.0729,-20.6423]]],[[[149.0629,-20.6511],[149.0538,-20.6374],[149.0569,-20.6479],[149.0629,-20.6511]]],[[[148.7659,-20.6923],[148.7658,-20.6894],[148.7601,-20.6887],[148.7659,-20.6923]]],[[[148.7587,-20.6734],[148.7584,-20.6717],[148.7579,-20.673],[148.7587,-20.6734]]],[[[149.0974,-20.6815],[149.0972,-20.6794],[149.0966,-20.6811],[149.0974,-20.6815]]],[[[149.0721,-20.6255],[149.0729,-20.6253],[149.0723,-20.6243],[149.0721,-20.6255]]],[[[149.0703,-20.662],[149.0708,-20.661],[149.0703,-20.6605],[149.0703,-20.662]]],[[[148.9432,-20.6614],[148.9433,-20.6606],[148.9427,-20.6608],[148.9432,-20.6614]]],[[[148.897,-20.8516],[148.9153,-20.8536],[148.9024,-20.8268],[148.8906,-20.8311],[148.897,-20.8516]]],[[[148.9207,-20.856],[148.9277,-20.8521],[148.9178,-20.8473],[148.9207,-20.856]]],[[[148.9329,-20.8541],[148.9376,-20.8518],[148.9319,-20.8436],[148.9329,-20.8541]]],[[[148.9312,-20.8627],[148.9298,-20.8592],[148.924,-20.86],[148.9312,-20.8627]]],[[[148.9018,-20.865],[148.8975,-20.8665],[148.9,-20.8666],[148.9018,-20.865]]],[[[148.9582,-20.8723],[148.9608,-20.8708],[148.9607,-20.8688],[148.9582,-20.8723]]],[[[148.8765,-20.7967],[148.8803,-20.7983],[148.8785,-20.7959],[148.8765,-20.7967]]],[[[148.85,-20.7881],[148.8515,-20.786],[148.8482,-20.7865],[148.85,-20.7881]]],[[[148.8547,-20.7948],[148.8587,-20.7951],[148.8549,-20.7939],[148.8547,-20.7948]]],[[[148.871,-20.8053],[148.8734,-20.8037],[148.8716,-20.804],[148.871,-20.8053]]],[[[148.9427,-20.8638],[148.9444,-20.8624],[148.9439,-20.8614],[148.9427,-20.8638]]],[[[148.8557,-20.7832],[148.8562,-20.7826],[148.8545,-20.7821],[148.8557,-20.7832]]],[[[148.8406,-20.8235],[148.8418,-20.8228],[148.8399,-20.823],[148.8406,-20.8235]]],[[[148.94,-20.8625],[148.9404,-20.862],[148.9386,-20.8614],[148.94,-20.8625]]],[[[148.8458,-20.7925],[148.845,-20.7915],[148.8441,-20.792],[148.8458,-20.7925]]],[[[148.9374,-20.8602],[148.939,-20.8589],[148.9375,-20.8593],[148.9374,-20.8602]]],[[[149.4605,-21.4534],[149.4567,-21.4563],[149.4615,-21.4574],[149.4605,-21.4534]]],[[[149.7109,-21.4545],[149.7185,-21.4587],[149.7133,-21.4387],[149.7109,-21.4545]]],[[[149.494,-21.4224],[149.495,-21.4217],[149.4937,-21.4217],[149.494,-21.4224]]],[[[149.6839,-21.3282],[149.6941,-21.3282],[149.6942,-21.3131],[149.6679,-21.3016],[149.6839,-21.3282]]],[[[149.9324,-21.104],[149.9364,-21.1022],[149.9326,-21.1014],[149.9324,-21.104]]],[[[149.5454,-21.0305],[149.5484,-21.0313],[149.5457,-21.0281],[149.5454,-21.0305]]],[[[149.8952,-21.0173],[149.9113,-21.0186],[149.9038,-21.0029],[149.8952,-21.0173]]],[[[149.7896,-20.9893],[149.7802,-20.9834],[149.7717,-20.9855],[149.7896,-20.9893]]],[[[149.4058,-20.7688],[149.3903,-20.7739],[149.4116,-20.7745],[149.4058,-20.7688]]],[[[149.6157,-20.7792],[149.6264,-20.7734],[149.6227,-20.7608],[149.6157,-20.7792]]],[[[149.4733,-20.7476],[149.4837,-20.741],[149.4663,-20.7267],[149.4733,-20.7476]]],[[[149.5021,-21.6043],[149.5038,-21.6036],[149.5031,-21.602],[149.5021,-21.6043]]],[[[149.6574,-21.3727],[149.6602,-21.3705],[149.6566,-21.3707],[149.6574,-21.3727]]],[[[149.7334,-20.9482],[149.7343,-20.945],[149.7327,-20.9474],[149.7334,-20.9482]]],[[[149.6237,-20.857],[149.6035,-20.8465],[149.6057,-20.865],[149.5783,-20.8704],[149.6166,-20.8845],[149.6237,-20.857]]],[[[149.4881,-21.6],[149.4933,-21.605],[149.4986,-21.5978],[149.4881,-21.6]]],[[[149.3995,-21.4909],[149.4019,-21.4891],[149.4002,-21.4884],[149.3995,-21.4909]]],[[[149.3901,-21.4742],[149.3921,-21.4737],[149.3906,-21.4731],[149.3901,-21.4742]]],[[[149.4343,-20.9304],[149.4265,-20.9455],[149.4524,-20.9332],[149.4607,-20.9164],[149.4526,-20.9058],[149.4245,-20.9077],[149.4343,-20.9304]]],[[[149.3953,-20.9196],[149.423,-20.9251],[149.4142,-20.8969],[149.3859,-20.9041],[149.3953,-20.9196]]],[[[149.4649,-20.9306],[149.4675,-20.9372],[149.4696,-20.9282],[149.4649,-20.9306]]],[[[149.4756,-20.9306],[149.4748,-20.9267],[149.4737,-20.9298],[149.4756,-20.9306]]],[[[149.2698,-20.7572],[149.2701,-20.7553],[149.2695,-20.7557],[149.2698,-20.7572]]],[[[149.2318,-20.7325],[149.2328,-20.7316],[149.2316,-20.7306],[149.2318,-20.7325]]],[[[149.3035,-21.2934],[149.3032,-21.2921],[149.3025,-21.2927],[149.3035,-21.2934]]],[[[149.2684,-21.1746],[149.2661,-21.1701],[149.2629,-21.1742],[149.2684,-21.1746]]],[[[149.2467,-21.163],[149.2469,-21.1574],[149.2401,-21.1615],[149.2467,-21.163]]],[[[149.2452,-21.0966],[149.2455,-21.0963],[149.2441,-21.0962],[149.2452,-21.0966]]],[[[149.2672,-20.7932],[149.2673,-20.7921],[149.2665,-20.792],[149.2672,-20.7932]]],[[[149.2757,-20.7913],[149.3014,-20.7979],[149.2849,-20.7717],[149.2757,-20.7913]]],[[[149.2819,-20.8028],[149.2493,-20.8059],[149.2683,-20.8101],[149.2659,-20.8234],[149.2798,-20.8104],[149.2883,-20.8182],[149.2819,-20.8028]]],[[[149.1483,-20.9835],[149.152,-20.9773],[149.1481,-20.9765],[149.1483,-20.9835]]],[[[149.1618,-20.7546],[149.1632,-20.7501],[149.1586,-20.7495],[149.1618,-20.7546]]],[[[149.1476,-20.6857],[149.1385,-20.6947],[149.1565,-20.6744],[149.1667,-20.6833],[149.1626,-20.6641],[149.1511,-20.6629],[149.1476,-20.6857]]],[[[149.1858,-20.6874],[149.1939,-20.6716],[149.1807,-20.6664],[149.1725,-20.6723],[149.1858,-20.6874]]],[[[149.2012,-20.6858],[149.2052,-20.6985],[149.2091,-20.6906],[149.2012,-20.6858]]],[[[149.1419,-20.7032],[149.146,-20.7017],[149.1422,-20.6985],[149.1419,-20.7032]]],[[[149.1393,-20.677],[149.1404,-20.6726],[149.1385,-20.6735],[149.1393,-20.677]]],[[[149.1381,-20.7149],[149.1406,-20.7093],[149.1371,-20.7122],[149.1381,-20.7149]]],[[[149.1531,-20.6533],[149.1528,-20.6495],[149.1511,-20.6519],[149.1531,-20.6533]]],[[[149.2078,-20.7008],[149.2089,-20.7001],[149.2074,-20.6989],[149.2078,-20.7008]]],[[[149.1867,-20.6003],[149.187,-20.5995],[149.1846,-20.5986],[149.1867,-20.6003]]],[[[149.3222,-21.3239],[149.324,-21.3224],[149.3225,-21.3225],[149.3222,-21.3239]]]]},"properties":{"lga_code_2024":"34770","lga_name_2024":"Mackay","state_name_2021":"Queensland"},"id":34770},{"type":"Feature","geometry":{"type":"Polygon","coordinates":[[[141.3097,-21.9397],[141.4833,-21.9472],[141.5078,-21.7505],[141.5832,-21.756],[141.58,-21.7932],[141.7383,-21.807],[141.7405,-21.7917],[142.0487,-21.816],[142.0734,-21.5235],[142.0376,-21.5201],[142.0803,-21.4883],[142.0917,-21.3826],[142.064,-21.3801],[142.1376,-21.3237],[142.0472,-21.2246],[142.0576,-21.2168],[142.2498,-21.2362],[142.2553,-21.1697],[142.2224,-21.1674],[142.2377,-21.0142],[142.1991,-21.0108],[142.2031,-20.9875],[142.2919,-20.9949],[142.3019,-20.8842],[142.3209,-20.8862],[142.331,-20.7941],[142.3549,-20.7964],[142.3634,-20.7199],[142.3099,-20.7147],[142.3391,-20.6656],[142.3445,-20.5712],[142.3618,-20.5689],[142.3807,-20.334],[142.3359,-20.3304],[142.3794,-19.8617],[142.3493,-19.8592],[142.376,-19.6],[142.6022,-19.6201],[142.6096,-19.5478],[142.5921,-19.5466],[142.6045,-19.403],[142.3976,-19.3885],[142.3963,-19.402],[142.1679,-19.3832],[142.1596,-19.4551],[142.0343,-19.4427],[142.0365,-19.422],[141.9047,-19.4105],[141.908,-19.3718],[141.8104,-19.3688],[141.753,-19.3048],[141.6921,-19.3573],[141.6816,-19.3283],[141.6416,-19.3069],[141.6103,-19.331],[141.4116,-19.3136],[141.4185,-19.2429],[141.0957,-19.1991],[141.1063,-19.1479],[140.9214,-19.1353],[140.9424,-19.1496],[140.9392,-19.1728],[140.9973,-19.2583],[140.9712,-19.2815],[140.984,-19.308],[140.975,-19.3294],[141.0063,-19.3934],[141.0011,-19.4089],[141.0193,-19.4347],[141.0303,-19.433],[141.0176,-19.4529],[141.0398,-19.4946],[141.0076,-19.5266],[141.0147,-19.5572],[140.9467,-19.5821],[140.9424,-19.6402],[140.7494,-19.629],[140.7502,-19.6588],[140.7394,-19.6669],[140.8215,-19.7088],[140.8184,-19.7593],[140.8863,-19.7639],[140.8749,-19.9284],[140.8993,-19.932],[140.7835,-20.0235],[140.8655,-20.123],[140.8999,-20.1111],[140.997,-20.2236],[140.9085,-20.2992],[141.0812,-20.3139],[141.059,-20.3457],[141.0589,-20.3681],[141.0177,-20.3868],[141.0136,-20.4296],[141.0401,-20.5434],[141.0828,-20.5903],[141.0778,-20.6452],[140.9601,-20.6348],[140.9496,-20.7429],[140.9254,-20.7584],[140.8998,-20.8162],[140.8657,-20.8306],[140.8314,-20.8737],[140.8393,-20.9021],[140.8295,-20.9155],[140.8494,-20.9564],[140.8282,-20.9891],[140.873,-20.9914],[140.8647,-21.0991],[140.8338,-21.0972],[140.805,-21.1945],[140.8088,-21.2201],[140.8824,-21.225],[140.876,-21.323],[140.8592,-21.3219],[140.8563,-21.3591],[140.8075,-21.3545],[140.8001,-21.4196],[140.8437,-21.427],[140.8647,-21.48],[140.9263,-21.5562],[140.9593,-21.6255],[140.9498,-21.6248],[140.9215,-21.6985],[140.9233,-21.7732],[140.8898,-21.8117],[140.865,-21.8097],[140.8605,-21.8691],[140.8811,-21.8723],[140.8548,-21.9345],[140.9126,-21.9383],[140.8824,-22.048],[140.9809,-22.0529],[140.9938,-21.8939],[141.0636,-21.9025],[141.0629,-21.9287],[141.3097,-21.9397]]]},"properties":{"lga_code_2024":"34800","lga_name_2024":"McKinlay","state_name_2021":"Queensland"},"id":34800},{"type":"Feature","geometry":{"type":"MultiPolygon","coordinates":[[[[141.7254,-12.2294],[141.7782,-12.2212],[141.8038,-12.2403],[141.8492,-12.2408],[141.8487,-12.1939],[141.9448,-12.1471],[141.9254,-12.1224],[141.9178,-12.0414],[141.8865,-11.985],[141.9082,-11.9543],[141.88,-11.9544],[141.8504,-11.9845],[141.7254,-12.2294]]],[[[142.1288,-12.3917],[142.22,-12.2784],[142.0755,-12.2791],[142.1116,-12.3002],[142.1039,-12.3456],[142.1288,-12.3917]]],[[[141.9245,-12.1681],[141.9611,-12.1804],[141.9676,-12.1526],[141.9493,-12.0857],[141.9683,-12.0658],[141.9862,-12.0592],[142.0041,-12.1281],[142.0059,-12.0931],[142.0219,-12.0806],[142.0464,-12.1125],[142.0426,-12.0634],[142.0709,-12.0401],[142.0649,-12.0073],[142.1036,-11.9834],[142.0438,-11.9876],[142.0235,-12.0752],[141.9544,-12.0458],[141.9285,-12.0923],[141.9489,-12.1499],[141.9245,-12.1681]]],[[[141.8935,-11.9999],[141.8947,-11.9987],[141.8931,-11.9986],[141.8935,-11.9999]]]]},"properties":{"lga_code_2024":"34830","lga_name_2024":"Mapoon","state_name_2021":"Queensland"},"id":34830},{"type":"Feature","geometry":{"type":"Polygon","coordinates":[[[147.0605,-27.5366],[147.0633,-27.5662],[147.1429,-27.575],[147.1085,-27.8178],[147.1178,-27.8573],[147.1097,-27.8959],[147.2061,-27.9071],[147.2086,-27.8925],[147.2862,-27.9026],[147.2919,-27.868],[147.4444,-27.8874],[147.4481,-27.831],[147.5609,-27.8447],[147.5827,-27.7062],[147.6367,-27.71],[147.6487,-27.6256],[147.7406,-27.6369],[147.7737,-27.6112],[147.9159,-27.6289],[147.9179,-27.5878],[148.0177,-27.5998],[148.0112,-27.6549],[148.0562,-27.6238],[148.0963,-27.6695],[148.182,-27.6117],[148.223,-27.6562],[148.246,-27.6402],[148.2844,-27.6833],[148.4147,-27.5972],[148.4591,-27.6224],[148.4845,-27.6054],[148.5911,-27.6251],[148.5844,-27.6755],[148.7394,-27.6932],[148.744,-27.6338],[148.7217,-27.6018],[148.7248,-27.5792],[148.8397,-27.577],[148.8352,-27.6147],[149.0028,-27.6332],[149.0317,-27.5814],[149.0416,-27.5824],[149.0564,-27.589],[149.0509,-27.6264],[149.19,-27.643],[149.185,-27.6761],[149.4271,-27.7025],[149.4242,-27.7507],[149.4956,-27.7539],[149.5079,-27.6792],[149.4655,-27.6737],[149.4965,-27.432],[149.4579,-27.3679],[149.502,-27.2939],[149.5934,-27.2221],[149.5567,-27.1914],[149.6792,-27.0747],[149.6423,-27.0748],[149.626,-27.0559],[149.6369,-27.0433],[149.6156,-27.0416],[149.6475,-27.0213],[149.6638,-27.0302],[149.6682,-27.0154],[149.5882,-26.8292],[149.6121,-26.8187],[149.5915,-26.8083],[149.6842,-26.7737],[149.6633,-26.7583],[149.676,-26.7263],[149.6712,-26.6683],[149.6967,-26.6438],[149.7019,-26.6109],[149.6672,-26.6063],[149.6702,-26.5879],[149.6964,-26.5912],[149.698,-26.551],[149.7075,-26.553],[149.7107,-26.5336],[149.6971,-26.5171],[149.7014,-26.4985],[149.7276,-26.4703],[149.6855,-26.4649],[149.7285,-26.4372],[149.7318,-26.4167],[149.7462,-26.4186],[149.7508,-26.39],[149.7732,-26.4011],[149.8216,-26.3799],[149.8316,-26.3175],[149.8165,-26.3029],[149.7183,-26.2911],[149.7086,-26.3124],[149.5694,-26.303],[149.5653,-26.3323],[149.505,-26.3358],[149.508,-26.3085],[149.4939,-26.3017],[149.5117,-26.2901],[149.4739,-26.2863],[149.4642,-26.3115],[149.4419,-26.3151],[149.4432,-26.3026],[149.3997,-26.2763],[149.378,-26.2952],[149.2973,-26.2823],[149.2727,-26.2994],[149.2164,-26.3037],[149.1841,-26.3217],[149.1554,-26.3084],[149.1661,-26.2842],[149.154,-26.2511],[149.1633,-26.1972],[149.1743,-26.163],[149.2203,-26.1158],[149.2181,-26.0535],[149.1353,-26.0444],[149.0944,-25.9404],[149.1083,-25.8732],[149.0283,-25.8045],[149.0314,-25.7697],[148.9612,-25.7898],[148.9447,-25.771],[148.9007,-25.7601],[148.9238,-25.7405],[148.9389,-25.6857],[148.9735,-25.7133],[149.0319,-25.6728],[149.0569,-25.6694],[149.0655,-25.6472],[149.049,-25.6417],[149.0613,-25.6279],[149.0457,-25.6239],[149.0346,-25.6419],[149.0381,-25.6293],[149.0127,-25.6124],[149.0258,-25.6111],[149.0197,-25.604],[148.9923,-25.6013],[148.9954,-25.6176],[148.9856,-25.6135],[148.9837,-25.5887],[149.0243,-25.5598],[148.938,-25.4586],[148.9004,-25.4725],[148.8334,-25.46],[148.7259,-25.4009],[148.7267,-25.3426],[148.7592,-25.3107],[148.7453,-25.2797],[148.6837,-25.2819],[148.6663,-25.3109],[148.6431,-25.2841],[148.5685,-25.2499],[148.473,-25.2454],[148.4122,-25.2601],[148.3262,-25.2103],[148.3056,-25.2123],[148.2959,-25.1649],[148.242,-25.1205],[148.2347,-25.1007],[148.206,-25.0792],[148.1606,-25.0842],[148.1164,-25.0228],[148.0958,-25.0165],[148.0561,-24.9137],[147.9951,-24.8995],[147.9732,-24.8815],[147.9519,-24.8832],[147.9223,-24.9205],[147.8952,-24.9184],[147.8986,-24.9404],[147.8793,-24.9402],[147.8339,-24.9726],[147.814,-24.9699],[147.7659,-25.0338],[147.7325,-25.0374],[147.6999,-25.0117],[147.6592,-25.0045],[147.6487,-25.0767],[147.6754,-25.0802],[147.6552,-25.2308],[147.5543,-25.2191],[147.5412,-25.3116],[147.3592,-25.2907],[147.3621,-25.3224],[147.3931,-25.3542],[147.3845,-25.3755],[147.3728,-25.3744],[147.3559,-25.5011],[147.3049,-25.4954],[147.2855,-25.6405],[147.1793,-25.6292],[147.1602,-25.7811],[147.2586,-25.792],[147.2758,-25.8358],[147.2816,-25.9156],[147.3515,-25.9286],[147.3992,-25.97],[147.4547,-25.9804],[147.4418,-26.0133],[147.4514,-26.0813],[147.4441,-26.1342],[147.4073,-26.1435],[147.3827,-26.1337],[147.3593,-26.1556],[147.3709,-26.183],[147.3558,-26.2388],[147.3791,-26.2414],[147.3733,-26.2869],[147.3438,-26.2829],[147.305,-26.5276],[147.231,-26.5192],[147.2163,-26.5278],[147.2099,-26.5738],[147.2426,-26.5775],[147.2491,-26.5952],[147.2214,-26.7431],[147.2058,-26.9675],[147.0643,-26.9564],[147.0492,-27.0112],[147.0301,-27.0923],[147.0966,-27.0997],[147.0447,-27.3938],[147.0399,-27.4753],[147.0527,-27.4761],[147.0605,-27.5366]]]},"properties":{"lga_code_2024":"34860","lga_name_2024":"Maranoa","state_name_2021":"Queensland"},"id":34860},{"type":"Feature","geometry":{"type":"Polygon","coordinates":[[[142.2672,-17.4922],[142.2844,-17.4999],[142.3061,-17.4885],[142.3678,-17.5076],[142.4199,-17.6025],[142.5099,-17.6622],[142.5934,-17.6427],[142.6474,-17.6511],[142.677,-17.6359],[142.7926,-17.6475],[142.9716,-17.5838],[142.9806,-17.545],[143.0069,-17.5501],[143.0191,-17.5372],[143.0551,-17.5559],[143.0733,-17.5439],[143.1092,-17.5648],[143.1721,-17.5605],[143.2051,-17.5529],[143.2135,-17.5166],[143.255,-17.5128],[143.2982,-17.5296],[143.3286,-17.5238],[143.3421,-17.5538],[143.3815,-17.5506],[143.4575,-17.6116],[143.4977,-17.6243],[143.5235,-17.6555],[143.5731,-17.647],[143.5893,-17.6155],[143.6422,-17.6422],[143.6785,-17.6101],[143.6899,-17.6329],[143.7313,-17.6545],[143.7602,-17.6386],[143.8333,-17.6702],[143.9764,-17.6808],[143.9706,-17.756],[144.1425,-17.9544],[144.31,-17.9686],[144.3219,-17.9472],[144.3416,-17.9453],[144.3613,-17.9737],[144.3954,-17.9851],[144.4559,-18.0553],[144.4718,-18.0121],[144.5036,-18.0377],[144.6036,-18.0469],[144.7221,-18.1595],[144.752,-18.2161],[144.7623,-18.1295],[144.8037,-18.1096],[144.8137,-18.1461],[144.8576,-18.1267],[144.8637,-18.1129],[144.8766,-18.0299],[144.8558,-17.9802],[144.8766,-17.9551],[144.868,-17.901],[144.8807,-17.8648],[144.9068,-17.8654],[144.8946,-17.8363],[144.916,-17.8159],[144.9144,-17.797],[144.9384,-17.7881],[144.9661,-17.7444],[144.9511,-17.7193],[144.9748,-17.6875],[144.9734,-17.6441],[144.9944,-17.6065],[145.0212,-17.616],[145.0483,-17.601],[145.0581,-17.5662],[145.1279,-17.535],[145.1554,-17.5386],[145.1841,-17.5148],[145.2243,-17.5286],[145.2295,-17.465],[145.2499,-17.4459],[145.2586,-17.413],[145.3055,-17.411],[145.3105,-17.3898],[145.3589,-17.3845],[145.36,-17.3665],[145.4181,-17.3344],[145.4211,-17.3092],[145.4372,-17.3018],[145.4075,-17.2122],[145.4137,-17.1536],[145.3816,-17.1354],[145.383,-17.1082],[145.3953,-17.0893],[145.4127,-17.0905],[145.4117,-17.1018],[145.4355,-17.1038],[145.4269,-17.1212],[145.4427,-17.1294],[145.443,-17.1496],[145.4544,-17.1507],[145.4582,-17.1364],[145.481,-17.1386],[145.5132,-17.1698],[145.5302,-17.1438],[145.5742,-17.1321],[145.5695,-17.106],[145.5798,-17.0934],[145.623,-17.089],[145.6332,-17.0753],[145.6162,-17.0685],[145.615,-17.049],[145.6397,-17.0219],[145.6303,-17.0046],[145.6548,-16.9747],[145.65,-16.9444],[145.6736,-16.8941],[145.6511,-16.8806],[145.6662,-16.8666],[145.6439,-16.853],[145.6686,-16.8472],[145.6659,-16.8198],[145.6476,-16.7423],[145.6313,-16.7247],[145.5179,-16.675],[145.5304,-16.6238],[145.4907,-16.645],[145.4472,-16.6435],[145.4492,-16.6107],[145.4359,-16.6036],[145.4486,-16.6045],[145.4456,-16.5754],[145.4319,-16.5695],[145.4332,-16.552],[145.4041,-16.5123],[145.3736,-16.5191],[145.3546,-16.5564],[145.3258,-16.5518],[145.3093,-16.5311],[145.2957,-16.5368],[145.2584,-16.4846],[145.2697,-16.4665],[145.2429,-16.4643],[145.2404,-16.4456],[145.2088,-16.42],[145.214,-16.3999],[145.1904,-16.394],[145.159,-16.3491],[145.1403,-16.3466],[145.1336,-16.2863],[145.0963,-16.2645],[145.061,-16.264],[145.0544,-16.2408],[145.021,-16.2209],[144.9758,-16.2796],[144.9923,-16.3165],[144.9607,-16.3389],[144.9385,-16.3453],[144.9168,-16.335],[144.8911,-16.35],[144.8775,-16.3266],[144.8393,-16.3645],[144.819,-16.3564],[144.7714,-16.2939],[144.7617,-16.2625],[144.7172,-16.2513],[144.695,-16.27],[144.691,-16.3212],[144.6788,-16.3326],[144.6202,-16.319],[144.5757,-16.2897],[144.5146,-16.3091],[144.5251,-16.3404],[144.5093,-16.3537],[144.4507,-16.3315],[144.4152,-16.3499],[144.3868,-16.3132],[144.3445,-16.2858],[144.3175,-16.3308],[144.2928,-16.3377],[144.2764,-16.3233],[144.2472,-16.3438],[144.2262,-16.3188],[144.2183,-16.2743],[144.1951,-16.2619],[144.185,-16.2706],[144.1604,-16.2478],[144.1359,-16.1853],[144.1209,-16.1828],[144.1178,-16.1419],[144.106,-16.1449],[144.0973,-16.1303],[144.0435,-16.1475],[143.9501,-16.1085],[143.9149,-16.1364],[143.874,-16.1061],[143.8513,-16.1372],[143.8317,-16.1324],[143.8028,-16.1576],[143.7581,-16.1653],[143.7223,-16.152],[143.7124,-16.1334],[143.6574,-16.118],[143.6384,-16.0765],[143.5596,-16.0792],[143.528,-16.0943],[143.4654,-16.0686],[143.4694,-16.0555],[143.4309,-16.0447],[143.4121,-16.0558],[143.3902,-16.0425],[143.2231,-16.1075],[143.1843,-16.0964],[143.0427,-16.113],[143.0207,-16.0919],[142.9557,-16.0766],[142.8744,-16.0865],[142.7722,-16.0746],[142.7306,-16.0895],[142.7109,-16.0794],[142.7422,-16.112],[142.699,-16.1732],[142.6372,-16.1324],[142.5961,-16.1907],[142.508,-16.9722],[142.4214,-17.0874],[142.513,-17.1705],[142.5407,-17.1755],[142.4016,-17.3553],[142.3406,-17.2862],[142.1744,-17.4332],[142.2259,-17.4458],[142.2672,-17.4922]]]},"properties":{"lga_code_2024":"34880","lga_name_2024":"Mareeba","state_name_2021":"Queensland"},"id":34880},{"type":"Feature","geometry":{"type":"MultiPolygon","coordinates":[[[[153.0428,-26.9695],[153.0185,-26.9664],[153.0169,-26.9791],[152.9756,-26.9847],[152.975,-26.9744],[152.9173,-26.9547],[152.858,-26.9562],[152.8754,-26.9135],[152.8553,-26.9019],[152.8695,-26.8729],[152.854,-26.8559],[152.8321,-26.8564],[152.8125,-26.8281],[152.7919,-26.8273],[152.7765,-26.7955],[152.7531,-26.7974],[152.7486,-26.8164],[152.6792,-26.7999],[152.6785,-26.8304],[152.6665,-26.8395],[152.6899,-26.8915],[152.6674,-26.8962],[152.6608,-26.9099],[152.6874,-26.9137],[152.6513,-26.9553],[152.6677,-26.9591],[152.6648,-26.9691],[152.6852,-26.9657],[152.6834,-26.9928],[152.7035,-27.0248],[152.6891,-27.0483],[152.6952,-27.059],[152.6777,-27.057],[152.6871,-27.0824],[152.6765,-27.09],[152.7345,-27.1023],[152.7281,-27.1219],[152.7393,-27.1509],[152.7017,-27.2026],[152.7022,-27.2264],[152.6812,-27.2627],[152.7049,-27.2773],[152.7043,-27.2928],[152.7536,-27.295],[152.7488,-27.3323],[152.7719,-27.3432],[152.76,-27.3639],[152.7755,-27.4017],[152.8021,-27.3987],[152.8611,-27.4224],[152.8972,-27.4173],[152.9169,-27.3942],[152.9488,-27.4087],[152.9763,-27.4015],[152.9885,-27.3576],[152.9789,-27.3467],[153.0025,-27.3196],[152.9973,-27.3021],[153.014,-27.3022],[153.0158,-27.2875],[153.0342,-27.2982],[153.0384,-27.2811],[153.0662,-27.2813],[153.0786,-27.2645],[153.054,-27.23],[153.0757,-27.228],[153.0684,-27.2471],[153.0775,-27.2626],[153.108,-27.2615],[153.1148,-27.1914],[153.0874,-27.206],[153.0377,-27.1968],[153.0295,-27.179],[153.0667,-27.111],[153.1442,-27.0756],[153.0989,-27.064],[153.1114,-27.0626],[153.0967,-27.0533],[153.1126,-27.0542],[153.1026,-27.0351],[153.0837,-27.0262],[153.0632,-26.9961],[153.0682,-26.9854],[153.0428,-26.9695]]],[[[153.0743,-27.0009],[153.076,-27.0005],[153.0747,-26.9996],[153.0743,-27.0009]]],[[[153.1448,-27.0763],[153.1456,-27.0765],[153.1451,-27.0758],[153.1448,-27.0763]]],[[[153.0855,-27.0074],[153.0787,-27.0019],[153.0779,-27.01],[153.0855,-27.0074]]],[[[153.1047,-27.0365],[153.1083,-27.0389],[153.107,-27.0365],[153.1047,-27.0365]]],[[[153.1053,-27.065],[153.108,-27.0655],[153.1095,-27.0645],[153.1053,-27.065]]],[[[153.087,-26.9519],[153.0771,-26.9794],[153.0992,-27.0144],[153.1326,-27.0363],[153.1657,-27.0994],[153.1977,-27.0963],[153.2063,-27.0727],[153.1471,-26.9373],[153.087,-26.9519]]]]},"properties":{"lga_code_2024":"35010","lga_name_2024":"Moreton Bay","state_name_2021":"Queensland"},"id":35010},{"type":"Feature","geometry":{"type":"MultiPolygon","coordinates":[[[[139.195,-16.6619],[139.1998,-16.7077],[139.2212,-16.712],[139.2293,-16.7327],[139.3131,-16.7302],[139.3506,-16.689],[139.3739,-16.6863],[139.3759,-16.642],[139.402,-16.6404],[139.4174,-16.6724],[139.4513,-16.6663],[139.4391,-16.6307],[139.4653,-16.6291],[139.4712,-16.5881],[139.4553,-16.5803],[139.4731,-16.5832],[139.4674,-16.5686],[139.4531,-16.5695],[139.4837,-16.556],[139.5063,-16.5779],[139.5143,-16.5452],[139.4856,-16.5421],[139.475,-16.5262],[139.5068,-16.512],[139.5303,-16.5176],[139.5407,-16.4882],[139.5608,-16.4803],[139.5466,-16.4605],[139.5666,-16.4745],[139.558,-16.4927],[139.5783,-16.5027],[139.5941,-16.5553],[139.6572,-16.5194],[139.6816,-16.5204],[139.6879,-16.5358],[139.7115,-16.5322],[139.7016,-16.4863],[139.6764,-16.4506],[139.6502,-16.4495],[139.6053,-16.4035],[139.5509,-16.3908],[139.4654,-16.4461],[139.3071,-16.4622],[139.2412,-16.5053],[139.2413,-16.5191],[139.2179,-16.5362],[139.2114,-16.5694],[139.1605,-16.6098],[139.15,-16.6345],[139.1615,-16.6652],[139.195,-16.6619]]],[[[139.0614,-16.8893],[139.0462,-16.8853],[139.0768,-16.9051],[139.0614,-16.8893]]],[[[139.0665,-16.8685],[139.0631,-16.8606],[139.0589,-16.8769],[139.0665,-16.8685]]],[[[139.1206,-16.8594],[139.1194,-16.8594],[139.1211,-16.8617],[139.1206,-16.8594]]],[[[139.1371,-16.8046],[139.0939,-16.8134],[139.0947,-16.8431],[139.1133,-16.8494],[139.1284,-16.8261],[139.1505,-16.8243],[139.1371,-16.8046]]],[[[139.1345,-16.7912],[139.1355,-16.7899],[139.1341,-16.7905],[139.1345,-16.7912]]],[[[139.1397,-16.79],[139.1402,-16.7889],[139.1385,-16.7889],[139.1397,-16.79]]],[[[139.1513,-16.7844],[139.1555,-16.7739],[139.1528,-16.7757],[139.1513,-16.7844]]],[[[139.15,-16.7567],[139.1422,-16.7554],[139.1399,-16.7623],[139.15,-16.7567]]],[[[139.2548,-16.2304],[139.2526,-16.23],[139.2541,-16.2326],[139.2548,-16.2304]]],[[[139.6047,-17.1382],[139.6149,-17.1391],[139.6133,-17.1183],[139.6398,-17.0777],[139.6294,-17.0624],[139.6146,-17.1061],[139.5957,-17.112],[139.6047,-17.1382]]],[[[139.3861,-17.0719],[139.3651,-17.0697],[139.3918,-17.073],[139.3861,-17.0719]]],[[[139.1897,-16.9905],[139.2032,-16.9955],[139.2002,-16.9926],[139.1897,-16.9905]]],[[[139.362,-16.9557],[139.3648,-16.9569],[139.3636,-16.9527],[139.362,-16.9557]]],[[[139.8418,-16.7095],[139.8425,-16.7086],[139.8416,-16.7089],[139.8418,-16.7095]]],[[[139.8432,-16.7075],[139.8438,-16.7065],[139.8434,-16.7062],[139.8432,-16.7075]]],[[[139.8699,-16.6549],[139.8481,-16.6627],[139.8553,-16.6771],[139.8875,-16.6535],[139.875,-16.6449],[139.8699,-16.6549]]],[[[139.4721,-16.5623],[139.4695,-16.5653],[139.4735,-16.5673],[139.4721,-16.5623]]],[[[139.8069,-16.4968],[139.8136,-16.4913],[139.8028,-16.4868],[139.8069,-16.4968]]],[[[139.7729,-16.4402],[139.7733,-16.4396],[139.7712,-16.4397],[139.7729,-16.4402]]],[[[139.2794,-16.269],[139.2717,-16.2648],[139.2725,-16.2758],[139.2794,-16.269]]],[[[139.4847,-17.1184],[139.5187,-17.1232],[139.5227,-17.1028],[139.578,-17.0936],[139.5544,-17.0697],[139.5563,-17.0343],[139.4945,-16.9796],[139.5005,-17.0023],[139.4738,-17.0304],[139.4901,-17.0446],[139.4616,-17.0253],[139.4504,-17.0553],[139.4233,-17.0786],[139.3941,-17.083],[139.4112,-17.1222],[139.4346,-17.1395],[139.4299,-17.1043],[139.4797,-17.0944],[139.4808,-17.0846],[139.4723,-17.0962],[139.4847,-17.1184]]],[[[139.5495,-17.1292],[139.5598,-17.1139],[139.5522,-17.1145],[139.5495,-17.1292]]],[[[139.3787,-17.0304],[139.3812,-17.0299],[139.3829,-17.0247],[139.3787,-17.0304]]],[[[139.2321,-17.0241],[139.2073,-17.0033],[139.2147,-17.0364],[139.2657,-17.0583],[139.2321,-17.0241]]],[[[139.3704,-17.0005],[139.3709,-17.0044],[139.3757,-17.0071],[139.3704,-17.0005]]],[[[139.266,-16.9985],[139.2787,-16.9913],[139.2638,-16.9848],[139.266,-16.9985]]],[[[139.8288,-16.7034],[139.8402,-16.6986],[139.8317,-16.6971],[139.8288,-16.7034]]],[[[139.4756,-16.6049],[139.4699,-16.6049],[139.4777,-16.608],[139.4756,-16.6049]]],[[[139.7258,-16.4947],[139.7329,-16.5005],[139.731,-16.455],[139.7177,-16.4501],[139.7012,-16.4753],[139.7258,-16.4947]]],[[[139.2891,-16.7487],[139.2956,-16.7524],[139.289,-16.7432],[139.2891,-16.7487]]],[[[139.1639,-16.7448],[139.1669,-16.7481],[139.1629,-16.7406],[139.1639,-16.7448]]],[[[139.1826,-16.6984],[139.1886,-16.68],[139.1796,-16.6718],[139.146,-16.6919],[139.1414,-16.7541],[139.1623,-16.7489],[139.17,-16.7307],[139.1848,-16.7336],[139.174,-16.7284],[139.1886,-16.7193],[139.1826,-16.6984]]],[[[139.4561,-16.6735],[139.4384,-16.6945],[139.4458,-16.7064],[139.4777,-16.6795],[139.4676,-16.667],[139.4561,-16.6735]]],[[[139.4561,-16.6669],[139.4586,-16.6658],[139.4548,-16.6624],[139.4561,-16.6669]]],[[[139.4602,-16.6666],[139.459,-16.6689],[139.4602,-16.6684],[139.4602,-16.6666]]]]},"properties":{"lga_code_2024":"35250","lga_name_2024":"Mornington","state_name_2021":"Queensland"},"id":35250},{"type":"Feature","geometry":{"type":"Polygon","coordinates":[[[137.9971,-21.1943],[138.1598,-21.2036],[138.1781,-20.9983],[138.3424,-20.9984],[138.3156,-21.0211],[138.4196,-21.1293],[138.3642,-21.1767],[138.4901,-21.3131],[138.53,-21.315],[138.6849,-21.147],[138.7438,-21.1235],[139.041,-20.8645],[139.1289,-20.9602],[139.3966,-20.9677],[139.3955,-20.8929],[139.7234,-20.9058],[139.7434,-20.6666],[139.7986,-20.6705],[139.8004,-20.6317],[139.8945,-20.6348],[139.9091,-20.6231],[139.9089,-20.5906],[139.8834,-20.563],[139.8876,-20.5451],[139.8633,-20.4985],[139.8817,-20.4696],[139.8782,-20.436],[139.9497,-20.4664],[140.0024,-20.53],[140.0329,-20.5352],[140.0166,-20.5074],[140.0231,-20.4364],[140.013,-20.4211],[139.9435,-20.3956],[139.9542,-20.378],[139.9428,-20.3618],[139.9447,-20.299],[139.9817,-20.2651],[139.9836,-20.2331],[139.9707,-20.213],[139.9264,-20.2115],[139.858,-20.2323],[139.7333,-20.2331],[139.7416,-20.1989],[139.7317,-20.1849],[139.7803,-20.1885],[139.7936,-19.9735],[139.8041,-19.9738],[139.8061,-19.808],[139.7965,-19.7965],[139.7287,-19.7935],[139.726,-19.8479],[139.5142,-19.8233],[139.5327,-19.7246],[139.47,-19.7193],[139.4862,-19.4356],[139.5143,-19.4381],[139.516,-19.2919],[139.5414,-19.2937],[139.5508,-19.1667],[139.2048,-19.1394],[139.2086,-19.0845],[139.1771,-19.0747],[139.1579,-19.0408],[139.2238,-18.915],[139.1571,-18.8752],[139.0487,-18.9645],[138.9846,-18.9045],[139.0769,-18.8671],[138.9869,-18.7696],[138.9162,-18.8303],[138.7684,-18.6729],[138.7029,-18.734],[138.7342,-18.7513],[138.6856,-18.841],[138.6287,-18.8403],[138.6043,-18.8165],[138.5288,-18.882],[138.4747,-18.8251],[138.3127,-18.818],[138.3159,-18.7847],[138.1925,-18.7774],[138.2376,-18.1947],[137.9956,-18.1783],[137.9971,-21.1943]]]},"properties":{"lga_code_2024":"35300","lga_name_2024":"Mount Isa","state_name_2021":"Queensland"},"id":35300},{"type":"Feature","geometry":{"type":"Polygon","coordinates":[[[145.253,-27.0064],[145.2548,-27.0401],[145.5991,-27.0751],[145.6009,-27.0616],[145.6209,-27.0635],[145.6234,-27.0442],[145.7953,-27.0614],[145.807,-26.9758],[146.229,-27.0111],[146.2209,-27.082],[146.4612,-27.1048],[146.4529,-27.1745],[146.585,-27.1801],[146.605,-27.193],[146.5848,-27.3287],[146.6694,-27.3374],[146.64,-27.4907],[147.0455,-27.5437],[147.0605,-27.5366],[147.0527,-27.4761],[147.0399,-27.4753],[147.0447,-27.3938],[147.0966,-27.0997],[147.0301,-27.0923],[147.0492,-27.0112],[147.0643,-26.9564],[147.2058,-26.9675],[147.2214,-26.7431],[147.2491,-26.5952],[147.2426,-26.5775],[147.2099,-26.5738],[147.2163,-26.5278],[147.231,-26.5192],[147.305,-26.5276],[147.3438,-26.2829],[147.3733,-26.2869],[147.3791,-26.2414],[147.3558,-26.2388],[147.3709,-26.183],[147.3593,-26.1556],[147.3827,-26.1337],[147.4073,-26.1435],[147.4441,-26.1342],[147.4514,-26.0813],[147.4418,-26.0133],[147.4547,-25.9804],[147.3992,-25.97],[147.3515,-25.9286],[147.2816,-25.9156],[147.2758,-25.8358],[147.2586,-25.792],[147.1602,-25.7811],[147.1793,-25.6292],[147.2855,-25.6405],[147.3049,-25.4954],[147.3559,-25.5011],[147.3728,-25.3744],[147.3845,-25.3755],[147.3931,-25.3542],[147.3621,-25.3224],[147.3592,-25.2907],[147.5412,-25.3116],[147.5543,-25.2191],[147.6552,-25.2308],[147.6754,-25.0802],[147.6487,-25.0767],[147.6592,-25.0045],[147.6999,-25.0117],[147.7342,-25.0378],[147.7808,-25.0264],[147.814,-24.9699],[147.8339,-24.9726],[147.8793,-24.9402],[147.8986,-24.9404],[147.8952,-24.9184],[147.9223,-24.9205],[147.9543,-24.8889],[147.9158,-24.8461],[147.9196,-24.8248],[147.8542,-24.7796],[147.8244,-24.7351],[147.746,-24.7287],[147.6804,-24.7738],[147.6466,-24.7732],[147.647,-24.8],[147.5896,-24.8184],[147.5785,-24.836],[147.5605,-24.8343],[147.5583,-24.8192],[147.5187,-24.8302],[147.5083,-24.8207],[147.4836,-24.877],[147.3221,-24.8705],[147.2776,-24.9213],[147.2778,-24.9571],[147.2379,-24.9863],[147.1674,-24.9892],[147.1555,-24.9816],[147.159,-24.9653],[147.1354,-24.9585],[147.097,-25.0021],[147.0639,-24.9906],[147.0934,-25.0691],[147.0074,-25.0752],[147.0012,-25.1532],[146.9458,-25.148],[146.9385,-25.2097],[146.8986,-25.2078],[146.8795,-25.2209],[146.8438,-25.2791],[146.7372,-25.3578],[146.7582,-25.1882],[146.5754,-25.1743],[146.5656,-25.3085],[146.4957,-25.3039],[146.5098,-25.3351],[146.3657,-25.319],[146.3696,-25.2912],[146.2159,-25.2744],[146.2006,-25.3902],[146.2106,-25.3913],[146.2077,-25.4148],[146.1723,-25.5883],[145.9711,-25.569],[145.9765,-25.4876],[145.9386,-25.4876],[145.9348,-25.565],[145.968,-25.6355],[145.969,-25.7011],[145.9453,-25.7207],[145.746,-25.6918],[145.7492,-25.6158],[145.6739,-25.6086],[145.5841,-25.7547],[145.4926,-25.7463],[145.5028,-25.6174],[145.5279,-25.6239],[145.5383,-25.6035],[145.5498,-25.5096],[145.4623,-25.5036],[145.4231,-25.7918],[145.4128,-26.0232],[145.3737,-26.0186],[145.3552,-26.1603],[145.2998,-26.1545],[145.2828,-26.3027],[145.3302,-26.3046],[145.3099,-26.4602],[145.3586,-26.4655],[145.3392,-26.6103],[145.2848,-26.6364],[145.3303,-26.7023],[145.3209,-26.7552],[145.2738,-26.7513],[145.253,-27.0064]]]},"properties":{"lga_code_2024":"35600","lga_name_2024":"Murweh","state_name_2021":"Queensland"},"id":35600},{"type":"Feature","geometry":{"type":"MultiPolygon","coordinates":[[[[142.0694,-12.7874],[142.1088,-12.7407],[142.168,-12.7653],[142.1958,-12.6385],[142.5657,-12.6618],[142.5695,-12.6166],[142.4865,-12.4858],[142.468,-12.4986],[142.4426,-12.488],[142.4059,-12.5196],[142.3439,-12.4704],[142.3426,-12.4492],[142.3314,-12.4556],[142.3221,-12.4382],[142.3116,-12.4452],[142.3041,-12.405],[142.262,-12.3673],[142.2249,-12.3809],[142.1982,-12.3745],[142.1315,-12.4027],[142.1239,-12.3673],[142.1039,-12.3456],[142.1099,-12.297],[142.0755,-12.2791],[142.0406,-12.2793],[142.0413,-12.4984],[141.9965,-12.5726],[141.9671,-12.5704],[141.9632,-12.5332],[141.9515,-12.5535],[141.9221,-12.5572],[141.91,-12.5753],[141.941,-12.5607],[141.9566,-12.5856],[141.9932,-12.5869],[142.004,-12.6006],[142.0277,-12.5747],[142.0408,-12.5819],[142.0862,-12.5632],[142.1228,-12.5751],[142.1349,-12.561],[142.1719,-12.5629],[142.1934,-12.618],[142.0954,-12.6853],[141.964,-12.7111],[142.0005,-12.7755],[142.0139,-12.7384],[142.0501,-12.7425],[142.0694,-12.7874]]],[[[141.8469,-12.9428],[141.8701,-12.8736],[141.8271,-12.874],[141.801,-12.9138],[141.8469,-12.9428]]],[[[141.8982,-12.6067],[141.8972,-12.6175],[141.9056,-12.6111],[141.8982,-12.6067]]],[[[141.8995,-12.5909],[141.9028,-12.5895],[141.9036,-12.5849],[141.8995,-12.5909]]],[[[141.7531,-12.8314],[141.8007,-12.8359],[141.8032,-12.7474],[141.7531,-12.8314]]],[[[141.8938,-12.7662],[141.8919,-12.7303],[141.878,-12.7141],[141.8938,-12.7662]]],[[[141.8997,-12.6908],[141.8939,-12.6725],[141.8822,-12.6721],[141.8997,-12.6908]]],[[[141.9074,-12.7635],[141.9145,-12.7431],[141.906,-12.7541],[141.9074,-12.7635]]],[[[141.906,-12.7521],[141.9092,-12.7497],[141.9068,-12.7458],[141.906,-12.7521]]],[[[141.909,-12.6953],[141.9101,-12.6923],[141.9076,-12.6937],[141.909,-12.6953]]],[[[141.5914,-12.5641],[141.6573,-12.4417],[141.6828,-12.4552],[141.7298,-12.4411],[141.7763,-12.4664],[141.841,-12.3837],[141.8449,-12.3331],[141.7296,-12.3074],[141.7385,-12.2909],[141.8461,-12.3187],[141.8492,-12.2408],[141.8181,-12.2401],[141.803,-12.2522],[141.7745,-12.2377],[141.7509,-12.245],[141.7148,-12.2347],[141.6734,-12.3695],[141.5914,-12.5641]]],[[[141.702,-12.5196],[141.76,-12.5391],[141.7684,-12.5657],[141.8115,-12.5842],[141.8199,-12.6015],[141.8792,-12.5839],[141.8937,-12.5915],[141.8723,-12.5598],[141.8733,-12.5884],[141.8375,-12.5926],[141.7958,-12.5759],[141.7705,-12.5341],[141.7185,-12.4993],[141.7374,-12.4801],[141.7003,-12.4957],[141.6916,-12.5125],[141.702,-12.5196]]],[[[141.6428,-12.5742],[141.6868,-12.5612],[141.6981,-12.545],[141.6951,-12.5322],[141.6532,-12.5211],[141.6541,-12.4615],[141.6428,-12.5742]]],[[[141.6869,-12.4759],[141.733,-12.4681],[141.7169,-12.4585],[141.6869,-12.4759]]],[[[141.7396,-12.4721],[141.7445,-12.4774],[141.749,-12.4777],[141.7396,-12.4721]]]]},"properties":{"lga_code_2024":"35670","lga_name_2024":"Napranum","state_name_2021":"Queensland"},"id":35670},{"type":"Feature","geometry":{"type":"Polygon","coordinates":[[[153.0963,-26.1548],[152.9738,-26.1371],[152.9651,-26.1803],[152.9226,-26.1987],[152.9228,-26.2093],[152.8913,-26.2185],[152.8764,-26.2013],[152.853,-26.1985],[152.85,-26.2184],[152.8309,-26.2161],[152.7926,-26.3514],[152.7709,-26.3439],[152.763,-26.3749],[152.7707,-26.3726],[152.769,-26.3939],[152.7934,-26.4069],[152.7892,-26.4695],[152.8043,-26.4715],[152.8141,-26.4981],[152.9218,-26.443],[152.9955,-26.4322],[153.0244,-26.4454],[153.0481,-26.4425],[153.0502,-26.4309],[153.0641,-26.4386],[153.0554,-26.4533],[153.0802,-26.458],[153.0698,-26.4809],[153.0956,-26.4986],[153.1199,-26.3792],[153.0804,-26.3813],[153.0612,-26.3239],[153.0963,-26.1548]]]},"properties":{"lga_code_2024":"35740","lga_name_2024":"Noosa","state_name_2021":"Queensland"},"id":35740},{"type":"Feature","geometry":{"type":"Polygon","coordinates":[[[150.4367,-25.6064],[150.4839,-25.6061],[150.5242,-25.6454],[150.5703,-25.6382],[150.5912,-25.6527],[150.6542,-25.6598],[150.6636,-25.6843],[150.6431,-25.7157],[150.6643,-25.7327],[150.6684,-25.7583],[150.6441,-25.7862],[150.6987,-25.8558],[150.6784,-25.889],[150.685,-25.9139],[150.6689,-25.9427],[150.6728,-25.9696],[150.7144,-25.9849],[150.7636,-25.9816],[150.7898,-26.0489],[150.8496,-26.0564],[150.9141,-26.0041],[150.9331,-26.0132],[150.984,-26.0078],[151.0159,-26.0772],[151.0788,-26.0967],[151.1144,-26.0908],[151.1162,-26.0765],[151.0999,-26.0754],[151.11,-26.0428],[151.2986,-26.0735],[151.3319,-26.0414],[151.3239,-26.0257],[151.34,-26.0118],[151.4731,-26.002],[151.5049,-25.9254],[151.4872,-25.9193],[151.4814,-25.9019],[151.4877,-25.8939],[151.5079,-25.9096],[151.5195,-25.855],[151.5892,-25.8652],[151.615,-25.8542],[151.6537,-25.8731],[151.6574,-25.9122],[151.7618,-25.9373],[151.7855,-25.9154],[151.7674,-25.857],[151.7746,-25.8145],[151.7568,-25.803],[151.7799,-25.7894],[151.7755,-25.7776],[151.792,-25.7576],[151.8104,-25.7625],[151.8132,-25.785],[151.8738,-25.8134],[151.8973,-25.8665],[151.9286,-25.8676],[151.9862,-25.8013],[151.9989,-25.7477],[151.9803,-25.733],[151.9812,-25.7128],[152.0139,-25.7089],[152.0112,-25.665],[152.0381,-25.6428],[152.0441,-25.6151],[152.0907,-25.6363],[152.1153,-25.6235],[152.1113,-25.5984],[152.1644,-25.5746],[152.1794,-25.5231],[152.2149,-25.5129],[152.2698,-25.5219],[152.2764,-25.4906],[152.2604,-25.4619],[152.2736,-25.4313],[152.2541,-25.4022],[152.2186,-25.3874],[152.1994,-25.3946],[152.1817,-25.3796],[152.1674,-25.3359],[152.106,-25.3279],[152.0897,-25.3125],[152.0769,-25.3212],[152.0256,-25.2732],[152.0126,-25.2741],[152.0036,-25.2929],[151.9653,-25.2808],[151.9159,-25.3543],[151.8806,-25.3603],[151.8805,-25.3415],[151.8609,-25.3372],[151.8612,-25.302],[151.8914,-25.2881],[151.8725,-25.2732],[151.8813,-25.2437],[151.9036,-25.2288],[151.8971,-25.2101],[151.9157,-25.1987],[151.9103,-25.1844],[151.9314,-25.1752],[151.9019,-25.1415],[151.8781,-25.1525],[151.8562,-25.1444],[151.8485,-25.1836],[151.8235,-25.1868],[151.7867,-25.1581],[151.7835,-25.1153],[151.7429,-25.0739],[151.7102,-25.0915],[151.6918,-25.0833],[151.6532,-25.0917],[151.6495,-25.116],[151.5439,-25.0957],[151.5646,-25.0497],[151.556,-25.0097],[151.5322,-24.9885],[151.5239,-24.9608],[151.5305,-24.9454],[151.5723,-24.9316],[151.5763,-24.8923],[151.5502,-24.8356],[151.5283,-24.8315],[151.4683,-24.8514],[151.4337,-24.8355],[151.4187,-24.7783],[151.4532,-24.7755],[151.429,-24.7026],[151.4119,-24.695],[151.3482,-24.7285],[151.3448,-24.7002],[151.3601,-24.6787],[151.3361,-24.6454],[151.311,-24.6498],[151.3023,-24.6682],[151.2746,-24.6539],[151.2536,-24.666],[151.2201,-24.6339],[151.1947,-24.6425],[151.2077,-24.6246],[151.2302,-24.6279],[151.2185,-24.5755],[151.2293,-24.5277],[151.1616,-24.55],[151.1523,-24.5269],[151.1692,-24.479],[151.1379,-24.4556],[151.1137,-24.4745],[151.0932,-24.4435],[151.0574,-24.4276],[151.0451,-24.3949],[151.0296,-24.3922],[151.005,-24.3946],[150.9922,-24.4112],[150.9795,-24.4914],[150.9638,-24.5085],[150.9812,-24.5491],[150.9697,-24.5523],[150.9726,-24.5763],[150.8807,-24.552],[150.8618,-24.5597],[150.8509,-24.5492],[150.8447,-24.562],[150.8262,-24.5547],[150.8191,-24.604],[150.8676,-24.631],[150.8976,-24.6305],[150.9111,-24.6504],[150.8833,-24.6783],[150.874,-24.7211],[150.7783,-24.7162],[150.7325,-24.6979],[150.6668,-24.7037],[150.6559,-24.6931],[150.5865,-24.7315],[150.606,-24.7985],[150.5396,-24.9607],[150.5533,-24.9863],[150.5565,-25.0941],[150.5788,-25.1124],[150.5566,-25.1338],[150.5575,-25.1616],[150.5082,-25.1736],[150.5023,-25.1927],[150.4717,-25.1905],[150.4755,-25.2304],[150.4524,-25.2635],[150.4588,-25.278],[150.4435,-25.282],[150.4426,-25.3206],[150.4167,-25.3311],[150.4195,-25.3496],[150.4065,-25.3621],[150.4179,-25.3725],[150.3961,-25.3907],[150.4024,-25.4144],[150.3912,-25.4192],[150.4048,-25.4314],[150.3696,-25.4761],[150.3852,-25.5025],[150.4019,-25.5034],[150.3923,-25.5316],[150.4124,-25.5674],[150.4023,-25.5984],[150.4367,-25.6064]]]},"properties":{"lga_code_2024":"35760","lga_name_2024":"North Burnett","state_name_2021":"Queensland"},"id":35760},{"type":"Feature","geometry":{"type":"MultiPolygon","coordinates":[[[[142.2166,-10.9226],[142.2151,-10.9423],[142.2296,-10.9477],[142.1671,-11.0037],[142.1294,-10.9624],[142.1573,-11.1218],[142.1253,-11.2241],[142.3726,-11.1967],[142.3548,-11.1523],[142.3718,-11.12],[142.3654,-11.0433],[142.4004,-10.9973],[142.4276,-10.985],[142.4219,-10.9642],[142.4364,-10.9809],[142.4536,-10.9792],[142.4286,-10.9542],[142.428,-10.9144],[142.4814,-10.8062],[142.4615,-10.789],[142.507,-10.7668],[142.5171,-10.7386],[142.4239,-10.7274],[142.4118,-10.7719],[142.4187,-10.7863],[142.3665,-10.846],[142.3529,-10.8826],[142.3141,-10.9156],[142.3132,-10.9011],[142.2847,-10.9179],[142.2493,-10.9095],[142.2166,-10.9226]]],[[[142.5327,-10.8431],[142.6093,-10.749],[142.5811,-10.7248],[142.5739,-10.7328],[142.5546,-10.7197],[142.5293,-10.7358],[142.5626,-10.7615],[142.5327,-10.8431]]],[[[142.1005,-10.9878],[142.1161,-10.9951],[142.1004,-10.9854],[142.1116,-10.9678],[142.1005,-10.9878]],[[142.3182,-10.8393],[142.3165,-10.8423],[142.319,-10.8357],[142.3182,-10.8393]]],[[[142.3539,-10.8471],[142.3647,-10.8425],[142.3551,-10.8423],[142.3539,-10.8471]]],[[[142.3492,-10.8443],[142.3489,-10.8432],[142.3484,-10.844],[142.3492,-10.8443]]],[[[142.3491,-10.8373],[142.3498,-10.8372],[142.3497,-10.8367],[142.3491,-10.8373]]]]},"properties":{"lga_code_2024":"35780","lga_name_2024":"Northern Peninsula Area","state_name_2021":"Queensland"},"id":35780},{"type":"Feature","geometry":{"type":"MultiPolygon","coordinates":[[[[145.8533,-16.8795],[145.8519,-16.8942],[145.8372,-16.8992],[145.8655,-16.951],[145.853,-16.9782],[145.863,-17.0567],[145.9246,-17.1654],[145.9646,-17.1705],[145.9492,-17.1307],[145.8892,-17.0557],[145.9007,-16.9817],[145.9343,-16.9475],[145.931,-16.923],[145.9577,-16.8966],[145.9277,-16.8656],[145.9159,-16.8648],[145.9067,-16.8971],[145.8831,-16.9072],[145.8624,-16.9037],[145.8533,-16.8795]]],[[[145.9011,-16.994],[145.9017,-16.994],[145.9007,-16.9936],[145.9011,-16.994]]],[[[145.8958,-16.8853],[145.8937,-16.8825],[145.8957,-16.8874],[145.8958,-16.8853]]]]},"properties":{"lga_code_2024":"37600","lga_name_2024":"Yarrabah","state_name_2021":"Queensland"},"id":37600},{"type":"Feature","geometry":{"type":"MultiPolygon","coordinates":[[[[146.5798,-18.7653],[146.6096,-18.758],[146.6477,-18.7767],[146.6948,-18.7593],[146.6839,-18.7372],[146.6421,-18.7496],[146.6171,-18.7046],[146.5739,-18.6765],[146.589,-18.712],[146.5772,-18.7489],[146.5666,-18.75],[146.5798,-18.7653]]],[[[146.543,-18.8371],[146.531,-18.835],[146.5498,-18.849],[146.543,-18.8371]]],[[[146.5246,-18.8275],[146.5282,-18.8285],[146.527,-18.8266],[146.5246,-18.8275]]],[[[146.5356,-18.7782],[146.5419,-18.7882],[146.5486,-18.7888],[146.5356,-18.7782]]],[[[146.5154,-18.7686],[146.5206,-18.7741],[146.5205,-18.7668],[146.5154,-18.7686]]],[[[146.5164,-18.6815],[146.5079,-18.6984],[146.5198,-18.7151],[146.5269,-18.6724],[146.5062,-18.659],[146.5164,-18.6815]]],[[[146.5285,-18.7649],[146.5372,-18.7732],[146.5334,-18.7668],[146.5285,-18.7649]]],[[[146.5537,-18.7703],[146.548,-18.7686],[146.5542,-18.7737],[146.5537,-18.7703]]],[[[146.6682,-18.7753],[146.6647,-18.7778],[146.6676,-18.7777],[146.6682,-18.7753]]],[[[146.553,-18.6766],[146.5586,-18.6873],[146.5675,-18.6705],[146.545,-18.652],[146.5381,-18.6593],[146.553,-18.6766]]]]},"properties":{"lga_code_2024":"35790","lga_name_2024":"Palm Island","state_name_2021":"Queensland"},"id":35790},{"type":"Feature","geometry":{"type":"Polygon","coordinates":[[[144.4804,-28.9991],[146.945,-28.9991],[146.9357,-28.9913],[146.9527,-28.8615],[146.8633,-28.8543],[146.8924,-28.7215],[146.9252,-28.7241],[146.9379,-28.5595],[146.9634,-28.5062],[146.9679,-28.3602],[146.9157,-28.3541],[146.9321,-28.2607],[146.9491,-28.263],[146.9903,-27.99],[147.105,-27.9948],[147.1242,-27.898],[147.1097,-27.8959],[147.1178,-27.8573],[147.1085,-27.8178],[147.1429,-27.575],[147.0633,-27.5662],[147.0605,-27.5366],[147.0455,-27.5437],[146.64,-27.4907],[146.6694,-27.3374],[146.5848,-27.3287],[146.605,-27.193],[146.585,-27.1801],[146.4529,-27.1745],[146.4612,-27.1048],[146.2209,-27.082],[146.229,-27.0111],[145.807,-26.9758],[145.7953,-27.0614],[145.6234,-27.0442],[145.6209,-27.0635],[145.6009,-27.0616],[145.5991,-27.0751],[145.2548,-27.0401],[145.2591,-27.007],[145.1827,-26.9992],[145.1651,-27.1447],[145.1819,-27.1465],[145.1633,-27.2915],[145.0173,-27.2759],[144.9922,-27.4115],[144.9146,-27.4036],[144.9002,-27.4979],[144.5196,-27.4562],[144.508,-27.5443],[144.4326,-27.5372],[144.4233,-27.6064],[144.3293,-27.5963],[144.2958,-27.8439],[144.3166,-27.8461],[144.3173,-27.8672],[144.2923,-27.9261],[144.4225,-27.9397],[144.4205,-27.9557],[144.6012,-27.9741],[144.5917,-28.0499],[144.6493,-28.0559],[144.6351,-28.1598],[144.7798,-28.1737],[144.775,-28.2112],[144.8299,-28.2169],[144.8188,-28.2903],[144.5735,-28.2695],[144.5631,-28.3466],[144.6442,-28.3554],[144.5958,-28.5675],[144.6686,-28.5807],[144.6411,-28.7231],[144.6118,-28.7398],[144.6912,-28.7908],[144.6228,-28.8207],[144.5868,-28.8624],[144.5812,-28.9098],[144.4631,-28.9479],[144.4804,-28.9991]]]},"properties":{"lga_code_2024":"35800","lga_name_2024":"Paroo","state_name_2021":"Queensland"},"id":35800},{"type":"Feature","geometry":{"type":"MultiPolygon","coordinates":[[[[141.6507,-15.0689],[141.6739,-15.11],[141.6948,-15.0986],[141.7185,-15.1077],[141.7101,-15.1182],[141.7245,-15.1177],[141.7321,-15.1417],[141.7897,-15.1462],[141.8438,-15.1249],[141.9339,-15.1136],[141.9529,-15.0942],[142.0577,-15.0685],[142.0862,-15.0459],[142.1342,-14.9856],[142.1415,-14.9045],[142.1153,-14.8214],[142.0355,-14.7087],[141.9938,-14.4993],[141.9994,-14.4639],[141.9703,-14.4615],[141.9538,-14.4368],[141.8783,-14.4268],[141.8492,-14.4014],[141.857,-14.3744],[141.8396,-14.3491],[141.8135,-14.3414],[141.8103,-14.3217],[141.7698,-14.287],[141.749,-14.2737],[141.717,-14.2793],[141.6561,-14.235],[141.63,-14.238],[141.6201,-14.2275],[141.6266,-14.2081],[141.5941,-14.1608],[141.5984,-14.2584],[141.5505,-14.3797],[141.5256,-14.4871],[141.5536,-14.5926],[141.5903,-14.8573],[141.6653,-14.9985],[141.6507,-15.0689]]],[[[141.5903,-14.165],[141.5881,-14.1633],[141.5919,-14.1741],[141.5903,-14.165]]]]},"properties":{"lga_code_2024":"36070","lga_name_2024":"Pormpuraaw","state_name_2021":"Queensland"},"id":36070},{"type":"Feature","geometry":{"type":"Polygon","coordinates":[[[144.3218,-27.6518],[144.3293,-27.5963],[144.4233,-27.6064],[144.4326,-27.5372],[144.508,-27.5443],[144.5196,-27.4562],[144.9002,-27.4979],[144.9146,-27.4036],[144.9922,-27.4115],[145.0173,-27.2759],[145.1633,-27.2915],[145.1819,-27.1465],[145.1651,-27.1447],[145.1827,-26.9992],[145.253,-27.0064],[145.2738,-26.7513],[145.3209,-26.7552],[145.3303,-26.7023],[145.2848,-26.6364],[145.3392,-26.6103],[145.3586,-26.4655],[145.3099,-26.4602],[145.3302,-26.3046],[145.2828,-26.3027],[145.2998,-26.1545],[145.3552,-26.1603],[145.3737,-26.0186],[145.4128,-26.0232],[145.4227,-25.9598],[145.4084,-25.9581],[145.4623,-25.5036],[145.4068,-25.4952],[145.3959,-25.4717],[145.3262,-25.4463],[145.2878,-25.4828],[145.2498,-25.4786],[145.2533,-25.4505],[145.2717,-25.4523],[145.2841,-25.3581],[145.0525,-25.3332],[145.06,-25.304],[145.0474,-25.2938],[145.0614,-25.2758],[144.8695,-25.258],[144.9401,-25.2098],[144.9399,-25.1965],[144.9694,-25.1858],[144.9957,-25.0077],[144.9598,-25.0318],[144.8986,-25.0383],[144.8468,-24.9902],[144.8606,-24.9191],[144.796,-24.9131],[144.804,-24.8405],[144.6984,-24.8308],[144.7166,-24.6825],[144.6817,-24.679],[144.6853,-24.649],[144.6518,-24.6625],[144.6275,-24.9675],[144.4818,-25.0782],[144.4617,-25.0323],[144.3987,-25.1324],[144.3812,-25.1136],[144.2535,-25.2095],[144.1577,-25.3581],[144.1688,-25.3943],[144.1505,-25.4333],[144.1216,-25.443],[144.1139,-25.5019],[144.0392,-25.5792],[144.0008,-25.583],[143.9221,-25.494],[143.8035,-25.4858],[143.7522,-25.3788],[143.6449,-25.3067],[143.6208,-25.3126],[143.593,-25.2821],[143.4743,-25.371],[143.4373,-25.3739],[143.4176,-25.5945],[143.4542,-25.5976],[143.4482,-25.6519],[143.2105,-25.6248],[143.1986,-25.7374],[142.9838,-25.7177],[142.9718,-25.8225],[142.8852,-25.8138],[142.9026,-25.6692],[142.7287,-25.6525],[142.7193,-25.6439],[142.733,-25.6414],[142.7396,-25.6205],[142.571,-25.6074],[142.5155,-25.6438],[142.4416,-25.725],[142.2887,-25.7852],[142.2392,-25.7893],[142.2011,-25.8123],[142.194,-25.8576],[142.1732,-25.8555],[142.1435,-26.0919],[142.1614,-26.196],[142.1344,-26.2272],[142.1107,-26.2978],[142.0811,-26.3423],[142.0745,-26.3853],[142.0591,-26.3748],[141.7981,-26.3502],[141.7188,-26.3506],[141.7042,-26.3867],[141.7108,-26.4517],[141.7431,-26.5348],[141.8122,-26.6286],[141.805,-26.6602],[141.8165,-26.6886],[141.8376,-26.6948],[141.8385,-26.7325],[141.8258,-26.7476],[142.2597,-26.7915],[142.422,-26.7902],[142.8554,-27.1137],[142.888,-27.1169],[142.866,-27.2338],[143.3219,-27.2757],[143.3205,-27.2893],[143.3874,-27.2956],[143.3941,-27.283],[143.5174,-27.2953],[143.5149,-27.3164],[143.5866,-27.3233],[143.5804,-27.3798],[143.7203,-27.3984],[143.7193,-27.3687],[143.8357,-27.4559],[143.9683,-27.6269],[144.3218,-27.6518]]]},"properties":{"lga_code_2024":"36150","lga_name_2024":"Quilpie","state_name_2021":"Queensland"},"id":36150},{"type":"Feature","geometry":{"type":"MultiPolygon","coordinates":[[[[153.4398,-27.393],[153.423,-27.4701],[153.3984,-27.4964],[153.4125,-27.5116],[153.4071,-27.611],[153.4217,-27.6421],[153.3988,-27.6626],[153.3929,-27.7071],[153.4189,-27.7407],[153.437,-27.7338],[153.4399,-27.7155],[153.4384,-27.7332],[153.454,-27.7288],[153.4809,-27.5808],[153.5467,-27.4351],[153.5433,-27.4253],[153.4832,-27.4156],[153.4558,-27.3883],[153.4398,-27.393]]],[[[153.2906,-27.5302],[153.2953,-27.5315],[153.2908,-27.5269],[153.2906,-27.5302]]],[[[153.3441,-27.5131],[153.3731,-27.4918],[153.3386,-27.4958],[153.3441,-27.5131]]],[[[153.3194,-27.6815],[153.3393,-27.695],[153.3334,-27.6819],[153.3194,-27.6815]]],[[[153.3273,-27.6423],[153.3292,-27.6705],[153.3414,-27.6486],[153.3273,-27.6423]]],[[[153.3554,-27.6606],[153.3539,-27.6492],[153.3559,-27.6872],[153.3554,-27.6606]]],[[[153.3235,-27.61],[153.325,-27.6097],[153.3254,-27.6058],[153.3235,-27.61]]],[[[153.3233,-27.5746],[153.3354,-27.5748],[153.3382,-27.5645],[153.3233,-27.5746]]],[[[153.3352,-27.6241],[153.3517,-27.6352],[153.3394,-27.6205],[153.3352,-27.6241]]],[[[153.3361,-27.6202],[153.3413,-27.6042],[153.3334,-27.6143],[153.3361,-27.6202]]],[[[153.3564,-27.5893],[153.3467,-27.6222],[153.3624,-27.6324],[153.3763,-27.6178],[153.3683,-27.6059],[153.3605,-27.6145],[153.3677,-27.5891],[153.3608,-27.5803],[153.3564,-27.5893]]],[[[153.3949,-27.6622],[153.4108,-27.6501],[153.4021,-27.6522],[153.3949,-27.6622]]],[[[153.1971,-27.4741],[153.1843,-27.5023],[153.2012,-27.514],[153.1719,-27.5364],[153.1918,-27.5595],[153.1718,-27.5911],[153.1836,-27.6128],[153.1738,-27.6343],[153.2807,-27.658],[153.2867,-27.6944],[153.302,-27.7069],[153.3214,-27.702],[153.3015,-27.6007],[153.3181,-27.582],[153.3082,-27.5649],[153.2894,-27.5646],[153.2779,-27.5407],[153.2907,-27.511],[153.2616,-27.5162],[153.2606,-27.4844],[153.2416,-27.4807],[153.241,-27.465],[153.228,-27.4831],[153.1971,-27.4741]]],[[[153.3808,-27.6216],[153.3724,-27.6308],[153.3905,-27.6202],[153.3808,-27.6216]]],[[[153.3841,-27.5158],[153.3838,-27.5175],[153.3849,-27.5148],[153.3841,-27.5158]]],[[[153.3802,-27.7081],[153.3976,-27.6964],[153.3883,-27.6574],[153.4159,-27.6418],[153.4036,-27.6342],[153.4011,-27.6448],[153.365,-27.6527],[153.3664,-27.6711],[153.3786,-27.6746],[153.3655,-27.6966],[153.3802,-27.7081]],[[153.38,-27.639],[153.3603,-27.6364],[153.3865,-27.6395],[153.38,-27.639]]]]},"properties":{"lga_code_2024":"36250","lga_name_2024":"Redland","state_name_2021":"Queensland"},"id":36250},{"type":"Feature","geometry":{"type":"Polygon","coordinates":[[[142.072,-21.5408],[142.2318,-21.5509],[142.2282,-21.5963],[142.3352,-21.6071],[142.3326,-21.6363],[142.4912,-21.6442],[142.4956,-21.598],[142.6565,-21.6104],[142.6514,-21.6675],[142.7185,-21.6149],[142.694,-21.5879],[142.8154,-21.4931],[142.8621,-21.5451],[142.9424,-21.4817],[142.9533,-21.4938],[143.188,-21.3087],[143.2364,-21.313],[143.2609,-21.1439],[143.2982,-21.1473],[143.3382,-20.8205],[143.4347,-20.8285],[143.4476,-20.7776],[143.4989,-20.7825],[143.5286,-20.7357],[143.5408,-20.6176],[143.4762,-20.6062],[143.5147,-20.5432],[143.6293,-20.4824],[143.7041,-20.4818],[143.7862,-20.4156],[143.7098,-20.3249],[143.7901,-20.2632],[143.74,-20.2061],[143.7109,-20.2292],[143.6257,-20.1479],[143.597,-20.1455],[143.6096,-20.0256],[143.6413,-20.0286],[143.6822,-19.597],[143.619,-19.5599],[143.5653,-19.4856],[143.5355,-19.4718],[143.5077,-19.4839],[143.5062,-19.5201],[143.4438,-19.566],[143.3951,-19.5751],[143.3831,-19.6126],[143.3419,-19.6056],[143.3058,-19.6395],[143.275,-19.6965],[143.2593,-19.6814],[143.2497,-19.6899],[142.6007,-19.6355],[142.6022,-19.6201],[142.376,-19.6],[142.3493,-19.8592],[142.3794,-19.8617],[142.3359,-20.3304],[142.3807,-20.334],[142.3618,-20.5689],[142.3445,-20.5712],[142.3391,-20.6656],[142.3099,-20.7147],[142.3634,-20.7199],[142.3549,-20.7964],[142.331,-20.7941],[142.3209,-20.8862],[142.3019,-20.8842],[142.2919,-20.9949],[142.2031,-20.9875],[142.1991,-21.0108],[142.2377,-21.0142],[142.2224,-21.1674],[142.2553,-21.1697],[142.2498,-21.2362],[142.0576,-21.2168],[142.0472,-21.2246],[142.1376,-21.3237],[142.064,-21.3801],[142.0917,-21.3826],[142.0803,-21.4883],[142.0376,-21.5201],[142.0734,-21.5235],[142.072,-21.5408]]]},"properties":{"lga_code_2024":"36300","lga_name_2024":"Richmond","state_name_2021":"Queensland"},"id":36300},{"type":"Feature","geometry":{"type":"Polygon","coordinates":[[[149.6726,-23.0821],[149.7088,-23.0946],[149.7133,-23.1079],[149.678,-23.2116],[149.6877,-23.2452],[149.7029,-23.2378],[149.7211,-23.2511],[149.7101,-23.3252],[149.7463,-23.3243],[149.7678,-23.3838],[149.7664,-23.4055],[149.7316,-23.441],[149.8008,-23.541],[149.7398,-23.5712],[149.7504,-23.6188],[149.7679,-23.6274],[149.8172,-23.5916],[149.8648,-23.5774],[149.8936,-23.5836],[149.9013,-23.6008],[149.8913,-23.6657],[149.9799,-23.7518],[150.005,-23.7403],[149.9973,-23.7139],[150.067,-23.7123],[150.074,-23.6756],[150.0918,-23.6605],[150.2308,-23.6494],[150.2622,-23.6682],[150.2528,-23.6768],[150.268,-23.6914],[150.2538,-23.7046],[150.2798,-23.7238],[150.2981,-23.7534],[150.2896,-23.7584],[150.3174,-23.7656],[150.3056,-23.7941],[150.3157,-23.7951],[150.3185,-23.8224],[150.3409,-23.8073],[150.3864,-23.8374],[150.4118,-23.8152],[150.4479,-23.8233],[150.4643,-23.8536],[150.4791,-23.8422],[150.5208,-23.8519],[150.5472,-23.8243],[150.6461,-23.8386],[150.659,-23.8245],[150.6515,-23.808],[150.6787,-23.7974],[150.6816,-23.7817],[150.7101,-23.7758],[150.7182,-23.7582],[150.7557,-23.7689],[150.7988,-23.7088],[150.8184,-23.7034],[150.7985,-23.6775],[150.8285,-23.6828],[150.8168,-23.6728],[150.8338,-23.673],[150.834,-23.6598],[150.824,-23.6679],[150.8191,-23.6516],[150.8403,-23.6481],[150.8199,-23.6339],[150.84,-23.6309],[150.8245,-23.6142],[150.8357,-23.6048],[150.8592,-23.6162],[150.8794,-23.5422],[150.7287,-23.4916],[150.638,-23.5169],[150.6617,-23.4912],[150.6351,-23.4846],[150.625,-23.4565],[150.5711,-23.3991],[150.5876,-23.3718],[150.5843,-23.3418],[150.6043,-23.3514],[150.6131,-23.3423],[150.5872,-23.2675],[150.5687,-23.2559],[150.5585,-23.2768],[150.5299,-23.2884],[150.5114,-23.2807],[150.47,-23.3009],[150.4797,-23.3175],[150.4499,-23.3398],[150.4523,-23.3154],[150.422,-23.2455],[150.3971,-23.241],[150.3663,-23.2666],[150.3421,-23.2461],[150.4016,-23.1918],[150.3838,-23.1785],[150.3931,-23.1581],[150.3844,-23.1427],[150.2977,-23.138],[150.2158,-23.1083],[150.1624,-23.1456],[150.134,-23.1223],[150.1349,-23.0963],[150.0672,-23.0853],[150.0782,-23.0494],[150.0668,-23.036],[150.0331,-23.0444],[150.0241,-23.0734],[149.9958,-23.0872],[149.9255,-23.0568],[149.9285,-23.0105],[149.8797,-22.9882],[149.8506,-22.9868],[149.8356,-22.9991],[149.8245,-22.981],[149.7785,-23.0145],[149.7312,-23.0259],[149.7196,-23.0415],[149.7266,-23.0576],[149.6726,-23.0821]]]},"properties":{"lga_code_2024":"36370","lga_name_2024":"Rockhampton","state_name_2021":"Queensland"},"id":36370},{"type":"Feature","geometry":{"type":"Polygon","coordinates":[[[152.804,-27.8249],[152.8025,-27.7984],[152.7607,-27.7853],[152.7578,-27.7673],[152.6675,-27.75],[152.656,-27.7383],[152.6076,-27.7371],[152.6058,-27.725],[152.5619,-27.7165],[152.5296,-27.7169],[152.5193,-27.7612],[152.499,-27.7583],[152.4945,-27.7834],[152.4674,-27.7831],[152.4623,-27.8026],[152.4512,-27.802],[152.4434,-27.8448],[152.4285,-27.8405],[152.4193,-27.8655],[152.402,-27.8646],[152.4159,-27.9446],[152.4014,-27.9722],[152.3828,-27.9788],[152.3749,-28.0125],[152.3903,-28.0309],[152.39,-28.0595],[152.4163,-28.0698],[152.4115,-28.1133],[152.434,-28.131],[152.4421,-28.179],[152.4709,-28.195],[152.4586,-28.2266],[152.4824,-28.2295],[152.4876,-28.2535],[152.5093,-28.2492],[152.534,-28.2627],[152.5259,-28.306],[152.5795,-28.3392],[152.6142,-28.2695],[152.6397,-28.3122],[152.6675,-28.3117],[152.6795,-28.3306],[152.7509,-28.3639],[152.7774,-28.346],[152.8043,-28.3536],[152.8314,-28.3197],[152.8804,-28.3098],[152.9343,-28.3377],[153.0449,-28.339],[153.1077,-28.3585],[153.1302,-28.3303],[153.125,-28.3178],[153.1677,-28.2955],[153.1612,-28.2794],[153.1752,-28.2742],[153.1767,-28.2496],[153.2085,-28.2506],[153.1935,-28.1916],[153.1839,-28.1925],[153.2008,-28.1192],[153.2299,-28.1],[153.2324,-28.0853],[153.2134,-28.0803],[153.2389,-28.0112],[153.2178,-28.0082],[153.2205,-27.9944],[153.2008,-27.9816],[153.2251,-27.9817],[153.2252,-27.9561],[153.2066,-27.9492],[153.2155,-27.9028],[153.1807,-27.8951],[153.1889,-27.8551],[153.1729,-27.8344],[153.1508,-27.85],[153.1577,-27.8593],[153.1377,-27.8523],[153.134,-27.8628],[153.1098,-27.8635],[153.1008,-27.8727],[153.1116,-27.8832],[153.0978,-27.8954],[153.1063,-27.9114],[153.0697,-27.9386],[153.0474,-27.9356],[153.0303,-27.902],[153.0153,-27.9008],[153.0127,-27.9206],[152.9846,-27.9119],[152.9826,-27.9241],[152.9592,-27.9211],[152.9458,-27.8428],[152.8974,-27.8576],[152.8813,-27.8482],[152.835,-27.8698],[152.8005,-27.8439],[152.804,-27.8249]]]},"properties":{"lga_code_2024":"36510","lga_name_2024":"Scenic Rim","state_name_2021":"Queensland"},"id":36510},{"type":"Feature","geometry":{"type":"Polygon","coordinates":[[[152.1917,-27.3868],[152.261,-27.3926],[152.2629,-27.4161],[152.2913,-27.4002],[152.2943,-27.4274],[152.3103,-27.4293],[152.3154,-27.3988],[152.4016,-27.415],[152.4091,-27.4366],[152.4356,-27.4401],[152.4358,-27.4579],[152.4773,-27.4788],[152.4741,-27.5079],[152.4993,-27.5117],[152.4924,-27.5512],[152.5187,-27.552],[152.5138,-27.5663],[152.5648,-27.5693],[152.5703,-27.5451],[152.6481,-27.5509],[152.6513,-27.533],[152.6702,-27.5393],[152.7063,-27.5067],[152.727,-27.5063],[152.721,-27.4924],[152.7423,-27.4881],[152.7481,-27.4155],[152.7421,-27.3917],[152.7329,-27.396],[152.7332,-27.3666],[152.7078,-27.3518],[152.6797,-27.3723],[152.6842,-27.3488],[152.7485,-27.3188],[152.757,-27.3019],[152.704,-27.2926],[152.7049,-27.2773],[152.6812,-27.2627],[152.7022,-27.2264],[152.7017,-27.2026],[152.7393,-27.1509],[152.7281,-27.1219],[152.7345,-27.1023],[152.6765,-27.09],[152.6871,-27.0824],[152.6777,-27.057],[152.6952,-27.059],[152.6891,-27.0483],[152.7035,-27.0248],[152.6834,-26.9928],[152.6852,-26.9657],[152.6648,-26.9691],[152.6677,-26.9591],[152.6513,-26.9553],[152.6874,-26.9137],[152.6608,-26.9099],[152.6674,-26.8962],[152.6899,-26.8915],[152.6665,-26.8395],[152.6785,-26.8304],[152.6791,-26.7969],[152.6673,-26.773],[152.6025,-26.7579],[152.5833,-26.7404],[152.5794,-26.7162],[152.5513,-26.707],[152.5522,-26.6809],[152.5832,-26.6454],[152.5878,-26.614],[152.5752,-26.584],[152.5115,-26.5674],[152.5198,-26.5883],[152.457,-26.5809],[152.4491,-26.5698],[152.4402,-26.5569],[152.4496,-26.5309],[152.437,-26.5381],[152.4353,-26.5285],[152.4428,-26.4602],[152.3901,-26.4761],[152.3644,-26.4631],[152.316,-26.4809],[152.2781,-26.4528],[152.2136,-26.5131],[152.1667,-26.4745],[152.1359,-26.4801],[152.1264,-26.5316],[152.1432,-26.5927],[152.1303,-26.6004],[152.1308,-26.6388],[152.074,-26.6649],[152.0845,-26.6969],[152.1134,-26.707],[152.1331,-26.7413],[152.1456,-26.7369],[152.1424,-26.7268],[152.1639,-26.7421],[152.1558,-26.7688],[152.179,-26.7838],[152.1741,-26.8214],[152.1901,-26.8236],[152.181,-26.8466],[152.1886,-26.8774],[152.167,-26.8671],[152.147,-26.8791],[152.1379,-26.8979],[152.1499,-26.9046],[152.1452,-26.9267],[152.1254,-26.9542],[152.1832,-26.9776],[152.1733,-26.9893],[152.1888,-26.9939],[152.1866,-27.0067],[152.221,-27.0222],[152.193,-27.0229],[152.1947,-27.0565],[152.2274,-27.061],[152.218,-27.0783],[152.1852,-27.0614],[152.1823,-27.0901],[152.134,-27.1416],[152.1885,-27.1691],[152.1616,-27.189],[152.1589,-27.2064],[152.2361,-27.2037],[152.2255,-27.2287],[152.152,-27.2694],[152.1644,-27.2889],[152.1964,-27.2722],[152.2062,-27.292],[152.1901,-27.3204],[152.2015,-27.322],[152.1917,-27.3868]]]},"properties":{"lga_code_2024":"36580","lga_name_2024":"Somerset","state_name_2021":"Queensland"},"id":36580},{"type":"Feature","geometry":{"type":"Polygon","coordinates":[[[151.6476,-26.9132],[151.666,-26.9105],[151.7233,-26.9479],[151.8133,-26.9326],[151.8434,-26.8976],[151.8865,-26.8794],[151.9019,-26.8371],[151.9331,-26.8014],[151.9735,-26.806],[151.9793,-26.7866],[152.0077,-26.7694],[152.0322,-26.7827],[152.0531,-26.7669],[152.0639,-26.7785],[152.0597,-26.7991],[152.0723,-26.82],[152.0335,-26.8502],[152.0759,-26.861],[152.0506,-26.9193],[152.0711,-26.9271],[152.108,-26.9032],[152.136,-26.9061],[152.147,-26.8791],[152.167,-26.8671],[152.1886,-26.8774],[152.181,-26.8466],[152.1901,-26.8236],[152.1741,-26.8214],[152.1705,-26.7968],[152.179,-26.7838],[152.1558,-26.7688],[152.1639,-26.7421],[152.1424,-26.7268],[152.1456,-26.7369],[152.1331,-26.7413],[152.1134,-26.707],[152.0845,-26.6969],[152.0734,-26.6684],[152.1308,-26.6388],[152.1303,-26.6004],[152.1432,-26.5927],[152.1316,-26.5785],[152.1257,-26.5066],[152.1359,-26.4801],[152.1677,-26.4754],[152.1738,-26.4381],[152.1672,-26.4167],[152.1219,-26.3935],[152.1211,-26.3773],[152.0784,-26.3612],[152.0688,-26.3831],[152.0039,-26.3751],[152.0092,-26.3493],[152.0507,-26.3541],[152.0638,-26.3426],[152.0797,-26.2876],[152.0614,-26.243],[152.0089,-26.2286],[152.0106,-26.1989],[151.9761,-26.1736],[151.9751,-26.1334],[151.9522,-26.1168],[151.9846,-26.0989],[151.9353,-26.0922],[151.9354,-26.0547],[151.9477,-26.0431],[151.939,-26.0205],[151.8343,-26.0075],[151.832,-26.0231],[151.8115,-26.0207],[151.8133,-25.9549],[151.6574,-25.9122],[151.6537,-25.8731],[151.615,-25.8542],[151.5892,-25.8652],[151.5195,-25.855],[151.5079,-25.9096],[151.4877,-25.8939],[151.4814,-25.9019],[151.4872,-25.9193],[151.5049,-25.9254],[151.4731,-26.002],[151.34,-26.0118],[151.3239,-26.0257],[151.3319,-26.0414],[151.2986,-26.0735],[151.11,-26.0428],[151.0999,-26.0754],[151.1162,-26.0765],[151.1144,-26.0908],[151.0788,-26.0967],[151.1154,-26.1187],[151.1499,-26.1054],[151.162,-26.1495],[151.1424,-26.1598],[151.1159,-26.1409],[151.0998,-26.1603],[151.0132,-26.1919],[151.0167,-26.2562],[151.1357,-26.2631],[151.1149,-26.3793],[151.077,-26.4628],[151.2077,-26.4788],[151.2122,-26.514],[151.2467,-26.5265],[151.2576,-26.5482],[151.2875,-26.5449],[151.3138,-26.591],[151.3228,-26.5858],[151.3711,-26.632],[151.3948,-26.6388],[151.4092,-26.6606],[151.3919,-26.6842],[151.417,-26.698],[151.4208,-26.746],[151.5198,-26.7666],[151.5164,-26.7991],[151.5682,-26.8533],[151.5772,-26.8799],[151.6476,-26.9132]],[[151.9768,-26.2971],[151.9791,-26.3148],[151.9692,-26.3187],[151.8864,-26.3014],[151.9037,-26.2762],[151.9166,-26.2801],[151.9223,-26.257],[151.9462,-26.2607],[151.9451,-26.2751],[151.9539,-26.2621],[151.9696,-26.2681],[151.9587,-26.288],[151.9768,-26.2971]]]},"properties":{"lga_code_2024":"36630","lga_name_2024":"South Burnett","state_name_2021":"Queensland"},"id":36630},{"type":"Feature","geometry":{"type":"Polygon","coordinates":[[[151.5051,-29.0097],[151.5373,-28.9798],[151.5451,-28.9531],[151.6098,-28.9235],[151.6352,-28.9296],[151.7264,-28.867],[151.7424,-28.9185],[151.7733,-28.9381],[151.7769,-28.959],[151.8069,-28.9453],[151.8133,-28.9598],[151.8307,-28.9617],[151.8498,-28.9076],[151.9003,-28.9147],[151.9163,-28.9293],[151.9685,-28.9167],[151.9963,-28.8948],[152.0107,-28.9067],[152.0375,-28.8644],[152.0376,-28.8516],[152.0149,-28.8502],[152.0366,-28.8178],[152.0423,-28.7318],[152.076,-28.7083],[152.0664,-28.6812],[152.0525,-28.6822],[152.0391,-28.6646],[152.0105,-28.665],[151.9859,-28.5821],[151.9573,-28.5647],[151.9554,-28.5192],[151.9826,-28.5033],[151.9888,-28.5256],[152.0167,-28.5252],[152.0671,-28.4852],[152.0697,-28.4685],[152.1212,-28.4626],[152.1601,-28.4333],[152.2172,-28.4491],[152.2667,-28.3907],[152.2886,-28.3915],[152.3094,-28.3628],[152.388,-28.3675],[152.4164,-28.335],[152.4152,-28.2981],[152.4429,-28.2984],[152.4619,-28.2603],[152.4838,-28.2577],[152.4926,-28.243],[152.4586,-28.2266],[152.4709,-28.195],[152.4476,-28.1893],[152.434,-28.131],[152.412,-28.1145],[152.4163,-28.0698],[152.39,-28.0593],[152.3903,-28.0309],[152.3749,-28.0127],[152.3891,-27.9741],[152.3823,-27.9656],[152.2935,-27.956],[152.2699,-27.969],[152.2037,-27.943],[152.1638,-27.9557],[152.1482,-27.9367],[152.1067,-27.9397],[152.0744,-27.9613],[151.9954,-27.9594],[151.9984,-27.9704],[151.976,-27.9674],[151.9735,-27.98],[151.9221,-27.9731],[151.9191,-27.99],[151.9073,-27.9918],[151.9171,-28.0126],[151.8078,-27.997],[151.7776,-28.0233],[151.7647,-28.0031],[151.7221,-27.9919],[151.5434,-27.9741],[151.5365,-28.0191],[151.5071,-28.0156],[151.4956,-28.0896],[151.4723,-28.0872],[151.4598,-28.107],[151.4456,-28.1049],[151.4392,-28.1359],[151.4411,-28.1518],[151.4807,-28.1894],[151.4822,-28.2215],[151.5444,-28.2875],[151.6297,-28.2742],[151.6524,-28.3021],[151.691,-28.3101],[151.7101,-28.3378],[151.6934,-28.3516],[151.696,-28.4051],[151.6393,-28.4529],[151.6402,-28.5242],[151.5951,-28.5516],[151.5996,-28.5852],[151.5818,-28.5862],[151.5619,-28.6206],[151.5459,-28.6244],[151.5256,-28.6787],[151.4738,-28.7314],[151.4784,-28.7448],[151.4191,-28.7941],[151.4181,-28.8161],[151.3902,-28.8406],[151.3782,-28.9923],[151.3509,-29.0286],[151.3609,-29.0469],[151.3843,-29.0621],[151.3991,-29.0536],[151.4339,-29.068],[151.4473,-29.0595],[151.4435,-29.0252],[151.4581,-28.9988],[151.5051,-29.0097]]]},"properties":{"lga_code_2024":"36660","lga_name_2024":"Southern Downs","state_name_2021":"Queensland"},"id":36660},{"type":"Feature","geometry":{"type":"MultiPolygon","coordinates":[[[[153.0956,-26.4986],[153.0698,-26.4809],[153.0802,-26.458],[153.0554,-26.4533],[153.0641,-26.4386],[153.0502,-26.4309],[153.0481,-26.4425],[153.0244,-26.4454],[152.9955,-26.4322],[152.9218,-26.443],[152.827,-26.4994],[152.8133,-26.4973],[152.8043,-26.4715],[152.7655,-26.4636],[152.7565,-26.4737],[152.7656,-26.4825],[152.7433,-26.5072],[152.7621,-26.5106],[152.7676,-26.5369],[152.7538,-26.5499],[152.7284,-26.537],[152.7122,-26.5462],[152.6805,-26.5977],[152.6027,-26.5779],[152.5752,-26.584],[152.5878,-26.614],[152.5832,-26.6454],[152.5522,-26.6809],[152.5513,-26.707],[152.5794,-26.7162],[152.5833,-26.7404],[152.6025,-26.7579],[152.6673,-26.773],[152.6717,-26.7936],[152.6964,-26.8091],[152.7495,-26.8163],[152.7531,-26.7974],[152.7765,-26.7955],[152.7919,-26.8273],[152.8125,-26.8281],[152.8321,-26.8564],[152.854,-26.8559],[152.8695,-26.8729],[152.8553,-26.9019],[152.8754,-26.9135],[152.858,-26.9562],[152.9173,-26.9547],[152.975,-26.9744],[152.9756,-26.9847],[153.0169,-26.9791],[153.0185,-26.9664],[153.0621,-26.9785],[153.0664,-26.9651],[153.0431,-26.9462],[153.062,-26.9283],[153.0611,-26.8929],[153.0709,-26.9091],[153.1089,-26.8868],[153.1094,-26.8414],[153.1246,-26.8066],[153.1514,-26.8016],[153.137,-26.7734],[153.1394,-26.6792],[153.109,-26.6707],[153.0987,-26.6426],[153.0956,-26.4986]]],[[[153.0679,-26.9728],[153.0695,-26.9732],[153.0685,-26.972],[153.0679,-26.9728]]],[[[153.0694,-26.9773],[153.0684,-26.9737],[153.0664,-26.9772],[153.0694,-26.9773]]],[[[153.0568,-26.9767],[153.0584,-26.9774],[153.0577,-26.9759],[153.0568,-26.9767]]],[[[153.0597,-26.9119],[153.0659,-26.9088],[153.0633,-26.9043],[153.0597,-26.9119]]],[[[153.0631,-26.9159],[153.0648,-26.9122],[153.0625,-26.9133],[153.0631,-26.9159]]],[[[153.0661,-26.9208],[153.0651,-26.9241],[153.067,-26.9196],[153.0661,-26.9208]]],[[[153.1158,-26.6147],[153.1131,-26.6141],[153.1148,-26.6153],[153.1158,-26.6147]]],[[[153.1113,-26.8785],[153.1121,-26.8813],[153.1133,-26.8786],[153.1113,-26.8785]]],[[[153.1117,-26.8847],[153.1126,-26.8839],[153.1113,-26.8837],[153.1117,-26.8847]]],[[[153.0775,-26.9525],[153.0726,-26.9548],[153.0754,-26.9591],[153.0775,-26.9525]]],[[[153.0728,-26.9297],[153.074,-26.9374],[153.0741,-26.9268],[153.0728,-26.9297]]],[[[153.1004,-26.8947],[153.1104,-26.8888],[153.1036,-26.8917],[153.1004,-26.8947]]],[[[153.0837,-26.8989],[153.0873,-26.8969],[153.0852,-26.8969],[153.0837,-26.8989]]],[[[153.0973,-26.894],[153.0962,-26.8945],[153.1002,-26.8936],[153.0973,-26.894]]],[[[153.0872,-26.8995],[153.0894,-26.8981],[153.0875,-26.8983],[153.0872,-26.8995]]],[[[153.0927,-26.8978],[153.0938,-26.8983],[153.0943,-26.8976],[153.0927,-26.8978]]],[[[153.1471,-26.9373],[153.1305,-26.8724],[153.131,-26.8096],[153.1299,-26.8739],[153.0799,-26.9044],[153.0752,-26.9203],[153.087,-26.9519],[153.1471,-26.9373]]],[[[153.1182,-26.8604],[153.1197,-26.8659],[153.123,-26.865],[153.1182,-26.8604]]],[[[153.1216,-26.8727],[153.1246,-26.8703],[153.1219,-26.8696],[153.1216,-26.8727]]],[[[153.1194,-26.8769],[153.1212,-26.8757],[153.1202,-26.8735],[153.1194,-26.8769]]],[[[153.121,-26.8438],[153.1229,-26.8431],[153.1224,-26.8419],[153.121,-26.8438]]]]},"properties":{"lga_code_2024":"36720","lga_name_2024":"Sunshine Coast","state_name_2021":"Queensland"},"id":36720},{"type":"Feature","geometry":{"type":"Polygon","coordinates":[[[144.752,-18.2161],[144.7408,-18.3186],[144.7601,-18.3563],[144.8552,-18.3696],[144.8367,-18.4932],[144.8805,-18.4975],[144.8782,-18.518],[144.9241,-18.5229],[144.9218,-18.5015],[144.9516,-18.5043],[144.9513,-18.4772],[144.9619,-18.4859],[144.9689,-18.4691],[144.9811,-18.5071],[145.0477,-18.5135],[145.0536,-18.5491],[145.1013,-18.5685],[145.1279,-18.5576],[145.1342,-18.5777],[145.1825,-18.5114],[145.1842,-18.4948],[145.1727,-18.4892],[145.1857,-18.4798],[145.1835,-18.4317],[145.1643,-18.4151],[145.1613,-18.3907],[145.1328,-18.3797],[145.1345,-18.3619],[145.1557,-18.3649],[145.1666,-18.3468],[145.2679,-18.355],[145.26,-18.4273],[145.2865,-18.43],[145.2791,-18.4396],[145.3024,-18.4556],[145.297,-18.4642],[145.384,-18.5704],[145.4942,-18.577],[145.4997,-18.4624],[145.7169,-18.4877],[145.708,-18.4709],[145.7309,-18.4641],[145.7292,-18.4535],[145.755,-18.4385],[145.7558,-18.4081],[145.7692,-18.4094],[145.7181,-18.357],[145.7866,-18.3042],[145.8096,-18.3046],[145.8152,-18.2857],[145.7995,-18.2681],[145.8073,-18.2456],[145.7802,-18.2033],[145.7844,-18.1809],[145.7515,-18.1566],[145.7052,-18.179],[145.6852,-18.1684],[145.7035,-18.1411],[145.7051,-18.1013],[145.6891,-18.092],[145.6677,-18.103],[145.6419,-18.0815],[145.6535,-18.0294],[145.6222,-18.0212],[145.6234,-18.008],[145.6532,-17.9714],[145.6519,-17.9574],[145.679,-17.9456],[145.6844,-17.898],[145.6718,-17.8702],[145.6549,-17.8624],[145.6554,-17.8158],[145.5726,-17.7829],[145.577,-17.7408],[145.6515,-17.7269],[145.641,-17.7071],[145.6614,-17.6796],[145.6407,-17.6568],[145.6824,-17.6788],[145.6788,-17.6666],[145.6955,-17.661],[145.7074,-17.5568],[145.7306,-17.5582],[145.7405,-17.5465],[145.7161,-17.497],[145.8339,-17.5086],[145.8399,-17.4542],[145.8212,-17.3939],[145.7813,-17.3544],[145.8005,-17.2965],[145.7738,-17.2388],[145.7563,-17.2485],[145.7206,-17.2318],[145.7041,-17.2122],[145.7047,-17.1746],[145.6703,-17.1714],[145.6554,-17.1265],[145.6245,-17.091],[145.5798,-17.0934],[145.5695,-17.106],[145.5742,-17.1321],[145.5302,-17.1438],[145.5132,-17.1698],[145.481,-17.1386],[145.4582,-17.1364],[145.4544,-17.1507],[145.443,-17.1496],[145.4427,-17.1294],[145.4269,-17.1212],[145.4355,-17.1038],[145.4117,-17.1018],[145.4127,-17.0905],[145.3889,-17.0972],[145.3809,-17.1342],[145.4137,-17.1536],[145.4075,-17.2122],[145.4362,-17.3058],[145.4211,-17.3092],[145.4205,-17.3314],[145.4079,-17.332],[145.3975,-17.3534],[145.36,-17.3665],[145.3589,-17.3845],[145.3105,-17.3898],[145.3055,-17.411],[145.2586,-17.413],[145.2499,-17.4459],[145.2295,-17.465],[145.2243,-17.5286],[145.1841,-17.5148],[145.1554,-17.5386],[145.1279,-17.535],[145.0581,-17.5662],[145.0483,-17.601],[145.0212,-17.616],[144.9944,-17.6065],[144.9734,-17.6441],[144.9748,-17.6875],[144.9511,-17.7193],[144.9661,-17.7444],[144.9384,-17.7881],[144.9144,-17.797],[144.916,-17.8159],[144.8946,-17.8363],[144.9068,-17.8654],[144.8807,-17.8648],[144.868,-17.901],[144.8766,-17.9551],[144.8558,-17.9802],[144.8766,-18.0299],[144.8637,-18.1129],[144.8576,-18.1267],[144.8137,-18.1461],[144.8037,-18.1096],[144.7623,-18.1295],[144.752,-18.2161]]]},"properties":{"lga_code_2024":"36820","lga_name_2024":"Tablelands","state_name_2021":"Queensland"},"id":36820},{"type":"Feature","geometry":{"type":"Polygon","coordinates":[[[151.6476,-26.9132],[151.6745,-26.9584],[151.6642,-26.9897],[151.6275,-27.0026],[151.6231,-27.0301],[151.6009,-27.0305],[151.5967,-27.058],[151.5812,-27.056],[151.5685,-27.1248],[151.5462,-27.1153],[151.4812,-27.1244],[151.483,-27.1132],[151.4649,-27.1108],[151.4505,-27.2787],[151.3377,-27.2078],[151.3086,-27.4138],[151.1931,-27.3988],[151.1974,-27.384],[151.0878,-27.3764],[151.0765,-27.5719],[151.0477,-27.5837],[150.9271,-27.5719],[150.9273,-27.534],[150.8677,-27.5459],[150.8345,-27.5075],[150.7567,-27.5993],[150.7405,-27.7535],[150.7027,-27.9345],[150.735,-27.9485],[150.742,-27.9756],[150.7509,-27.9698],[150.7951,-27.9925],[150.8052,-28.0148],[150.8321,-28.0305],[150.8256,-28.0542],[150.8364,-28.0651],[151.0557,-28.094],[151.0376,-28.1412],[151.0467,-28.1671],[151.1255,-28.1764],[151.1732,-28.167],[151.1706,-28.1819],[151.1946,-28.1755],[151.2733,-28.1923],[151.3093,-28.1723],[151.3401,-28.1782],[151.3668,-28.1562],[151.3969,-28.1674],[151.4411,-28.1518],[151.4456,-28.1049],[151.4598,-28.107],[151.4723,-28.0872],[151.4956,-28.0896],[151.5071,-28.0156],[151.5365,-28.0191],[151.5434,-27.9741],[151.7221,-27.9919],[151.7647,-28.0031],[151.7776,-28.0233],[151.8078,-27.997],[151.9171,-28.0126],[151.9073,-27.9918],[151.9191,-27.99],[151.9221,-27.9731],[151.9735,-27.98],[151.976,-27.9674],[151.9984,-27.9704],[151.9948,-27.9595],[152.0744,-27.9613],[152.1067,-27.9397],[152.1494,-27.937],[152.1638,-27.9557],[152.2037,-27.943],[152.2505,-27.9602],[152.1885,-27.9242],[152.1759,-27.8874],[152.1512,-27.8766],[152.1531,-27.8363],[152.1379,-27.814],[152.1491,-27.8066],[152.1305,-27.7838],[152.1394,-27.7797],[152.1013,-27.7652],[152.1048,-27.7456],[152.0853,-27.76],[152.0765,-27.7292],[152.0318,-27.7163],[152.034,-27.7029],[152.0015,-27.7026],[151.984,-27.6472],[151.9561,-27.6496],[151.9421,-27.6321],[151.9481,-27.6176],[151.978,-27.6212],[151.9742,-27.6093],[151.9894,-27.6081],[151.9972,-27.586],[152.016,-27.5844],[151.9962,-27.5807],[152.0047,-27.5485],[151.9882,-27.536],[151.9985,-27.5253],[151.9701,-27.518],[151.964,-27.5294],[151.9552,-27.5143],[151.9682,-27.5039],[151.9642,-27.4705],[152.0195,-27.4487],[152.0168,-27.4221],[152.0548,-27.4126],[152.0538,-27.392],[152.0699,-27.4037],[152.0894,-27.397],[152.1616,-27.4467],[152.1796,-27.4072],[152.1975,-27.4093],[152.1908,-27.3821],[152.2015,-27.3597],[152.1914,-27.3661],[152.2015,-27.322],[152.1901,-27.3204],[152.2062,-27.292],[152.1964,-27.2722],[152.1644,-27.2889],[152.152,-27.2694],[152.2255,-27.2287],[152.2361,-27.2037],[152.1589,-27.2064],[152.1616,-27.189],[152.1885,-27.1691],[152.134,-27.1416],[152.1823,-27.0901],[152.1852,-27.0614],[152.2187,-27.078],[152.2274,-27.061],[152.1949,-27.0567],[152.1924,-27.027],[152.221,-27.0222],[152.1866,-27.0067],[152.1888,-26.9939],[152.1733,-26.9893],[152.1832,-26.9776],[152.1258,-26.9548],[152.1452,-26.9267],[152.1471,-26.8991],[152.108,-26.9032],[152.0711,-26.9271],[152.0506,-26.9193],[152.0759,-26.861],[152.0341,-26.8541],[152.0729,-26.8182],[152.0531,-26.7669],[152.0322,-26.7827],[152.0077,-26.7694],[151.9793,-26.7866],[151.9735,-26.806],[151.9331,-26.8014],[151.9019,-26.8371],[151.8865,-26.8794],[151.8434,-26.8976],[151.8133,-26.9326],[151.7233,-26.9479],[151.666,-26.9105],[151.6476,-26.9132]]]},"properties":{"lga_code_2024":"36910","lga_name_2024":"Toowoomba","state_name_2021":"Queensland"},"id":36910},{"type":"Feature","geometry":{"type":"MultiPolygon","coordinates":[[[[142.4016,-10.9985],[142.7459,-10.9953],[142.7163,-10.9611],[142.6981,-10.9779],[142.6807,-10.9716],[142.6678,-10.9447],[142.6148,-10.9419],[142.6191,-10.9165],[142.6043,-10.9121],[142.6167,-10.9151],[142.6165,-10.8923],[142.5892,-10.8682],[142.5953,-10.8911],[142.5834,-10.9013],[142.5946,-10.8893],[142.5751,-10.8696],[142.5745,-10.887],[142.5575,-10.8741],[142.5426,-10.9022],[142.5558,-10.9134],[142.5433,-10.9079],[142.4821,-10.9784],[142.5001,-10.9544],[142.4978,-10.9391],[142.4887,-10.9441],[142.5011,-10.9177],[142.5161,-10.9094],[142.5104,-10.8612],[142.5185,-10.8416],[142.5369,-10.8353],[142.5626,-10.7615],[142.5289,-10.7389],[142.5546,-10.7197],[142.5309,-10.6875],[142.4987,-10.7167],[142.4594,-10.7203],[142.4383,-10.7082],[142.4231,-10.7272],[142.5171,-10.7386],[142.507,-10.7668],[142.4615,-10.789],[142.4814,-10.8062],[142.428,-10.9144],[142.4286,-10.9542],[142.4536,-10.9792],[142.4364,-10.9809],[142.4219,-10.9642],[142.4294,-10.9821],[142.4016,-10.9985]]],[[[142.3526,-10.5464],[142.3551,-10.5439],[142.3523,-10.5434],[142.3526,-10.5464]]],[[[142.3086,-10.5138],[142.2842,-10.5271],[142.3003,-10.5423],[142.3201,-10.5377],[142.3122,-10.5055],[142.3086,-10.5138]]],[[[142.2291,-10.3525],[142.2294,-10.3516],[142.2263,-10.351],[142.2291,-10.3525]]],[[[142.1097,-10.3476],[142.1113,-10.3472],[142.1105,-10.3431],[142.1097,-10.3476]]],[[[142.0922,-10.3177],[142.0929,-10.3154],[142.0913,-10.3169],[142.0922,-10.3177]]],[[[142.1002,-10.2953],[142.1059,-10.2904],[142.1029,-10.2866],[142.1002,-10.2953]]],[[[142.1172,-10.1891],[142.1186,-10.1938],[142.1173,-10.1875],[142.1172,-10.1891]]],[[[142.5131,-10.1953],[142.5157,-10.1873],[142.5041,-10.1838],[142.5131,-10.1953]]],[[[142.6747,-10.1684],[142.6806,-10.1718],[142.6734,-10.1664],[142.6747,-10.1684]]],[[[142.5058,-10.1592],[142.5148,-10.1609],[142.513,-10.1554],[142.5058,-10.1592]]],[[[142.9058,-10.1542],[142.9064,-10.1544],[142.9073,-10.1535],[142.9058,-10.1542]]],[[[142.9104,-10.1519],[142.9108,-10.151],[142.9102,-10.1516],[142.9104,-10.1519]]],[[[142.9165,-10.151],[142.917,-10.1499],[142.9162,-10.1508],[142.9165,-10.151]]],[[[142.9239,-10.1498],[142.9245,-10.1498],[142.9238,-10.1488],[142.9239,-10.1498]]],[[[142.0748,-10.1175],[142.0737,-10.1164],[142.0743,-10.1187],[142.0748,-10.1175]]],[[[142.3573,-10.1161],[142.3605,-10.1183],[142.3597,-10.1151],[142.3573,-10.1161]]],[[[143.3191,-10.1077],[143.3216,-10.1051],[143.3186,-10.1058],[143.3191,-10.1077]]],[[[142.3442,-10.1055],[142.3459,-10.1053],[142.3446,-10.1044],[142.3442,-10.1055]]],[[[142.8168,-10.1014],[142.8171,-10.1003],[142.8165,-10.1008],[142.8168,-10.1014]]],[[[142.0807,-10.1001],[142.0814,-10.0998],[142.0812,-10.099],[142.0807,-10.1001]]],[[[142.089,-10.0919],[142.091,-10.0901],[142.089,-10.0901],[142.089,-10.0919]]],[[[142.3263,-10.0799],[142.3248,-10.081],[142.3301,-10.0845],[142.3263,-10.0799]]],[[[142.0949,-10.0772],[142.0958,-10.0769],[142.0954,-10.0754],[142.0949,-10.0772]]],[[[142.2649,-10.0753],[142.2642,-10.071],[142.2637,-10.075],[142.2649,-10.0753]]],[[[142.8353,-10.0359],[142.8576,-10.0531],[142.8678,-10.0408],[142.8482,-10.0174],[142.8266,-10.0237],[142.8353,-10.0359]]],[[[142.129,-10.0297],[142.1299,-10.0275],[142.1284,-10.026],[142.129,-10.0297]]],[[[143.0275,-9.9971],[143.0321,-9.9973],[143.0262,-9.9955],[143.0275,-9.9971]]],[[[143.1135,-9.989],[143.1268,-9.9845],[143.1182,-9.9856],[143.1135,-9.989]]],[[[142.2375,-9.9773],[142.2403,-9.9779],[142.2388,-9.9758],[142.2375,-9.9773]]],[[[142.2165,-9.9729],[142.2171,-9.972],[142.2154,-9.972],[142.2165,-9.9729]]],[[[142.1601,-9.9558],[142.1649,-9.9584],[142.1625,-9.9546],[142.1601,-9.9558]]],[[[142.2103,-9.9576],[142.2119,-9.9574],[142.2085,-9.9523],[142.2103,-9.9576]]],[[[143.3948,-9.9563],[143.3985,-9.9544],[143.3988,-9.9524],[143.3948,-9.9563]]],[[[143.2859,-9.9542],[143.285,-9.958],[143.2941,-9.947],[143.2859,-9.9542]]],[[[142.1768,-9.9366],[142.1793,-9.937],[142.1787,-9.936],[142.1768,-9.9366]]],[[[142.1628,-9.9339],[142.1643,-9.9353],[142.1644,-9.9338],[142.1628,-9.9339]]],[[[143.4835,-9.8861],[143.4873,-9.8833],[143.4854,-9.881],[143.4835,-9.8861]]],[[[143.3911,-9.8718],[143.3978,-9.8687],[143.394,-9.8678],[143.3911,-9.8718]]],[[[143.1693,-9.8698],[143.1738,-9.8688],[143.1708,-9.8676],[143.1693,-9.8698]]],[[[143.3056,-9.8654],[143.3087,-9.8641],[143.3096,-9.8614],[143.3056,-9.8654]]],[[[142.8994,-9.8582],[142.9126,-9.8668],[142.9486,-9.8556],[142.9173,-9.843],[142.9004,-9.8461],[142.8994,-9.8582]]],[[[142.7093,-9.8346],[142.7172,-9.8365],[142.708,-9.8322],[142.7093,-9.8346]]],[[[141.4192,-9.8254],[141.4305,-9.8233],[141.4265,-9.8216],[141.4192,-9.8254]]],[[[143.4064,-9.8241],[143.4088,-9.8224],[143.4087,-9.819],[143.4064,-9.8241]]],[[[142.9753,-9.7973],[142.9717,-9.8033],[142.9742,-9.8079],[142.9753,-9.7973]]],[[[142.649,-9.7648],[142.6284,-9.7578],[142.622,-9.7726],[142.649,-9.7648]]],[[[143.2565,-9.7682],[143.2678,-9.7632],[143.2576,-9.765],[143.2565,-9.7682]]],[[[143.3196,-9.764],[143.3217,-9.7623],[143.3199,-9.7619],[143.3196,-9.764]]],[[[143.4404,-9.7478],[143.4527,-9.7333],[143.4481,-9.7369],[143.4404,-9.7478]]],[[[143.3585,-9.7156],[143.3665,-9.7126],[143.3622,-9.712],[143.3585,-9.7156]]],[[[143.6532,-9.5692],[143.6553,-9.5662],[143.6511,-9.5683],[143.6532,-9.5692]]],[[[143.487,-9.5714],[143.4984,-9.5609],[143.4962,-9.5611],[143.487,-9.5714]]],[[[142.3185,-9.564],[142.2793,-9.5492],[142.2583,-9.5539],[142.3067,-9.5743],[142.3185,-9.564]]],[[[141.5746,-9.5154],[141.573,-9.5129],[141.5683,-9.5234],[141.5746,-9.5154]]],[[[142.7596,-10.9975],[142.7582,-10.9982],[142.7595,-10.9993],[142.7596,-10.9975]]],[[[142.6948,-10.8894],[142.6943,-10.8865],[142.692,-10.8871],[142.6948,-10.8894]]],[[[142.025,-10.8482],[142.0237,-10.8512],[142.0258,-10.8503],[142.025,-10.8482]]],[[[142.5957,-10.7048],[142.5963,-10.703],[142.5955,-10.7036],[142.5957,-10.7048]]],[[[142.5314,-10.683],[142.5347,-10.6812],[142.532,-10.6813],[142.5314,-10.683]]],[[[142.6689,-10.667],[142.6694,-10.6663],[142.6688,-10.6666],[142.6689,-10.667]]],[[[142.7554,-10.6579],[142.7543,-10.6565],[142.751,-10.6567],[142.7554,-10.6579]]],[[[142.6797,-10.6415],[142.6805,-10.6404],[142.6793,-10.6403],[142.6797,-10.6415]]],[[[141.9097,-10.6053],[141.912,-10.604],[141.9094,-10.6031],[141.9097,-10.6053]]],[[[142.6371,-10.5988],[142.6387,-10.5986],[142.6378,-10.5968],[142.6371,-10.5988]]],[[[142.1538,-10.5708],[142.1719,-10.5543],[142.147,-10.5634],[142.1538,-10.5708]]],[[[142.3476,-10.5486],[142.3435,-10.5502],[142.3444,-10.5532],[142.3476,-10.5486]]],[[[143.0998,-10.5188],[143.098,-10.5198],[143.0999,-10.5202],[143.0998,-10.5188]]],[[[142.4466,-10.4959],[142.4474,-10.4947],[142.4466,-10.495],[142.4466,-10.4959]]],[[[142.4466,-10.4635],[142.4503,-10.4628],[142.4466,-10.4602],[142.4466,-10.4635]]],[[[142.4381,-10.4636],[142.4417,-10.4615],[142.4376,-10.4608],[142.4381,-10.4636]]],[[[142.0499,-10.3668],[142.0623,-10.3549],[142.0505,-10.3558],[142.0499,-10.3668]]],[[[142.1018,-10.2775],[142.1078,-10.2816],[142.0993,-10.2726],[142.1018,-10.2775]]],[[[142.0768,-10.26],[142.069,-10.2653],[142.0789,-10.2664],[142.0768,-10.26]]],[[[142.4875,-10.2494],[142.4741,-10.2514],[142.4829,-10.261],[142.4875,-10.2494]]],[[[142.0752,-10.2314],[142.0791,-10.2413],[142.0813,-10.2376],[142.0752,-10.2314]]],[[[142.4879,-10.2355],[142.4884,-10.2345],[142.4871,-10.2345],[142.4879,-10.2355]]],[[[142.0536,-10.2192],[142.054,-10.2163],[142.0529,-10.2179],[142.0536,-10.2192]]],[[[142.167,-10.2001],[142.1708,-10.2002],[142.1674,-10.1982],[142.167,-10.2001]]],[[[142.2156,-9.9685],[142.2161,-9.9678],[142.2153,-9.9673],[142.2156,-9.9685]]],[[[142.1526,-9.9609],[142.1519,-9.9612],[142.153,-9.9617],[142.1526,-9.9609]]],[[[142.2112,-9.9515],[142.2118,-9.9466],[142.2087,-9.9509],[142.2112,-9.9515]]],[[[142.1592,-9.9463],[142.1654,-9.9473],[142.1563,-9.9414],[142.1592,-9.9463]]],[[[142.17,-9.9414],[142.1728,-9.9424],[142.174,-9.9397],[142.17,-9.9414]]],[[[143.4286,-9.6883],[143.4278,-9.6893],[143.4325,-9.6862],[143.4286,-9.6883]]],[[[143.6621,-9.6129],[143.6633,-9.6124],[143.6612,-9.6118],[143.6621,-9.6129]]],[[[141.5685,-9.611],[141.5705,-9.6086],[141.5689,-9.6093],[141.5685,-9.611]]],[[[143.8601,-9.4778],[143.8604,-9.4766],[143.8595,-9.4775],[143.8601,-9.4778]]],[[[142.1551,-9.2474],[142.1557,-9.247],[142.1551,-9.2463],[142.1551,-9.2474]]],[[[143.8759,-9.1437],[143.8775,-9.1429],[143.8742,-9.1425],[143.8759,-9.1437]]],[[[142.0833,-10.2451],[142.0863,-10.2461],[142.0872,-10.2413],[142.0833,-10.2451]]],[[[142.1747,-9.9459],[142.1737,-9.9436],[142.1729,-9.9449],[142.1747,-9.9459]]],[[[143.299,-9.6168],[143.3113,-9.6085],[143.2998,-9.6123],[143.299,-9.6168]]],[[[142.2166,-10.9226],[142.2055,-10.9141],[142.1767,-10.9213],[142.133,-10.9482],[142.1294,-10.9624],[142.1671,-11.0037],[142.2296,-10.9477],[142.2151,-10.9423],[142.2166,-10.9226]]],[[[142.0269,-10.8521],[142.0279,-10.8514],[142.0267,-10.8516],[142.0269,-10.8521]]],[[[142.0327,-10.8855],[142.037,-10.8819],[142.0346,-10.8798],[142.0327,-10.8855]]],[[[142.406,-10.794],[142.4187,-10.7863],[142.4121,-10.7787],[142.406,-10.794]]],[[[142.5282,-10.6856],[142.5277,-10.6803],[142.5263,-10.685],[142.5282,-10.6856]]],[[[142.28,-10.6891],[142.2805,-10.6885],[142.2797,-10.6884],[142.28,-10.6891]]],[[[142.6144,-10.6114],[142.6184,-10.6059],[142.6129,-10.6086],[142.6144,-10.6114]]],[[[142.6084,-10.6131],[142.6116,-10.6116],[142.6083,-10.611],[142.6084,-10.6131]]],[[[142.155,-10.2273],[142.1539,-10.2198],[142.1489,-10.2186],[142.155,-10.2273]]],[[[142.0674,-10.2239],[142.0665,-10.2209],[142.066,-10.2225],[142.0674,-10.2239]]],[[[142.1256,-10.3629],[142.1356,-10.3886],[142.138,-10.3625],[142.1256,-10.3629]]],[[[142.3625,-10.3682],[142.3647,-10.3676],[142.3622,-10.3654],[142.3625,-10.3682]]],[[[142.638,-10.9163],[142.6209,-10.9222],[142.6353,-10.927],[142.638,-10.9163]]],[[[142.4498,-10.496],[142.4516,-10.4964],[142.4502,-10.4948],[142.4498,-10.496]]],[[[142.2103,-9.9617],[142.2111,-9.9596],[142.2096,-9.9609],[142.2103,-9.9617]]],[[[142.21,-9.963],[142.2094,-9.9616],[142.2092,-9.963],[142.21,-9.963]]],[[[142.6697,-9.3732],[142.7255,-9.3683],[142.6889,-9.3583],[142.6697,-9.3732]]],[[[142.6638,-9.3647],[142.6698,-9.3627],[142.664,-9.3615],[142.6638,-9.3647]]],[[[142.6038,-10.7361],[142.6224,-10.7461],[142.615,-10.7209],[142.5844,-10.7144],[142.6038,-10.7361]]],[[[142.2857,-10.7243],[142.2935,-10.7341],[142.305,-10.7242],[142.2951,-10.7017],[142.2857,-10.7243]]],[[[142.3849,-10.7475],[142.4075,-10.7089],[142.3897,-10.718],[142.3849,-10.7475]]],[[[142.2255,-10.7399],[142.2202,-10.7393],[142.2241,-10.7476],[142.2255,-10.7399]]],[[[142.3704,-10.7673],[142.3761,-10.7564],[142.3697,-10.7614],[142.3704,-10.7673]]],[[[142.3489,-10.7087],[142.3577,-10.6978],[142.3493,-10.7031],[142.3489,-10.7087]]],[[[142.4147,-10.7229],[142.4127,-10.7286],[142.4157,-10.7274],[142.4147,-10.7229]]],[[[142.6227,-10.7221],[142.626,-10.7199],[142.6217,-10.7182],[142.6227,-10.7221]]],[[[142.5562,-10.7098],[142.5601,-10.7097],[142.5532,-10.7084],[142.5562,-10.7098]]],[[[142.3799,-10.7049],[142.3846,-10.7009],[142.382,-10.7003],[142.3799,-10.7049]]],[[[142.3435,-10.7173],[142.3441,-10.7132],[142.342,-10.7145],[142.3435,-10.7173]]],[[[142.4078,-10.7437],[142.4115,-10.7394],[142.411,-10.7378],[142.4078,-10.7437]]],[[[142.3856,-10.7684],[142.3874,-10.7687],[142.387,-10.7659],[142.3856,-10.7684]]],[[[142.5967,-10.71],[142.5966,-10.7066],[142.5956,-10.7092],[142.5967,-10.71]]],[[[142.2553,-10.7371],[142.2554,-10.7348],[142.2541,-10.736],[142.2553,-10.7371]]],[[[142.4923,-10.6962],[142.4927,-10.6943],[142.4917,-10.6942],[142.4923,-10.6962]]],[[[142.3694,-10.713],[142.3698,-10.7137],[142.371,-10.7128],[142.3694,-10.713]]],[[[142.4181,-10.7362],[142.4193,-10.7357],[142.4184,-10.7353],[142.4181,-10.7362]]],[[[142.212,-10.7651],[142.2126,-10.7634],[142.2117,-10.7638],[142.212,-10.7651]]],[[[142.7014,-10.9427],[142.6902,-10.9201],[142.6519,-10.9148],[142.6667,-10.9363],[142.687,-10.937],[142.6923,-10.9586],[142.7063,-10.9569],[142.7014,-10.9427]]],[[[142.2088,-10.5852],[142.2333,-10.5742],[142.2208,-10.5691],[142.2088,-10.5852]]],[[[142.1578,-9.2437],[142.1882,-9.2316],[142.1643,-9.2239],[142.1578,-9.2437]]],[[[142.2347,-9.2254],[142.2516,-9.233],[142.2438,-9.2227],[142.2347,-9.2254]]],[[[142.1466,-9.2315],[142.1516,-9.2262],[142.1447,-9.2266],[142.1466,-9.2315]]],[[[142.1476,-9.2258],[142.1523,-9.2223],[142.1458,-9.2232],[142.1476,-9.2258]]],[[[142.1553,-9.2363],[142.1602,-9.2308],[142.1583,-9.2276],[142.1553,-9.2363]]],[[[142.1539,-9.2353],[142.1571,-9.2325],[142.1573,-9.2288],[142.1539,-9.2353]]],[[[142.1552,-9.2289],[142.1578,-9.226],[142.1548,-9.2261],[142.1552,-9.2289]]],[[[142.1604,-9.2291],[142.1609,-9.2267],[142.159,-9.226],[142.1604,-9.2291]]],[[[142.1522,-9.2314],[142.1536,-9.2289],[142.1526,-9.2278],[142.1522,-9.2314]]],[[[142.1565,-9.2372],[142.1583,-9.2361],[142.1584,-9.2352],[142.1565,-9.2372]]],[[[142.1508,-9.232],[142.1511,-9.2314],[142.1504,-9.2313],[142.1508,-9.232]]],[[[142.165,-10.2259],[142.1727,-10.2257],[142.1726,-10.2073],[142.165,-10.2259]]],[[[142.1964,-10.5942],[142.1423,-10.6412],[142.1219,-10.643],[142.1102,-10.6627],[142.1142,-10.7221],[142.1386,-10.7371],[142.1501,-10.7649],[142.1779,-10.7709],[142.2069,-10.7264],[142.2274,-10.7207],[142.2302,-10.7395],[142.2429,-10.7111],[142.2648,-10.7272],[142.2774,-10.7065],[142.2454,-10.6473],[142.1964,-10.5942]]],[[[142.2458,-10.5931],[142.2371,-10.6115],[142.266,-10.6421],[142.2959,-10.6378],[142.3265,-10.6129],[142.3063,-10.5706],[142.2651,-10.5762],[142.2458,-10.5931]]],[[[142.6368,-10.6285],[142.6508,-10.6378],[142.6381,-10.6495],[142.6473,-10.6566],[142.6671,-10.6303],[142.6412,-10.6178],[142.6368,-10.6285]]],[[[142.1778,-10.5919],[142.145,-10.5963],[142.169,-10.6059],[142.1778,-10.5919]]],[[[142.6157,-10.6007],[142.6293,-10.5987],[142.612,-10.5908],[142.6157,-10.6007]]],[[[142.6534,-10.623],[142.6525,-10.62],[142.6523,-10.6229],[142.6534,-10.623]]],[[[142.1495,-10.2042],[142.1464,-10.2005],[142.1422,-10.21],[142.1495,-10.2042]]]]},"properties":{"lga_code_2024":"36950","lga_name_2024":"Torres","state_name_2021":"Queensland"},"id":36950},{"type":"Feature","geometry":{"type":"MultiPolygon","coordinates":[[[[142.3149,-10.2171],[142.3441,-10.169],[142.3255,-10.1351],[142.2679,-10.1159],[142.2198,-10.1289],[142.2107,-10.1708],[142.1859,-10.1904],[142.216,-10.2379],[142.2411,-10.2343],[142.2768,-10.2597],[142.3149,-10.2171]]],[[[142.782,-9.9015],[142.7651,-9.8947],[142.7686,-9.9051],[142.782,-9.9015]]],[[[143.4019,-9.7494],[143.4007,-9.7574],[143.4237,-9.7502],[143.4019,-9.7494]]],[[[143.7757,-9.5756],[143.7574,-9.5823],[143.7612,-9.5991],[143.7831,-9.5872],[143.7757,-9.5756]]],[[[143.5426,-9.5092],[143.549,-9.5068],[143.5442,-9.5046],[143.5426,-9.5092]]],[[[142.5276,-9.4219],[142.5324,-9.4363],[142.552,-9.4208],[142.5294,-9.4104],[142.5276,-9.4219]]],[[[142.6895,-9.3765],[142.6446,-9.3652],[142.6005,-9.3858],[142.5978,-9.4076],[142.6516,-9.428],[142.7073,-9.4283],[142.8009,-9.382],[142.7977,-9.3722],[142.7572,-9.3669],[142.6895,-9.3765]]],[[[142.1334,-9.2692],[142.1923,-9.2869],[142.2723,-9.2898],[142.2949,-9.2627],[142.2665,-9.2507],[142.2426,-9.2589],[142.2219,-9.2293],[142.1334,-9.2692]]],[[[142.2162,-10.5222],[142.1804,-10.5609],[142.1952,-10.575],[142.2191,-10.5632],[142.2313,-10.5369],[142.2162,-10.5222]]],[[[143.061,-10.0504],[143.0781,-10.0506],[143.0716,-10.0488],[143.061,-10.0504]]],[[[142.1752,-9.9693],[142.1998,-9.9464],[142.1655,-9.95],[142.1752,-9.9693]]],[[[144.0638,-9.9118],[144.0414,-9.9132],[144.0417,-9.9253],[144.0638,-9.9118]]],[[[144.0219,-9.9426],[144.0241,-9.9473],[144.0317,-9.9479],[144.0219,-9.9426]]],[[[144.0358,-9.9516],[144.0415,-9.9475],[144.0368,-9.9464],[144.0358,-9.9516]]],[[[142.828,-10.2552],[142.8322,-10.2539],[142.8266,-10.2543],[142.828,-10.2552]]],[[[142.1194,-10.1493],[142.1343,-10.1788],[142.1637,-10.1815],[142.1701,-10.1599],[142.1872,-10.1517],[142.193,-10.1071],[142.1819,-10.0593],[142.1136,-10.069],[142.0851,-10.1134],[142.0932,-10.1376],[142.1194,-10.1493]]],[[[142.8179,-10.209],[142.8249,-10.2107],[142.8302,-10.2059],[142.8179,-10.209]]],[[[142.8224,-10.1453],[142.8157,-10.1465],[142.8201,-10.1469],[142.8224,-10.1453]]]]},"properties":{"lga_code_2024":"36960","lga_name_2024":"Torres Strait Island","state_name_2021":"Queensland"},"id":36960},{"type":"Feature","geometry":{"type":"MultiPolygon","coordinates":[[[[146.9302,-19.7831],[146.9926,-19.7592],[147.0202,-19.7157],[147.0303,-19.625],[147.0183,-19.6245],[147.0032,-19.5966],[147.0221,-19.5794],[147.034,-19.5341],[147.0107,-19.4919],[147.0126,-19.475],[147.0365,-19.472],[147.0432,-19.4295],[147.0342,-19.4066],[147.0703,-19.4447],[147.0796,-19.4353],[147.107,-19.4465],[147.1201,-19.42],[147.1139,-19.3878],[147.065,-19.3422],[147.0407,-19.2957],[147.0467,-19.2745],[147.0615,-19.276],[147.0394,-19.2062],[147.0133,-19.182],[147.0218,-19.2158],[146.958,-19.3088],[146.9425,-19.2954],[146.8845,-19.3042],[146.836,-19.2707],[146.8468,-19.2555],[146.8388,-19.243],[146.8205,-19.2524],[146.7896,-19.239],[146.7675,-19.1845],[146.6766,-19.1899],[146.5954,-19.1471],[146.5622,-19.1425],[146.5179,-19.0999],[146.4542,-19.0737],[146.3963,-18.9985],[146.3801,-18.9977],[146.3632,-18.967],[146.3363,-18.9563],[146.3237,-18.9285],[146.2905,-18.9348],[146.2874,-18.9525],[146.2622,-18.9518],[146.2086,-18.9191],[146.1974,-18.9442],[146.1469,-18.9408],[146.176,-19.0134],[146.243,-19.0106],[146.2366,-19.0448],[146.2707,-19.0464],[146.3,-19.069],[146.3245,-19.1241],[146.3776,-19.1246],[146.3969,-19.1521],[146.3839,-19.1623],[146.3945,-19.1864],[146.4223,-19.2134],[146.4004,-19.2515],[146.4224,-19.2769],[146.4048,-19.2909],[146.4235,-19.2882],[146.4255,-19.2999],[146.4447,-19.3005],[146.4459,-19.3128],[146.4651,-19.3198],[146.4439,-19.3343],[146.4611,-19.3414],[146.4552,-19.3555],[146.47,-19.3736],[146.4991,-19.3766],[146.5183,-19.4023],[146.5352,-19.3935],[146.5538,-19.4167],[146.5638,-19.4002],[146.561,-19.4514],[146.5769,-19.4612],[146.5852,-19.5112],[146.5614,-19.5237],[146.5424,-19.5555],[146.5483,-19.5716],[146.5378,-19.5824],[146.5556,-19.6123],[146.5587,-19.6554],[146.5558,-19.6817],[146.54,-19.6864],[146.8426,-19.721],[146.8331,-19.7585],[146.9302,-19.7831]]],[[[146.6325,-19.0241],[146.6292,-19.0332],[146.6429,-19.0323],[146.6325,-19.0241]]],[[[146.6353,-18.9651],[146.6432,-18.9621],[146.6318,-18.9635],[146.6353,-18.9651]]],[[[146.6015,-19.0372],[146.6213,-19.0305],[146.6008,-19.0298],[146.6015,-19.0372]]],[[[147.0623,-19.2725],[147.0627,-19.2731],[147.0636,-19.2731],[147.0623,-19.2725]]],[[[147.0715,-19.2576],[147.0728,-19.2579],[147.0721,-19.2573],[147.0715,-19.2576]]],[[[147.0641,-19.2466],[147.0617,-19.2458],[147.0626,-19.2477],[147.0641,-19.2466]]],[[[147.0615,-19.2461],[147.0616,-19.246],[147.0616,-19.2458],[147.0615,-19.2461]]],[[[147.0467,-19.2754],[147.0498,-19.2743],[147.0472,-19.2744],[147.0467,-19.2754]]],[[[147.0609,-19.2701],[147.0609,-19.2698],[147.0608,-19.27],[147.0609,-19.2701]]],[[[146.8647,-19.1146],[146.8325,-19.1048],[146.8155,-19.1175],[146.79,-19.1151],[146.779,-19.1292],[146.8042,-19.1613],[146.8461,-19.1818],[146.8508,-19.1601],[146.8728,-19.1531],[146.8835,-19.1269],[146.883,-19.1115],[146.8621,-19.1025],[146.8647,-19.1146]]]]},"properties":{"lga_code_2024":"37010","lga_name_2024":"Townsville","state_name_2021":"Queensland"},"id":37010},{"type":"Feature","geometry":{"type":"MultiPolygon","coordinates":[[[[141.8521,-12.6384],[141.8622,-12.6475],[141.8461,-12.6651],[141.86,-12.6652],[141.8656,-12.6424],[141.89,-12.6401],[141.8955,-12.6028],[141.8521,-12.6384]]],[[[141.9258,-12.6874],[141.9349,-12.6846],[141.9294,-12.6707],[141.9158,-12.6719],[141.9258,-12.6874]]]]},"properties":{"lga_code_2024":"37300","lga_name_2024":"Weipa","state_name_2021":"Queensland"},"id":37300},{"type":"Feature","geometry":{"type":"Polygon","coordinates":[[[149.4956,-27.7539],[149.4576,-27.9929],[149.6274,-28.0145],[149.632,-27.9871],[149.7865,-28.0063],[149.9318,-27.9672],[150.0659,-27.9855],[150.0695,-27.9582],[150.1169,-27.9633],[150.1363,-27.9105],[150.1567,-27.9226],[150.2233,-27.8943],[150.2483,-27.9077],[150.2461,-27.8518],[150.2767,-27.8516],[150.2742,-27.8028],[150.3264,-27.8087],[150.3351,-27.7614],[150.3869,-27.7833],[150.3831,-27.7643],[150.41,-27.7465],[150.4392,-27.7683],[150.4582,-27.7603],[150.489,-27.7879],[150.5137,-27.766],[150.5921,-27.79],[150.6335,-27.8255],[150.6464,-27.8951],[150.6742,-27.9037],[150.7027,-27.9345],[150.7405,-27.7535],[150.7567,-27.5993],[150.8252,-27.5106],[150.8345,-27.5075],[150.8677,-27.5459],[150.9273,-27.534],[150.9271,-27.5719],[151.0477,-27.5837],[151.0765,-27.5719],[151.0878,-27.3764],[151.1974,-27.384],[151.1931,-27.3988],[151.3083,-27.414],[151.3377,-27.2078],[151.4505,-27.2787],[151.4649,-27.1108],[151.483,-27.1132],[151.4812,-27.1244],[151.5462,-27.1153],[151.5685,-27.1248],[151.5812,-27.056],[151.5967,-27.058],[151.6009,-27.0305],[151.6231,-27.0301],[151.6275,-27.0026],[151.6642,-26.9897],[151.6689,-26.9384],[151.6302,-26.8989],[151.5772,-26.8799],[151.5682,-26.8533],[151.5164,-26.7991],[151.5198,-26.7666],[151.4208,-26.746],[151.417,-26.698],[151.3919,-26.6842],[151.4092,-26.6606],[151.3948,-26.6388],[151.3711,-26.632],[151.3228,-26.5858],[151.3138,-26.591],[151.2875,-26.5449],[151.2576,-26.5482],[151.2467,-26.5265],[151.2122,-26.514],[151.2077,-26.4788],[151.077,-26.4628],[151.1149,-26.3793],[151.1357,-26.2631],[151.0167,-26.2562],[151.0132,-26.1919],[151.0998,-26.1603],[151.1159,-26.1409],[151.1393,-26.1592],[151.1588,-26.1545],[151.1499,-26.1054],[151.1154,-26.1187],[151.0673,-26.0854],[151.0159,-26.0772],[150.984,-26.0078],[150.9331,-26.0132],[150.9141,-26.0041],[150.8496,-26.0564],[150.7898,-26.0489],[150.7636,-25.9816],[150.7144,-25.9849],[150.6728,-25.9696],[150.6689,-25.9427],[150.685,-25.9139],[150.6784,-25.889],[150.6987,-25.8558],[150.6441,-25.7862],[150.6684,-25.7583],[150.6643,-25.7327],[150.6431,-25.7157],[150.6636,-25.6843],[150.6542,-25.6598],[150.5912,-25.6527],[150.5703,-25.6382],[150.5242,-25.6454],[150.4839,-25.6061],[150.441,-25.6016],[150.4365,-25.6614],[150.4185,-25.6752],[150.4341,-25.7336],[150.426,-25.774],[150.3888,-25.8145],[150.3454,-25.8177],[150.3367,-25.7904],[150.2951,-25.7802],[150.2819,-25.7788],[150.2791,-25.7963],[150.1745,-25.7801],[150.1806,-25.8052],[150.1592,-25.8191],[150.1287,-25.8185],[150.0963,-25.7943],[150.0854,-25.812],[150.0559,-25.8131],[150.0499,-25.8399],[150.027,-25.8297],[150.0217,-25.8652],[149.9901,-25.8471],[149.932,-25.8394],[149.8973,-25.8148],[149.8508,-25.8375],[149.8236,-25.8283],[149.8178,-25.8516],[149.7709,-25.8524],[149.783,-25.8907],[149.7714,-25.906],[149.7359,-25.8495],[149.6492,-25.8945],[149.5849,-25.8864],[149.5755,-25.9442],[149.4768,-25.9335],[149.4835,-25.8919],[149.3986,-25.876],[149.3278,-25.9252],[149.3028,-25.9661],[149.0973,-25.9479],[149.1353,-26.0444],[149.2181,-26.0535],[149.2203,-26.1158],[149.1743,-26.163],[149.1633,-26.1972],[149.154,-26.2511],[149.1661,-26.2842],[149.1554,-26.3084],[149.1841,-26.3217],[149.2164,-26.3037],[149.2727,-26.2994],[149.2973,-26.2823],[149.378,-26.2952],[149.3997,-26.2763],[149.4432,-26.3026],[149.4419,-26.3151],[149.4642,-26.3115],[149.4739,-26.2863],[149.5117,-26.2901],[149.4939,-26.3017],[149.508,-26.3085],[149.505,-26.3358],[149.5653,-26.3323],[149.5694,-26.303],[149.7086,-26.3124],[149.7183,-26.2911],[149.8165,-26.3029],[149.8316,-26.3175],[149.8216,-26.3799],[149.7732,-26.4011],[149.7508,-26.39],[149.7462,-26.4186],[149.7318,-26.4167],[149.7285,-26.4372],[149.6855,-26.4649],[149.7276,-26.4703],[149.7014,-26.4985],[149.6971,-26.5171],[149.7107,-26.5336],[149.7075,-26.553],[149.698,-26.551],[149.6964,-26.5912],[149.6702,-26.5879],[149.6672,-26.6063],[149.7019,-26.6109],[149.6967,-26.6438],[149.6712,-26.6683],[149.676,-26.7263],[149.6633,-26.7583],[149.6842,-26.7737],[149.5915,-26.8083],[149.6121,-26.8187],[149.5882,-26.8292],[149.6682,-27.0154],[149.6638,-27.0302],[149.6475,-27.0213],[149.6156,-27.0416],[149.6369,-27.0433],[149.626,-27.0559],[149.6423,-27.0748],[149.6792,-27.0747],[149.5567,-27.1914],[149.5934,-27.2221],[149.502,-27.2939],[149.4579,-27.3679],[149.4965,-27.432],[149.4655,-27.6737],[149.5079,-27.6792],[149.4956,-27.7539]]]},"properties":{"lga_code_2024":"37310","lga_name_2024":"Western Downs","state_name_2021":"Queensland"},"id":37310},{"type":"Feature","geometry":{"type":"MultiPolygon","coordinates":[[[[147.3477,-20.3968],[147.341,-20.4247],[147.2978,-20.4474],[147.2906,-20.4764],[147.301,-20.5038],[147.2786,-20.5546],[147.2414,-20.5845],[147.2146,-20.5767],[147.1797,-20.6047],[147.1561,-20.6517],[147.1118,-20.6359],[147.0789,-20.6528],[147.0622,-20.6271],[147.0363,-20.6293],[147.0148,-20.6062],[146.9734,-20.6219],[146.986,-20.6625],[146.9613,-20.6844],[146.9612,-20.7402],[146.9204,-20.7574],[146.9099,-20.7867],[146.8616,-20.7965],[146.8518,-20.8129],[146.866,-20.886],[146.8535,-20.9192],[146.8837,-20.9993],[146.8604,-21.0312],[146.8488,-21.102],[146.8826,-21.1703],[146.867,-21.1939],[146.8909,-21.2218],[146.9497,-21.2396],[146.9656,-21.2748],[146.9593,-21.3004],[146.882,-21.3628],[146.8737,-21.3937],[146.9097,-21.4411],[146.9041,-21.47],[146.9298,-21.5122],[147.0325,-21.5226],[147.1392,-21.5558],[147.1599,-21.5715],[147.1798,-21.6315],[147.2157,-21.6714],[147.3105,-21.6469],[147.4068,-21.6891],[147.4853,-21.6762],[147.5436,-21.6425],[147.5828,-21.6428],[147.6113,-21.5991],[147.6334,-21.5961],[147.6573,-21.4901],[147.6998,-21.4739],[147.7226,-21.4286],[147.7461,-21.4203],[147.7358,-21.3993],[147.7478,-21.3799],[147.8252,-21.3121],[147.8248,-21.2948],[147.8073,-21.2852],[147.8011,-21.2312],[147.7784,-21.2292],[147.7809,-21.2007],[147.7637,-21.2066],[147.7639,-21.1896],[147.8096,-21.1947],[147.815,-21.2285],[147.8434,-21.2315],[147.8426,-21.2631],[147.8633,-21.2549],[147.8699,-21.2705],[147.8806,-21.2636],[147.9451,-21.2906],[147.9857,-21.2894],[148.0893,-21.2241],[148.094,-21.2026],[148.0648,-21.1711],[148.0179,-21.0777],[148.029,-21.0368],[148.0095,-20.9887],[148.0286,-20.9853],[148.0677,-21.0264],[148.0919,-21.0193],[148.1033,-20.9999],[148.1353,-20.9978],[148.2271,-20.9308],[148.1513,-20.8487],[148.1654,-20.7711],[148.303,-20.7872],[148.3013,-20.8007],[148.3611,-20.8074],[148.457,-20.7371],[148.4479,-20.7358],[148.4483,-20.7011],[148.481,-20.6981],[148.4911,-20.6217],[148.5268,-20.6538],[148.5704,-20.6242],[148.5562,-20.5804],[148.5886,-20.601],[148.6068,-20.5677],[148.6362,-20.5499],[148.6717,-20.569],[148.7151,-20.4948],[148.6843,-20.436],[148.7359,-20.4818],[148.7636,-20.4797],[148.7844,-20.4518],[148.7561,-20.4189],[148.7859,-20.4304],[148.7939,-20.4537],[148.7909,-20.4152],[148.8091,-20.4186],[148.8134,-20.4399],[148.8218,-20.443],[148.8228,-20.4249],[148.8318,-20.4506],[148.8173,-20.4581],[148.8311,-20.475],[148.8243,-20.5009],[148.845,-20.5032],[148.8574,-20.5282],[148.8848,-20.5232],[148.899,-20.5452],[148.9303,-20.5329],[148.8841,-20.4881],[148.8909,-20.477],[148.9112,-20.4795],[148.9028,-20.467],[148.8802,-20.4723],[148.8387,-20.431],[148.8396,-20.3916],[148.8164,-20.3849],[148.8311,-20.3844],[148.8279,-20.3654],[148.8407,-20.3519],[148.8257,-20.3377],[148.8184,-20.3545],[148.807,-20.3426],[148.8223,-20.3319],[148.8163,-20.3215],[148.7919,-20.3213],[148.7691,-20.2997],[148.7664,-20.2869],[148.7855,-20.2933],[148.8018,-20.278],[148.7776,-20.2741],[148.7693,-20.236],[148.7523,-20.2357],[148.7527,-20.2622],[148.7337,-20.2538],[148.7386,-20.2818],[148.7155,-20.2627],[148.6774,-20.2836],[148.6851,-20.2414],[148.679,-20.231],[148.6628,-20.2475],[148.6606,-20.2167],[148.6772,-20.1773],[148.653,-20.2161],[148.6429,-20.2139],[148.6394,-20.1709],[148.63,-20.2195],[148.6012,-20.2109],[148.6199,-20.1767],[148.5992,-20.2013],[148.5826,-20.1976],[148.598,-20.1663],[148.5703,-20.1703],[148.5769,-20.1545],[148.566,-20.15],[148.5799,-20.1344],[148.5548,-20.1139],[148.5629,-20.0667],[148.5299,-20.0938],[148.5133,-20.0933],[148.452,-20.0594],[148.4407,-20.0736],[148.4436,-20.1111],[148.479,-20.1175],[148.4349,-20.1685],[148.342,-20.153],[148.3386,-20.1396],[148.2777,-20.0996],[148.2835,-20.0775],[148.2306,-20.0453],[148.2403,-20.0226],[148.2675,-20.0237],[148.2598,-19.9754],[148.2392,-19.9843],[148.2201,-19.956],[148.1862,-19.9441],[148.1645,-19.958],[148.1132,-19.9414],[148.0801,-19.8819],[148.0262,-19.894],[147.9922,-19.9276],[147.9178,-19.9083],[147.8648,-19.851],[147.8457,-19.7821],[147.8514,-19.7393],[147.8191,-19.7086],[147.7523,-19.7066],[147.7609,-19.7269],[147.7449,-19.769],[147.7689,-19.7919],[147.7646,-19.8371],[147.71,-19.8416],[147.7,-19.8355],[147.7106,-19.8237],[147.6805,-19.8315],[147.6634,-19.8109],[147.602,-19.7993],[147.5362,-19.8162],[147.5371,-19.8335],[147.5082,-19.851],[147.5098,-19.8734],[147.4914,-19.8714],[147.4671,-20.0959],[147.386,-20.0872],[147.3889,-20.0693],[147.3202,-20.0522],[147.2995,-20.0283],[147.3022,-20.0146],[147.2734,-20.0284],[147.2947,-20.069],[147.2744,-20.1243],[147.3092,-20.2217],[147.2996,-20.3183],[147.3172,-20.3656],[147.3477,-20.3968]]],[[[148.8732,-20.6169],[148.8643,-20.6071],[148.8654,-20.6186],[148.8732,-20.6169]]],[[[148.8797,-20.6015],[148.8817,-20.6056],[148.8787,-20.5906],[148.8797,-20.6015]]],[[[148.8626,-20.5831],[148.8661,-20.5817],[148.8588,-20.5804],[148.8626,-20.5831]]],[[[149.123,-20.3576],[149.1269,-20.348],[149.1199,-20.343],[149.123,-20.3576]]],[[[149.1148,-20.2768],[149.1155,-20.2794],[149.1164,-20.273],[149.1148,-20.2768]]],[[[149.1719,-20.2504],[149.178,-20.2504],[149.1736,-20.2411],[149.1719,-20.2504]]],[[[148.8837,-20.0602],[148.8947,-20.0626],[148.8981,-20.0505],[148.881,-20.037],[148.8837,-20.0602]]],[[[148.359,-19.7247],[148.357,-19.7294],[148.3637,-19.7299],[148.359,-19.7247]]],[[[149.1548,-20.2432],[149.1572,-20.2372],[149.153,-20.2361],[149.1548,-20.2432]]],[[[149.1612,-20.2362],[149.1606,-20.2337],[149.16,-20.2356],[149.1612,-20.2362]]],[[[149.1428,-20.2276],[149.1424,-20.2255],[149.1417,-20.2265],[149.1428,-20.2276]]],[[[149.1424,-20.2341],[149.1426,-20.2314],[149.1418,-20.2325],[149.1424,-20.2341]]],[[[149.1235,-20.2725],[149.1234,-20.2649],[149.1192,-20.2716],[149.1235,-20.2725]]],[[[149.1154,-20.1973],[149.1157,-20.196],[149.1146,-20.1964],[149.1154,-20.1973]]],[[[147.8981,-19.8529],[147.905,-19.8485],[147.9003,-19.8492],[147.8981,-19.8529]]],[[[148.8176,-20.5045],[148.8218,-20.5041],[148.8179,-20.5029],[148.8176,-20.5045]]],[[[149.0363,-20.1594],[149.0207,-20.1628],[149.0387,-20.1829],[149.0381,-20.1502],[149.0363,-20.1594]]],[[[149.0061,-20.1753],[149.0106,-20.1719],[149.0052,-20.1737],[149.0061,-20.1753]]],[[[149.0739,-20.1615],[149.0725,-20.1561],[149.0707,-20.1574],[149.0739,-20.1615]]],[[[148.8922,-20.0849],[148.892,-20.082],[148.8915,-20.0842],[148.8922,-20.0849]]],[[[148.5799,-20.1458],[148.5814,-20.1443],[148.5809,-20.1443],[148.5799,-20.1458]]],[[[149.1098,-20.2864],[149.107,-20.2653],[149.1041,-20.2763],[149.1098,-20.2864]]],[[[148.9532,-20.2506],[148.9127,-20.291],[148.929,-20.2862],[148.923,-20.2958],[148.9376,-20.3071],[148.9749,-20.2688],[148.9499,-20.303],[148.9624,-20.3036],[148.9632,-20.3288],[148.9866,-20.3225],[148.9785,-20.3137],[148.9903,-20.3008],[149.0221,-20.3214],[149.0329,-20.3005],[149.0468,-20.3095],[149.0631,-20.2942],[149.0431,-20.2871],[149.0253,-20.2554],[149.015,-20.2697],[149.0259,-20.2349],[149.0045,-20.2555],[149.0108,-20.2329],[148.9916,-20.2504],[148.998,-20.2097],[148.9762,-20.2052],[148.9838,-20.1851],[148.9668,-20.1561],[148.956,-20.158],[148.9603,-20.1873],[148.938,-20.2373],[148.9585,-20.2276],[148.9532,-20.2506]]],[[[148.9485,-20.0835],[148.9682,-20.0702],[148.9593,-20.0598],[148.9264,-20.0817],[148.9227,-20.0621],[148.9068,-20.0713],[148.9116,-20.1004],[148.8843,-20.1227],[148.8876,-20.1692],[148.9156,-20.1234],[148.9022,-20.1661],[148.915,-20.1742],[148.93,-20.1328],[148.9315,-20.1783],[148.9513,-20.1565],[148.9366,-20.1071],[148.9454,-20.0937],[148.9573,-20.1063],[148.9485,-20.0835]]],[[[148.8507,-20.3442],[148.8544,-20.316],[148.8445,-20.3356],[148.8517,-20.3816],[148.8742,-20.3947],[148.8507,-20.3442]]],[[[149.0943,-20.2709],[149.0756,-20.2702],[149.0752,-20.3012],[149.0941,-20.2997],[149.0883,-20.281],[149.1033,-20.2505],[149.0943,-20.2709]]],[[[148.961,-20.3481],[148.947,-20.3322],[148.9529,-20.3768],[148.9613,-20.3567],[148.9767,-20.3648],[148.9822,-20.3482],[148.961,-20.3481]]],[[[148.8467,-20.2706],[148.8494,-20.257],[148.8302,-20.2558],[148.8265,-20.2849],[148.8467,-20.2706]]],[[[148.9364,-20.3635],[148.9278,-20.3373],[148.9281,-20.3695],[148.9404,-20.3808],[148.9364,-20.3635]]],[[[148.9082,-20.2725],[148.9213,-20.2712],[148.9222,-20.2525],[148.9082,-20.2725]]],[[[148.8295,-20.2413],[148.8253,-20.2246],[148.8101,-20.2141],[148.8295,-20.2413]]],[[[148.8935,-20.3814],[148.8828,-20.3689],[148.8961,-20.3851],[148.8935,-20.3814]]],[[[149.067,-20.3047],[149.0747,-20.3055],[149.0683,-20.2997],[149.067,-20.3047]],[[148.9269,-20.3189],[148.9277,-20.3256],[148.9239,-20.3112],[148.9269,-20.3189]]],[[[148.996,-20.353],[148.9907,-20.3496],[148.9891,-20.3566],[148.996,-20.353]]],[[[148.8022,-20.2968],[148.8001,-20.2909],[148.8027,-20.3004],[148.8022,-20.2968]]],[[[148.8129,-20.2558],[148.8146,-20.2608],[148.8159,-20.2518],[148.8129,-20.2558]]],[[[149.096,-20.3074],[149.0973,-20.3042],[149.095,-20.3026],[149.096,-20.3074]]],[[[148.8313,-20.2484],[148.8296,-20.2455],[148.8318,-20.2521],[148.8313,-20.2484]]],[[[149.0396,-20.2342],[149.0448,-20.2311],[149.0399,-20.2311],[149.0396,-20.2342]]],[[[148.7937,-20.2992],[148.7961,-20.3004],[148.7975,-20.2974],[148.7937,-20.2992]]],[[[148.8516,-20.2671],[148.8528,-20.2702],[148.8537,-20.2645],[148.8516,-20.2671]]],[[[148.9972,-20.3579],[148.9963,-20.3598],[148.9996,-20.3545],[148.9972,-20.3579]]],[[[148.8512,-20.2829],[148.8487,-20.2813],[148.8511,-20.2854],[148.8512,-20.2829]]],[[[148.8461,-20.4234],[148.8423,-20.4232],[148.8472,-20.4245],[148.8461,-20.4234]]],[[[148.8429,-20.2799],[148.8446,-20.2801],[148.8449,-20.2784],[148.8429,-20.2799]]],[[[148.7916,-20.2962],[148.79,-20.2942],[148.7901,-20.2969],[148.7916,-20.2962]]],[[[148.9595,-20.331],[148.9619,-20.3311],[148.961,-20.3296],[148.9595,-20.331]]],[[[148.7955,-20.2873],[148.7947,-20.2879],[148.7962,-20.2889],[148.7955,-20.2873]]],[[[148.6953,-20.267],[148.6963,-20.2663],[148.6962,-20.2646],[148.6953,-20.267]]],[[[148.8493,-20.4267],[148.8504,-20.4267],[148.8493,-20.4262],[148.8493,-20.4267]]],[[[148.8101,-20.3029],[148.8102,-20.3019],[148.81,-20.3019],[148.8101,-20.3029]]],[[[148.4785,-20.0018],[148.4452,-19.974],[148.4445,-20.0444],[148.4747,-20.0497],[148.4785,-20.0018]]],[[[148.2777,-20.038],[148.2942,-20.0319],[148.2826,-20.027],[148.2777,-20.038]]],[[[148.6008,-20.1479],[148.6138,-20.1516],[148.6128,-20.1384],[148.6008,-20.1479]]],[[[148.6524,-20.1064],[148.6545,-20.0925],[148.6455,-20.1003],[148.6524,-20.1064]]],[[[148.5457,-20.0595],[148.5418,-20.0565],[148.5358,-20.0654],[148.5457,-20.0595]]],[[[148.5744,-20.1044],[148.5723,-20.0956],[148.5696,-20.1037],[148.5744,-20.1044]]],[[[148.6044,-20.0992],[148.6126,-20.0942],[148.6072,-20.0937],[148.6044,-20.0992]]],[[[148.3614,-19.9851],[148.3697,-19.9843],[148.364,-19.9814],[148.3614,-19.9851]]],[[[148.7162,-20.104],[148.7246,-20.102],[148.7162,-20.0999],[148.7162,-20.104]]],[[[148.3105,-20.1046],[148.3177,-20.1027],[148.3146,-20.1004],[148.3105,-20.1046]]],[[[148.5542,-19.9973],[148.5601,-19.9888],[148.5543,-19.9945],[148.5542,-19.9973]]],[[[148.7091,-20.1108],[148.7099,-20.1049],[148.7079,-20.1071],[148.7091,-20.1108]]],[[[148.6253,-20.0162],[148.6266,-20.0196],[148.6253,-20.0142],[148.6253,-20.0162]]],[[[148.2974,-20.0827],[148.2997,-20.0807],[148.2985,-20.0803],[148.2974,-20.0827]]],[[[148.8731,-20.0805],[148.8741,-20.079],[148.8712,-20.0792],[148.8731,-20.0805]]],[[[148.8731,-20.0606],[148.8745,-20.0596],[148.8736,-20.0585],[148.8731,-20.0606]]],[[[148.44,-20.0628],[148.4418,-20.0633],[148.4403,-20.0618],[148.44,-20.0628]]]]},"properties":{"lga_code_2024":"37340","lga_name_2024":"Whitsunday","state_name_2021":"Queensland"},"id":37340},{"type":"Feature","geometry":{"type":"Polygon","coordinates":[[[141.3097,-21.9397],[141.2845,-21.9888],[141.2943,-22.0619],[141.1986,-22.0552],[141.1829,-22.2496],[141.2535,-22.3214],[141.0797,-22.4656],[141.1989,-22.5976],[141.1456,-22.6334],[141.1339,-22.6213],[141.0908,-22.6182],[141.1028,-22.6901],[141.1173,-22.7027],[141.1223,-22.8045],[140.9991,-22.8984],[140.9861,-22.8943],[140.988,-22.9122],[141.0227,-22.9233],[141.0464,-22.9477],[140.9246,-23.0444],[140.947,-23.0678],[140.8222,-23.1615],[141.0314,-23.3838],[141.1551,-23.2908],[141.377,-23.5276],[141.3926,-23.53],[141.531,-23.6894],[141.6794,-23.7055],[141.6804,-23.6909],[141.9879,-23.7063],[141.9892,-23.6924],[142.145,-23.7008],[142.1596,-23.5707],[142.3973,-23.586],[142.3954,-23.6138],[142.457,-23.6172],[142.4548,-23.6662],[142.8779,-23.7021],[142.8867,-23.6486],[142.8087,-23.6371],[142.8283,-23.5096],[142.8472,-23.5087],[142.8495,-23.4938],[142.8355,-23.4926],[142.8515,-23.3473],[142.9063,-23.3515],[142.8992,-23.3384],[142.9227,-23.3096],[142.9463,-23.3344],[143.0696,-23.239],[142.9795,-23.1368],[143.0064,-22.9894],[143.1082,-22.9975],[143.2435,-22.8901],[143.2536,-22.7993],[143.2988,-22.7548],[143.2995,-22.7235],[143.3974,-22.7286],[143.4001,-22.6703],[143.4797,-22.6718],[143.6317,-22.5576],[143.5832,-22.505],[143.5854,-22.483],[143.6982,-22.4169],[143.8332,-22.3148],[143.844,-22.203],[144.1663,-22.2236],[144.1596,-22.2971],[144.3036,-22.3066],[144.3195,-22.3458],[144.3574,-22.3485],[144.5005,-22.1857],[144.5018,-22.1651],[144.3978,-22.1571],[144.4172,-22.0617],[144.2685,-22.0479],[144.2634,-21.9974],[144.1803,-21.9896],[144.1885,-21.9084],[144.0388,-21.8947],[144.0446,-21.8303],[143.6308,-21.7974],[143.6493,-21.6412],[143.3288,-21.6119],[143.3595,-21.322],[143.2366,-21.3112],[143.188,-21.3087],[142.9533,-21.4938],[142.9424,-21.4817],[142.8621,-21.5451],[142.8154,-21.4931],[142.694,-21.5879],[142.7185,-21.6149],[142.6514,-21.6675],[142.6565,-21.6104],[142.4956,-21.598],[142.4912,-21.6442],[142.3326,-21.6363],[142.3352,-21.6071],[142.2282,-21.5963],[142.2318,-21.5509],[142.072,-21.5408],[142.0487,-21.816],[141.7405,-21.7917],[141.7383,-21.807],[141.58,-21.7932],[141.5832,-21.756],[141.5078,-21.7505],[141.4833,-21.9472],[141.3097,-21.9397]]]},"properties":{"lga_code_2024":"37400","lga_name_2024":"Winton","state_name_2021":"Queensland"},"id":37400},{"type":"Feature","geometry":{"type":"MultiPolygon","coordinates":[[[[149.4951,-23.9879],[149.3994,-24.1242],[149.4041,-24.1443],[149.3513,-24.1998],[149.3726,-24.2404],[149.4686,-24.2134],[149.5024,-24.1614],[149.5106,-23.9998],[149.4951,-23.9879]]],[[[149.32,-24.619],[149.3246,-24.6339],[149.3818,-24.6403],[149.4093,-24.6073],[149.3714,-24.5915],[149.3764,-24.6124],[149.3218,-24.6043],[149.32,-24.619]]],[[[149.7599,-23.6758],[149.7754,-23.652],[149.7636,-23.6368],[149.7155,-23.6313],[149.7182,-23.6694],[149.7599,-23.6758]]],[[[149.497,-23.56],[149.527,-23.5635],[149.532,-23.5273],[149.5026,-23.5232],[149.497,-23.56]]],[[[149.7567,-23.4796],[149.727,-23.427],[149.6329,-23.4633],[149.615,-23.4557],[149.6118,-23.4656],[149.617,-23.5083],[149.6539,-23.5049],[149.6666,-23.535],[149.7253,-23.5288],[149.7225,-23.4968],[149.7567,-23.4796]]]]},"properties":{"lga_code_2024":"37550","lga_name_2024":"Woorabinda","state_name_2021":"Queensland"},"id":37550}]}